<?xml version='1.0' encoding='UTF-8' standalone='no'?>
<doxygen xmlns:xsi="http://www.w3.org/2001/XMLSchema-instance" xsi:noNamespaceSchemaLocation="compound.xsd" version="1.9.2" xml:lang="en-US">
  <compounddef id="dc/dc5/class_sekander_1_1_input_manager" kind="class" language="C++" prot="public">
    <compoundname>Sekander::InputManager</compoundname>
    <includes refid="dc/d9f/_input_manager_8hpp" local="no">InputManager.hpp</includes>
      <sectiondef kind="private-attrib">
      <memberdef kind="variable" id="dc/dc5/class_sekander_1_1_input_manager_1aea65e79014e4b92dbce7fefae50b0022" prot="private" static="no" mutable="no">
        <type>sf::Keyboard</type>
        <definition>sf::Keyboard Sekander::InputManager::_key</definition>
        <argsstring></argsstring>
        <name>_key</name>
        <briefdescription>
        </briefdescription>
        <detaileddescription>
        </detaileddescription>
        <inbodydescription>
        </inbodydescription>
        <location file="InputManager.hpp" line="19" column="14" bodyfile="InputManager.hpp" bodystart="19" bodyend="-1"/>
      </memberdef>
      </sectiondef>
      <sectiondef kind="public-func">
      <memberdef kind="function" id="dc/dc5/class_sekander_1_1_input_manager_1ab171e3428df1026155f91bbb49fe5a4a" prot="public" static="no" const="no" explicit="no" inline="yes" virt="non-virtual">
        <type></type>
        <definition>Sekander::InputManager::InputManager</definition>
        <argsstring>()</argsstring>
        <name>InputManager</name>
        <briefdescription>
        </briefdescription>
        <detaileddescription>
        </detaileddescription>
        <inbodydescription>
        </inbodydescription>
        <location file="InputManager.hpp" line="10" column="1" bodyfile="InputManager.hpp" bodystart="10" bodyend="10"/>
      </memberdef>
      <memberdef kind="function" id="dc/dc5/class_sekander_1_1_input_manager_1ade61718adb0fa9db1a428e3ce6332542" prot="public" static="no" const="no" explicit="no" inline="yes" virt="non-virtual">
        <type></type>
        <definition>Sekander::InputManager::~InputManager</definition>
        <argsstring>()</argsstring>
        <name>~InputManager</name>
        <briefdescription>
        </briefdescription>
        <detaileddescription>
        </detaileddescription>
        <inbodydescription>
        </inbodydescription>
        <location file="InputManager.hpp" line="11" column="1" bodyfile="InputManager.hpp" bodystart="11" bodyend="11"/>
      </memberdef>
      <memberdef kind="function" id="dc/dc5/class_sekander_1_1_input_manager_1a45b7707b3c38d463a9624624a903a35a" prot="public" static="no" const="no" explicit="no" inline="no" virt="non-virtual">
        <type>bool</type>
        <definition>bool Sekander::InputManager::IsSpriteClicked</definition>
        <argsstring>(sf::Sprite object, sf::Mouse::Button button, sf::RenderWindow &amp;window)</argsstring>
        <name>IsSpriteClicked</name>
        <param>
          <type>sf::Sprite</type>
          <declname>object</declname>
        </param>
        <param>
          <type>sf::Mouse::Button</type>
          <declname>button</declname>
        </param>
        <param>
          <type>sf::RenderWindow &amp;</type>
          <declname>window</declname>
        </param>
        <briefdescription>
        </briefdescription>
        <detaileddescription>
        </detaileddescription>
        <inbodydescription>
        </inbodydescription>
        <location file="InputManager.hpp" line="13" column="6" bodyfile="InputManager.cpp" bodystart="5" bodyend="18"/>
      </memberdef>
      <memberdef kind="function" id="dc/dc5/class_sekander_1_1_input_manager_1a66707c739a6e5abc424aba01e6188eef" prot="public" static="no" const="no" explicit="no" inline="no" virt="non-virtual">
        <type>bool</type>
        <definition>bool Sekander::InputManager::IsKeyPressed</definition>
        <argsstring>(sf::Keyboard key)</argsstring>
        <name>IsKeyPressed</name>
        <param>
          <type>sf::Keyboard</type>
          <declname>key</declname>
        </param>
        <briefdescription>
        </briefdescription>
        <detaileddescription>
        </detaileddescription>
        <inbodydescription>
        </inbodydescription>
        <location file="InputManager.hpp" line="14" column="6" bodyfile="InputManager.cpp" bodystart="20" bodyend="32"/>
      </memberdef>
      <memberdef kind="function" id="dc/dc5/class_sekander_1_1_input_manager_1a6e246fd32b5006e4e5097bbf9dcaea4c" prot="public" static="no" const="no" explicit="no" inline="no" virt="non-virtual">
        <type>sf::Vector2i</type>
        <definition>sf::Vector2i Sekander::InputManager::GetMousePosition</definition>
        <argsstring>(sf::RenderWindow &amp;window)</argsstring>
        <name>GetMousePosition</name>
        <param>
          <type>sf::RenderWindow &amp;</type>
          <declname>window</declname>
        </param>
        <briefdescription>
        </briefdescription>
        <detaileddescription>
        </detaileddescription>
        <inbodydescription>
        </inbodydescription>
        <location file="InputManager.hpp" line="16" column="14" bodyfile="InputManager.cpp" bodystart="34" bodyend="37"/>
      </memberdef>
      </sectiondef>
    <briefdescription>
    </briefdescription>
    <detaileddescription>
    </detaileddescription>
    <collaborationgraph>
      <node id="1">
        <label>Sekander::InputManager</label>
        <link refid="dc/dc5/class_sekander_1_1_input_manager"/>
      </node>
    </collaborationgraph>
    <location file="InputManager.hpp" line="7" column="1" bodyfile="InputManager.hpp" bodystart="8" bodyend="20"/>
    <listofallmembers>
      <member refid="dc/dc5/class_sekander_1_1_input_manager_1aea65e79014e4b92dbce7fefae50b0022" prot="private" virt="non-virtual"><scope>Sekander::InputManager</scope><name>_key</name></member>
      <member refid="dc/dc5/class_sekander_1_1_input_manager_1a6e246fd32b5006e4e5097bbf9dcaea4c" prot="public" virt="non-virtual"><scope>Sekander::InputManager</scope><name>GetMousePosition</name></member>
      <member refid="dc/dc5/class_sekander_1_1_input_manager_1ab171e3428df1026155f91bbb49fe5a4a" prot="public" virt="non-virtual"><scope>Sekander::InputManager</scope><name>InputManager</name></member>
      <member refid="dc/dc5/class_sekander_1_1_input_manager_1a66707c739a6e5abc424aba01e6188eef" prot="public" virt="non-virtual"><scope>Sekander::InputManager</scope><name>IsKeyPressed</name></member>
      <member refid="dc/dc5/class_sekander_1_1_input_manager_1a45b7707b3c38d463a9624624a903a35a" prot="public" virt="non-virtual"><scope>Sekander::InputManager</scope><name>IsSpriteClicked</name></member>
      <member refid="dc/dc5/class_sekander_1_1_input_manager_1ade61718adb0fa9db1a428e3ce6332542" prot="public" virt="non-virtual"><scope>Sekander::InputManager</scope><name>~InputManager</name></member>
    </listofallmembers>
  </compounddef>
</doxygen>
