<?xml version='1.0' encoding='UTF-8' standalone='no'?>
<doxygen xmlns:xsi="http://www.w3.org/2001/XMLSchema-instance" xsi:noNamespaceSchemaLocation="compound.xsd" version="1.9.2" xml:lang="en-US">
  <compounddef id="d8/d6a/namespace_sekander" kind="namespace" language="C++">
    <compoundname>Sekander</compoundname>
    <innerclass refid="d2/d5e/class_sekander_1_1_asset_manager" prot="public">Sekander::AssetManager</innerclass>
    <innerclass refid="d3/d69/struct_sekander_1_1b0x__2d___s_h_a_p_e_s" prot="public">Sekander::b0x_2d_SHAPES</innerclass>
    <innerclass refid="da/d68/class_sekander_1_1_bullet" prot="public">Sekander::Bullet</innerclass>
    <innerclass refid="d1/d6b/class_sekander_1_1_button" prot="public">Sekander::Button</innerclass>
    <innerclass refid="d4/d7c/class_sekander_1_1_enemy" prot="public">Sekander::Enemy</innerclass>
    <innerclass refid="d1/da9/class_sekander_1_1_entity" prot="public">Sekander::Entity</innerclass>
    <innerclass refid="d9/dee/class_sekander_1_1_entity_manager" prot="public">Sekander::EntityManager</innerclass>
    <innerclass refid="d1/d46/class_sekander_1_1_game" prot="public">Sekander::Game</innerclass>
    <innerclass refid="d3/d90/struct_sekander_1_1_game_data" prot="public">Sekander::GameData</innerclass>
    <innerclass refid="dd/d6a/class_sekander_1_1_game_over_state" prot="public">Sekander::GameOverState</innerclass>
    <innerclass refid="d3/db6/class_sekander_1_1_game_state" prot="public">Sekander::GameState</innerclass>
    <innerclass refid="d4/d74/class_sekander_1_1_game_world" prot="public">Sekander::GameWorld</innerclass>
    <innerclass refid="d1/d17/class_sekander_1_1_gun" prot="public">Sekander::Gun</innerclass>
    <innerclass refid="d1/d6b/class_sekander_1_1_h_u_d" prot="public">Sekander::HUD</innerclass>
    <innerclass refid="dc/dc5/class_sekander_1_1_input_manager" prot="public">Sekander::InputManager</innerclass>
    <innerclass refid="db/d78/class_sekander_1_1_loading_game_objects" prot="public">Sekander::LoadingGameObjects</innerclass>
    <innerclass refid="d1/da1/class_sekander_1_1_main___player" prot="public">Sekander::Main_Player</innerclass>
    <innerclass refid="dd/d9d/class_sekander_1_1_main_menu_state" prot="public">Sekander::MainMenuState</innerclass>
    <innerclass refid="db/da4/class_sekander_1_1_splash_state" prot="public">Sekander::SplashState</innerclass>
    <innerclass refid="dc/df0/class_sekander_1_1_state" prot="public">Sekander::State</innerclass>
    <innerclass refid="d4/d51/class_sekander_1_1_state_machine" prot="public">Sekander::StateMachine</innerclass>
      <sectiondef kind="enum">
      <memberdef kind="enum" id="d8/d6a/namespace_sekander_1aed8eb219f4685b29738464e9f32c5d94" prot="public" static="no" strong="no">
        <type></type>
        <name>shape_options</name>
        <enumvalue id="d8/d6a/namespace_sekander_1aed8eb219f4685b29738464e9f32c5d94ae1827bea553b36ce0bbc7cddd6c57621" prot="public">
          <name>Square</name>
          <initializer>= 1</initializer>
          <briefdescription>
          </briefdescription>
          <detaileddescription>
          </detaileddescription>
        </enumvalue>
        <enumvalue id="d8/d6a/namespace_sekander_1aed8eb219f4685b29738464e9f32c5d94acafcba9574f3415e8e9f6f194a6cb869" prot="public">
          <name>Circle</name>
          <initializer>= 2</initializer>
          <briefdescription>
          </briefdescription>
          <detaileddescription>
          </detaileddescription>
        </enumvalue>
        <briefdescription>
        </briefdescription>
        <detaileddescription>
        </detaileddescription>
        <inbodydescription>
        </inbodydescription>
        <location file="entity_manager.h" line="13" column="1" bodyfile="entity_manager.h" bodystart="13" bodyend="16"/>
      </memberdef>
      </sectiondef>
      <sectiondef kind="typedef">
      <memberdef kind="typedef" id="d8/d6a/namespace_sekander_1a1d69b002ba2d23020901c28f0def5e16" prot="public" static="no">
        <type>std::shared_ptr&lt; <ref refid="d3/d90/struct_sekander_1_1_game_data" kindref="compound">GameData</ref> &gt;</type>
        <definition>typedef std::shared_ptr&lt;GameData&gt; Sekander::GameDataRef</definition>
        <argsstring></argsstring>
        <name>GameDataRef</name>
        <briefdescription>
        </briefdescription>
        <detaileddescription>
        </detaileddescription>
        <inbodydescription>
        </inbodydescription>
        <location file="Game.hpp" line="24" column="25" bodyfile="Game.hpp" bodystart="24" bodyend="-1"/>
      </memberdef>
      <memberdef kind="typedef" id="d8/d6a/namespace_sekander_1a8503cedf9c863e9f6986eb29f2296f1a" prot="public" static="no">
        <type>std::unique_ptr&lt; <ref refid="dc/df0/class_sekander_1_1_state" kindref="compound">State</ref> &gt;</type>
        <definition>typedef std::unique_ptr&lt;State&gt; Sekander::StateRef</definition>
        <argsstring></argsstring>
        <name>StateRef</name>
        <briefdescription>
        </briefdescription>
        <detaileddescription>
        </detaileddescription>
        <inbodydescription>
        </inbodydescription>
        <location file="StateMachine.hpp" line="13" column="25" bodyfile="StateMachine.hpp" bodystart="13" bodyend="-1"/>
      </memberdef>
      </sectiondef>
      <sectiondef kind="func">
      <memberdef kind="function" id="d8/d6a/namespace_sekander_1a9abc849b0e833c5c6f3a8b33bdd3f763" prot="public" static="no" const="no" explicit="no" inline="no" virt="non-virtual">
        <type>void</type>
        <definition>void Sekander::callbackFunc</definition>
        <argsstring>()</argsstring>
        <name>callbackFunc</name>
        <briefdescription>
        </briefdescription>
        <detaileddescription>
        </detaileddescription>
        <inbodydescription>
        </inbodydescription>
        <location file="MainMenuState.cpp" line="34" column="6" bodyfile="MainMenuState.cpp" bodystart="34" bodyend="38"/>
      </memberdef>
      </sectiondef>
    <briefdescription>
    </briefdescription>
    <detaileddescription>
    </detaileddescription>
    <location file="AssetManager.cpp" line="4" column="1"/>
  </compounddef>
</doxygen>
