<?xml version='1.0' encoding='UTF-8' standalone='no'?>
<doxygen xmlns:xsi="http://www.w3.org/2001/XMLSchema-instance" xsi:noNamespaceSchemaLocation="compound.xsd" version="1.9.2" xml:lang="en-US">
  <compounddef id="d1/da9/class_sekander_1_1_entity" kind="class" language="C++" prot="public">
    <compoundname>Sekander::Entity</compoundname>
    <basecompoundref prot="public" virt="non-virtual">sf::Sprite</basecompoundref>
    <includes refid="d8/d83/entity_8h" local="no">entity.h</includes>
      <sectiondef kind="public-attrib">
      <memberdef kind="variable" id="d1/da9/class_sekander_1_1_entity_1a7c88f6c5a89eca36cb1204c4eaf0868e" prot="public" static="no" mutable="no">
        <type>sf::Vector2f</type>
        <definition>sf::Vector2f Sekander::Entity::velocity</definition>
        <argsstring></argsstring>
        <name>velocity</name>
        <briefdescription>
        </briefdescription>
        <detaileddescription>
        </detaileddescription>
        <inbodydescription>
        </inbodydescription>
        <location file="entity.h" line="29" column="14" bodyfile="entity.h" bodystart="29" bodyend="-1"/>
      </memberdef>
      <memberdef kind="variable" id="d1/da9/class_sekander_1_1_entity_1a61bec1a7b77dd9b5e08c0908566450d4" prot="public" static="no" mutable="no">
        <type>b2Body *</type>
        <definition>b2Body* Sekander::Entity::body</definition>
        <argsstring></argsstring>
        <name>body</name>
        <briefdescription>
        </briefdescription>
        <detaileddescription>
        </detaileddescription>
        <inbodydescription>
        </inbodydescription>
        <location file="entity.h" line="87" column="8" bodyfile="entity.h" bodystart="87" bodyend="-1"/>
        <referencedby refid="d1/da9/class_sekander_1_1_entity_1a0f2ae50422b408ef0de2cdcb31f120b4" compoundref="d9/ddd/entity_8cpp" startline="14" endline="47">CreateEdeg</referencedby>
        <referencedby refid="d1/da9/class_sekander_1_1_entity_1a80ce51e0d09a5ac63eb3c385c47f5d73" compoundref="d9/ddd/entity_8cpp" startline="49" endline="129">Load</referencedby>
        <referencedby refid="d1/d17/class_sekander_1_1_gun_1a3410d2e3352ec9cb6deb21deda8ff160" compoundref="d7/d7e/_gun_8cpp" startline="328" endline="390">Sekander::Gun::Shoot_Entities</referencedby>
        <referencedby refid="d1/da9/class_sekander_1_1_entity_1a37320c3ef99e534f80f0306ebdf084ed" compoundref="d9/ddd/entity_8cpp" startline="134" endline="148">Update</referencedby>
        <referencedby refid="d1/da9/class_sekander_1_1_entity_1a2246c81f180544956e614c786b7a2427" compoundref="d9/ddd/entity_8cpp" startline="166" endline="195">~Entity</referencedby>
      </memberdef>
      </sectiondef>
      <sectiondef kind="protected-attrib">
      <memberdef kind="variable" id="d1/da9/class_sekander_1_1_entity_1a6bd181c05edd3e27fa18efdd5dab2895" prot="protected" static="no" mutable="no">
        <type>int</type>
        <definition>int Sekander::Entity::active</definition>
        <argsstring></argsstring>
        <name>active</name>
        <briefdescription>
        </briefdescription>
        <detaileddescription>
        </detaileddescription>
        <inbodydescription>
        </inbodydescription>
        <location file="entity.h" line="91" column="5" bodyfile="entity.h" bodystart="91" bodyend="-1"/>
        <referencedby refid="d1/da9/class_sekander_1_1_entity_1af8b43d3ca6c6740d3e356d98656fa370" compoundref="d8/d83/entity_8h" startline="54" endline="54">Active</referencedby>
        <referencedby refid="d1/da9/class_sekander_1_1_entity_1a85095c868a53dffcb7d1f9c080448c7f" compoundref="d9/ddd/entity_8cpp" startline="156" endline="159">Destroy</referencedby>
        <referencedby refid="d1/da9/class_sekander_1_1_entity_1a084a9bfb47b0efd2c5098e5f97b51c79" compoundref="d9/ddd/entity_8cpp" startline="161" endline="164">Enable</referencedby>
        <referencedby refid="d1/da9/class_sekander_1_1_entity_1a2457570ea4a0a1009937a153f8f071f8" compoundref="d9/ddd/entity_8cpp" startline="6" endline="12">Entity</referencedby>
      </memberdef>
      <memberdef kind="variable" id="d1/da9/class_sekander_1_1_entity_1a877b3b7b7b81c7e11cb174d1a4fc3b85" prot="protected" static="no" mutable="no">
        <type>int</type>
        <definition>int Sekander::Entity::groupId</definition>
        <argsstring></argsstring>
        <name>groupId</name>
        <briefdescription>
        </briefdescription>
        <detaileddescription>
        </detaileddescription>
        <inbodydescription>
        </inbodydescription>
        <location file="entity.h" line="92" column="5" bodyfile="entity.h" bodystart="92" bodyend="-1"/>
        <referencedby refid="d1/da9/class_sekander_1_1_entity_1a2457570ea4a0a1009937a153f8f071f8" compoundref="d9/ddd/entity_8cpp" startline="6" endline="12">Entity</referencedby>
        <referencedby refid="d1/da9/class_sekander_1_1_entity_1aaca12636d13d15fe2c84d48c64c43dc4" compoundref="d8/d83/entity_8h" startline="53" endline="53">GroupID</referencedby>
      </memberdef>
      <memberdef kind="variable" id="d1/da9/class_sekander_1_1_entity_1a6c88c4e735203734409fdd7b1eddca39" prot="protected" static="no" mutable="no">
        <type>b2World *</type>
        <definition>b2World* Sekander::Entity::world</definition>
        <argsstring></argsstring>
        <name>world</name>
        <briefdescription>
        </briefdescription>
        <detaileddescription>
        </detaileddescription>
        <inbodydescription>
        </inbodydescription>
        <location file="entity.h" line="93" column="9" bodyfile="entity.h" bodystart="93" bodyend="-1"/>
        <referencedby refid="d1/da9/class_sekander_1_1_entity_1a0f2ae50422b408ef0de2cdcb31f120b4" compoundref="d9/ddd/entity_8cpp" startline="14" endline="47">CreateEdeg</referencedby>
        <referencedby refid="d1/da9/class_sekander_1_1_entity_1a2457570ea4a0a1009937a153f8f071f8" compoundref="d9/ddd/entity_8cpp" startline="6" endline="12">Entity</referencedby>
        <referencedby refid="d1/da9/class_sekander_1_1_entity_1a80ce51e0d09a5ac63eb3c385c47f5d73" compoundref="d9/ddd/entity_8cpp" startline="49" endline="129">Load</referencedby>
        <referencedby refid="d1/da9/class_sekander_1_1_entity_1a2246c81f180544956e614c786b7a2427" compoundref="d9/ddd/entity_8cpp" startline="166" endline="195">~Entity</referencedby>
      </memberdef>
      <memberdef kind="variable" id="d1/da9/class_sekander_1_1_entity_1af8218d721852341a99eb08ee8ead53ff" prot="protected" static="no" mutable="no">
        <type>b2BodyDef *</type>
        <definition>b2BodyDef* Sekander::Entity::bodyDef</definition>
        <argsstring></argsstring>
        <name>bodyDef</name>
        <briefdescription>
        </briefdescription>
        <detaileddescription>
        </detaileddescription>
        <inbodydescription>
        </inbodydescription>
        <location file="entity.h" line="94" column="11" bodyfile="entity.h" bodystart="94" bodyend="-1"/>
        <referencedby refid="d1/da9/class_sekander_1_1_entity_1a0f2ae50422b408ef0de2cdcb31f120b4" compoundref="d9/ddd/entity_8cpp" startline="14" endline="47">CreateEdeg</referencedby>
        <referencedby refid="d1/da9/class_sekander_1_1_entity_1a55dcbd586dfa0b339d5116ff14d58cbd" compoundref="d8/d83/entity_8h" startline="56" endline="77">DeleteShape</referencedby>
        <referencedby refid="d1/da9/class_sekander_1_1_entity_1a80ce51e0d09a5ac63eb3c385c47f5d73" compoundref="d9/ddd/entity_8cpp" startline="49" endline="129">Load</referencedby>
        <referencedby refid="d1/da9/class_sekander_1_1_entity_1a2246c81f180544956e614c786b7a2427" compoundref="d9/ddd/entity_8cpp" startline="166" endline="195">~Entity</referencedby>
      </memberdef>
      <memberdef kind="variable" id="d1/da9/class_sekander_1_1_entity_1a51d32e27f0af3c9f1d68cc27117310ad" prot="protected" static="no" mutable="no">
        <type>b2PolygonShape *</type>
        <definition>b2PolygonShape* Sekander::Entity::shape</definition>
        <argsstring></argsstring>
        <name>shape</name>
        <briefdescription>
        </briefdescription>
        <detaileddescription>
        </detaileddescription>
        <inbodydescription>
        </inbodydescription>
        <location file="entity.h" line="95" column="16" bodyfile="entity.h" bodystart="95" bodyend="-1"/>
        <referencedby refid="d1/da9/class_sekander_1_1_entity_1a55dcbd586dfa0b339d5116ff14d58cbd" compoundref="d8/d83/entity_8h" startline="56" endline="77">DeleteShape</referencedby>
        <referencedby refid="d1/da9/class_sekander_1_1_entity_1a80ce51e0d09a5ac63eb3c385c47f5d73" compoundref="d9/ddd/entity_8cpp" startline="49" endline="129">Load</referencedby>
        <referencedby refid="d1/da9/class_sekander_1_1_entity_1a2246c81f180544956e614c786b7a2427" compoundref="d9/ddd/entity_8cpp" startline="166" endline="195">~Entity</referencedby>
      </memberdef>
      <memberdef kind="variable" id="d1/da9/class_sekander_1_1_entity_1a85af7309806860be286eb7b7fa89856e" prot="protected" static="no" mutable="no">
        <type>b2EdgeShape *</type>
        <definition>b2EdgeShape* Sekander::Entity::edge</definition>
        <argsstring></argsstring>
        <name>edge</name>
        <briefdescription>
        </briefdescription>
        <detaileddescription>
        </detaileddescription>
        <inbodydescription>
        </inbodydescription>
        <location file="entity.h" line="96" column="13" bodyfile="entity.h" bodystart="96" bodyend="-1"/>
        <referencedby refid="d1/da9/class_sekander_1_1_entity_1a0f2ae50422b408ef0de2cdcb31f120b4" compoundref="d9/ddd/entity_8cpp" startline="14" endline="47">CreateEdeg</referencedby>
      </memberdef>
      <memberdef kind="variable" id="d1/da9/class_sekander_1_1_entity_1ab1117f25502fe84887cae07b40272bbf" prot="protected" static="no" mutable="no">
        <type>b2CircleShape *</type>
        <definition>b2CircleShape* Sekander::Entity::circle</definition>
        <argsstring></argsstring>
        <name>circle</name>
        <briefdescription>
        </briefdescription>
        <detaileddescription>
        </detaileddescription>
        <inbodydescription>
        </inbodydescription>
        <location file="entity.h" line="97" column="15" bodyfile="entity.h" bodystart="97" bodyend="-1"/>
      </memberdef>
      <memberdef kind="variable" id="d1/da9/class_sekander_1_1_entity_1a1320e01ecadb8733a7a6204c8383bd4c" prot="protected" static="no" mutable="no">
        <type>b2FixtureDef *</type>
        <definition>b2FixtureDef* Sekander::Entity::fixtureDef</definition>
        <argsstring></argsstring>
        <name>fixtureDef</name>
        <briefdescription>
        </briefdescription>
        <detaileddescription>
        </detaileddescription>
        <inbodydescription>
        </inbodydescription>
        <location file="entity.h" line="98" column="14" bodyfile="entity.h" bodystart="98" bodyend="-1"/>
        <referencedby refid="d1/da9/class_sekander_1_1_entity_1a0f2ae50422b408ef0de2cdcb31f120b4" compoundref="d9/ddd/entity_8cpp" startline="14" endline="47">CreateEdeg</referencedby>
        <referencedby refid="d1/da9/class_sekander_1_1_entity_1a55dcbd586dfa0b339d5116ff14d58cbd" compoundref="d8/d83/entity_8h" startline="56" endline="77">DeleteShape</referencedby>
        <referencedby refid="d1/da9/class_sekander_1_1_entity_1a80ce51e0d09a5ac63eb3c385c47f5d73" compoundref="d9/ddd/entity_8cpp" startline="49" endline="129">Load</referencedby>
        <referencedby refid="d1/da9/class_sekander_1_1_entity_1a2246c81f180544956e614c786b7a2427" compoundref="d9/ddd/entity_8cpp" startline="166" endline="195">~Entity</referencedby>
      </memberdef>
      </sectiondef>
      <sectiondef kind="private-attrib">
      <memberdef kind="variable" id="d1/da9/class_sekander_1_1_entity_1afb04e74d48d113702c32c991accda0cc" prot="private" static="no" mutable="no">
        <type>sf::Texture *</type>
        <definition>sf::Texture* Sekander::Entity::texture</definition>
        <argsstring></argsstring>
        <name>texture</name>
        <briefdescription>
        </briefdescription>
        <detaileddescription>
        </detaileddescription>
        <inbodydescription>
        </inbodydescription>
        <location file="entity.h" line="103" column="13" bodyfile="entity.h" bodystart="103" bodyend="-1"/>
      </memberdef>
      </sectiondef>
      <sectiondef kind="public-func">
      <memberdef kind="function" id="d1/da9/class_sekander_1_1_entity_1a2457570ea4a0a1009937a153f8f071f8" prot="public" static="no" const="no" explicit="no" inline="no" virt="non-virtual">
        <type></type>
        <definition>Sekander::Entity::Entity</definition>
        <argsstring>(b2World *world)</argsstring>
        <name>Entity</name>
        <param>
          <type>b2World *</type>
          <declname>world</declname>
        </param>
        <briefdescription>
        </briefdescription>
        <detaileddescription>
        </detaileddescription>
        <inbodydescription>
        </inbodydescription>
        <location file="entity.h" line="32" column="1" bodyfile="entity.cpp" bodystart="6" bodyend="12"/>
        <references refid="d1/da9/class_sekander_1_1_entity_1a6bd181c05edd3e27fa18efdd5dab2895" compoundref="d8/d83/entity_8h" startline="91">active</references>
        <references refid="d1/da9/class_sekander_1_1_entity_1a877b3b7b7b81c7e11cb174d1a4fc3b85" compoundref="d8/d83/entity_8h" startline="92">groupId</references>
        <references refid="d1/da9/class_sekander_1_1_entity_1a6c88c4e735203734409fdd7b1eddca39" compoundref="d8/d83/entity_8h" startline="93">world</references>
      </memberdef>
      <memberdef kind="function" id="d1/da9/class_sekander_1_1_entity_1a80ce51e0d09a5ac63eb3c385c47f5d73" prot="public" static="no" const="no" explicit="no" inline="no" virt="non-virtual">
        <type>void</type>
        <definition>void Sekander::Entity::Load</definition>
        <argsstring>(std::string filename, bool dynamic, unsigned const short int x_frame, unsigned const short int y_frame)</argsstring>
        <name>Load</name>
        <param>
          <type>std::string</type>
          <declname>filename</declname>
        </param>
        <param>
          <type>bool</type>
          <declname>dynamic</declname>
        </param>
        <param>
          <type>unsigned const short int</type>
          <declname>x_frame</declname>
        </param>
        <param>
          <type>unsigned const short int</type>
          <declname>y_frame</declname>
        </param>
        <briefdescription>
        </briefdescription>
        <detaileddescription>
        </detaileddescription>
        <inbodydescription>
        </inbodydescription>
        <location file="entity.h" line="35" column="6" bodyfile="entity.cpp" bodystart="49" bodyend="129"/>
        <references refid="d1/da9/class_sekander_1_1_entity_1a61bec1a7b77dd9b5e08c0908566450d4" compoundref="d8/d83/entity_8h" startline="87">body</references>
        <references refid="d1/da9/class_sekander_1_1_entity_1af8218d721852341a99eb08ee8ead53ff" compoundref="d8/d83/entity_8h" startline="94">bodyDef</references>
        <references refid="d1/da9/class_sekander_1_1_entity_1a1320e01ecadb8733a7a6204c8383bd4c" compoundref="d8/d83/entity_8h" startline="98">fixtureDef</references>
        <references refid="d1/da9/class_sekander_1_1_entity_1a51d32e27f0af3c9f1d68cc27117310ad" compoundref="d8/d83/entity_8h" startline="95">shape</references>
        <references refid="d1/da9/class_sekander_1_1_entity_1a6c88c4e735203734409fdd7b1eddca39" compoundref="d8/d83/entity_8h" startline="93">world</references>
        <referencedby refid="d9/dee/class_sekander_1_1_entity_manager_1afaae67bb65ba3dac38417caf4e2c2f2b" compoundref="db/dcd/entity__manager_8cpp" startline="30" endline="58">Sekander::EntityManager::Add</referencedby>
      </memberdef>
      <memberdef kind="function" id="d1/da9/class_sekander_1_1_entity_1a3381ab7a718fbb980415910f47970468" prot="public" static="no" const="no" explicit="no" inline="no" virt="non-virtual">
        <type>void</type>
        <definition>void Sekander::Entity::Load</definition>
        <argsstring>(std::string filename, bool dynamic, struct b0x_2d_SHAPES *shape, unsigned const short int x_frame, unsigned const short int y_frame)</argsstring>
        <name>Load</name>
        <param>
          <type>std::string</type>
          <declname>filename</declname>
        </param>
        <param>
          <type>bool</type>
          <declname>dynamic</declname>
        </param>
        <param>
          <type>struct <ref refid="d3/d69/struct_sekander_1_1b0x__2d___s_h_a_p_e_s" kindref="compound">b0x_2d_SHAPES</ref> *</type>
          <declname>shape</declname>
        </param>
        <param>
          <type>unsigned const short int</type>
          <declname>x_frame</declname>
        </param>
        <param>
          <type>unsigned const short int</type>
          <declname>y_frame</declname>
        </param>
        <briefdescription>
        </briefdescription>
        <detaileddescription>
        </detaileddescription>
        <inbodydescription>
        </inbodydescription>
        <location file="entity.h" line="39" column="6"/>
      </memberdef>
      <memberdef kind="function" id="d1/da9/class_sekander_1_1_entity_1a0f2ae50422b408ef0de2cdcb31f120b4" prot="public" static="no" const="no" explicit="no" inline="no" virt="non-virtual">
        <type>void</type>
        <definition>void Sekander::Entity::CreateEdeg</definition>
        <argsstring>(float, float, float, float)</argsstring>
        <name>CreateEdeg</name>
        <param>
          <type>float</type>
          <defname>x_point_origin</defname>
        </param>
        <param>
          <type>float</type>
          <defname>y_point_origin</defname>
        </param>
        <param>
          <type>float</type>
          <defname>x_point_dest</defname>
        </param>
        <param>
          <type>float</type>
          <defname>y_point_dest</defname>
        </param>
        <briefdescription>
        </briefdescription>
        <detaileddescription>
        </detaileddescription>
        <inbodydescription>
        </inbodydescription>
        <location file="entity.h" line="43" column="6" bodyfile="entity.cpp" bodystart="14" bodyend="47"/>
        <references refid="d1/da9/class_sekander_1_1_entity_1a61bec1a7b77dd9b5e08c0908566450d4" compoundref="d8/d83/entity_8h" startline="87">body</references>
        <references refid="d1/da9/class_sekander_1_1_entity_1af8218d721852341a99eb08ee8ead53ff" compoundref="d8/d83/entity_8h" startline="94">bodyDef</references>
        <references refid="d1/da9/class_sekander_1_1_entity_1a85af7309806860be286eb7b7fa89856e" compoundref="d8/d83/entity_8h" startline="96">edge</references>
        <references refid="d1/da9/class_sekander_1_1_entity_1a1320e01ecadb8733a7a6204c8383bd4c" compoundref="d8/d83/entity_8h" startline="98">fixtureDef</references>
        <references refid="d1/da9/class_sekander_1_1_entity_1a6c88c4e735203734409fdd7b1eddca39" compoundref="d8/d83/entity_8h" startline="93">world</references>
        <referencedby refid="d9/dee/class_sekander_1_1_entity_manager_1a0debb38e1fb1e88d3d4e5af522e80b90" compoundref="db/dcd/entity__manager_8cpp" startline="14" endline="28">Sekander::EntityManager::newEdge</referencedby>
      </memberdef>
      <memberdef kind="function" id="d1/da9/class_sekander_1_1_entity_1a194f6b6f8a256a3bc0ee73f3eadeb0d0" prot="public" static="no" const="no" explicit="no" inline="no" virt="non-virtual">
        <type>void</type>
        <definition>void Sekander::Entity::CreateEdeg</definition>
        <argsstring>()</argsstring>
        <name>CreateEdeg</name>
        <briefdescription>
        </briefdescription>
        <detaileddescription>
        </detaileddescription>
        <inbodydescription>
        </inbodydescription>
        <location file="entity.h" line="44" column="6"/>
      </memberdef>
      <memberdef kind="function" id="d1/da9/class_sekander_1_1_entity_1a37320c3ef99e534f80f0306ebdf084ed" prot="public" static="no" const="no" explicit="no" inline="no" virt="non-virtual">
        <type>bool</type>
        <definition>bool Sekander::Entity::Update</definition>
        <argsstring>(sf::RenderWindow &amp;window)</argsstring>
        <name>Update</name>
        <param>
          <type>sf::RenderWindow &amp;</type>
          <declname>window</declname>
        </param>
        <briefdescription>
        </briefdescription>
        <detaileddescription>
        </detaileddescription>
        <inbodydescription>
        </inbodydescription>
        <location file="entity.h" line="48" column="6" bodyfile="entity.cpp" bodystart="134" bodyend="148"/>
        <references refid="d1/da9/class_sekander_1_1_entity_1a61bec1a7b77dd9b5e08c0908566450d4" compoundref="d8/d83/entity_8h" startline="87">body</references>
      </memberdef>
      <memberdef kind="function" id="d1/da9/class_sekander_1_1_entity_1a202c7a8db6bcd754ebdd907d4383a6fb" prot="public" static="no" const="no" explicit="no" inline="no" virt="non-virtual">
        <type>bool</type>
        <definition>bool Sekander::Entity::CheckCollision</definition>
        <argsstring>(Entity *entity)</argsstring>
        <name>CheckCollision</name>
        <param>
          <type><ref refid="d1/da9/class_sekander_1_1_entity" kindref="compound">Entity</ref> *</type>
          <declname>entity</declname>
        </param>
        <briefdescription>
        </briefdescription>
        <detaileddescription>
        </detaileddescription>
        <inbodydescription>
        </inbodydescription>
        <location file="entity.h" line="50" column="6" bodyfile="entity.cpp" bodystart="150" bodyend="153"/>
      </memberdef>
      <memberdef kind="function" id="d1/da9/class_sekander_1_1_entity_1aaca12636d13d15fe2c84d48c64c43dc4" prot="public" static="no" const="no" explicit="no" inline="yes" virt="non-virtual">
        <type>int</type>
        <definition>int Sekander::Entity::GroupID</definition>
        <argsstring>()</argsstring>
        <name>GroupID</name>
        <briefdescription>
        </briefdescription>
        <detaileddescription>
        </detaileddescription>
        <inbodydescription>
        </inbodydescription>
        <location file="entity.h" line="53" column="5" bodyfile="entity.h" bodystart="53" bodyend="53"/>
        <references refid="d1/da9/class_sekander_1_1_entity_1a877b3b7b7b81c7e11cb174d1a4fc3b85" compoundref="d8/d83/entity_8h" startline="92">groupId</references>
      </memberdef>
      <memberdef kind="function" id="d1/da9/class_sekander_1_1_entity_1af8b43d3ca6c6740d3e356d98656fa370" prot="public" static="no" const="no" explicit="no" inline="yes" virt="non-virtual">
        <type>int</type>
        <definition>int Sekander::Entity::Active</definition>
        <argsstring>()</argsstring>
        <name>Active</name>
        <briefdescription>
        </briefdescription>
        <detaileddescription>
        </detaileddescription>
        <inbodydescription>
        </inbodydescription>
        <location file="entity.h" line="54" column="5" bodyfile="entity.h" bodystart="54" bodyend="54"/>
        <references refid="d1/da9/class_sekander_1_1_entity_1a6bd181c05edd3e27fa18efdd5dab2895" compoundref="d8/d83/entity_8h" startline="91">active</references>
      </memberdef>
      <memberdef kind="function" id="d1/da9/class_sekander_1_1_entity_1a55dcbd586dfa0b339d5116ff14d58cbd" prot="public" static="no" const="no" explicit="no" inline="yes" virt="non-virtual">
        <type>void</type>
        <definition>void Sekander::Entity::DeleteShape</definition>
        <argsstring>()</argsstring>
        <name>DeleteShape</name>
        <briefdescription>
        </briefdescription>
        <detaileddescription>
        </detaileddescription>
        <inbodydescription>
        </inbodydescription>
        <location file="entity.h" line="56" column="6" bodyfile="entity.h" bodystart="56" bodyend="77"/>
        <references refid="d1/da9/class_sekander_1_1_entity_1af8218d721852341a99eb08ee8ead53ff" compoundref="d8/d83/entity_8h" startline="94">bodyDef</references>
        <references refid="d1/da9/class_sekander_1_1_entity_1a1320e01ecadb8733a7a6204c8383bd4c" compoundref="d8/d83/entity_8h" startline="98">fixtureDef</references>
        <references refid="d1/da9/class_sekander_1_1_entity_1a51d32e27f0af3c9f1d68cc27117310ad" compoundref="d8/d83/entity_8h" startline="95">shape</references>
      </memberdef>
      <memberdef kind="function" id="d1/da9/class_sekander_1_1_entity_1a85095c868a53dffcb7d1f9c080448c7f" prot="public" static="no" const="no" explicit="no" inline="no" virt="non-virtual">
        <type>void</type>
        <definition>void Sekander::Entity::Destroy</definition>
        <argsstring>()</argsstring>
        <name>Destroy</name>
        <briefdescription>
        </briefdescription>
        <detaileddescription>
        </detaileddescription>
        <inbodydescription>
        </inbodydescription>
        <location file="entity.h" line="85" column="6" bodyfile="entity.cpp" bodystart="156" bodyend="159"/>
        <references refid="d1/da9/class_sekander_1_1_entity_1a6bd181c05edd3e27fa18efdd5dab2895" compoundref="d8/d83/entity_8h" startline="91">active</references>
      </memberdef>
      <memberdef kind="function" id="d1/da9/class_sekander_1_1_entity_1a084a9bfb47b0efd2c5098e5f97b51c79" prot="public" static="no" const="no" explicit="no" inline="no" virt="non-virtual">
        <type>void</type>
        <definition>void Sekander::Entity::Enable</definition>
        <argsstring>()</argsstring>
        <name>Enable</name>
        <briefdescription>
        </briefdescription>
        <detaileddescription>
        </detaileddescription>
        <inbodydescription>
        </inbodydescription>
        <location file="entity.h" line="86" column="6" bodyfile="entity.cpp" bodystart="161" bodyend="164"/>
        <references refid="d1/da9/class_sekander_1_1_entity_1a6bd181c05edd3e27fa18efdd5dab2895" compoundref="d8/d83/entity_8h" startline="91">active</references>
      </memberdef>
      <memberdef kind="function" id="d1/da9/class_sekander_1_1_entity_1a2246c81f180544956e614c786b7a2427" prot="public" static="no" const="no" explicit="no" inline="no" virt="non-virtual">
        <type></type>
        <definition>Sekander::Entity::~Entity</definition>
        <argsstring>()</argsstring>
        <name>~Entity</name>
        <briefdescription>
        </briefdescription>
        <detaileddescription>
        </detaileddescription>
        <inbodydescription>
        </inbodydescription>
        <location file="entity.h" line="89" column="1" bodyfile="entity.cpp" bodystart="166" bodyend="195"/>
        <references refid="d1/da9/class_sekander_1_1_entity_1a61bec1a7b77dd9b5e08c0908566450d4" compoundref="d8/d83/entity_8h" startline="87">body</references>
        <references refid="d1/da9/class_sekander_1_1_entity_1af8218d721852341a99eb08ee8ead53ff" compoundref="d8/d83/entity_8h" startline="94">bodyDef</references>
        <references refid="d1/da9/class_sekander_1_1_entity_1a1320e01ecadb8733a7a6204c8383bd4c" compoundref="d8/d83/entity_8h" startline="98">fixtureDef</references>
        <references refid="d1/da9/class_sekander_1_1_entity_1a51d32e27f0af3c9f1d68cc27117310ad" compoundref="d8/d83/entity_8h" startline="95">shape</references>
        <references refid="d1/da9/class_sekander_1_1_entity_1a6c88c4e735203734409fdd7b1eddca39" compoundref="d8/d83/entity_8h" startline="93">world</references>
      </memberdef>
      </sectiondef>
    <briefdescription>
    </briefdescription>
    <detaileddescription>
    </detaileddescription>
    <inheritancegraph>
      <node id="1">
        <label>Sekander::Entity</label>
        <link refid="d1/da9/class_sekander_1_1_entity"/>
        <childnode refid="2" relation="public-inheritance">
        </childnode>
      </node>
      <node id="2">
        <label>sf::Sprite</label>
      </node>
    </inheritancegraph>
    <collaborationgraph>
      <node id="1">
        <label>Sekander::Entity</label>
        <link refid="d1/da9/class_sekander_1_1_entity"/>
        <childnode refid="2" relation="public-inheritance">
        </childnode>
      </node>
      <node id="2">
        <label>sf::Sprite</label>
      </node>
    </collaborationgraph>
    <location file="entity.h" line="23" column="1" bodyfile="entity.h" bodystart="24" bodyend="106"/>
    <listofallmembers>
      <member refid="d1/da9/class_sekander_1_1_entity_1a6bd181c05edd3e27fa18efdd5dab2895" prot="protected" virt="non-virtual"><scope>Sekander::Entity</scope><name>active</name></member>
      <member refid="d1/da9/class_sekander_1_1_entity_1af8b43d3ca6c6740d3e356d98656fa370" prot="public" virt="non-virtual"><scope>Sekander::Entity</scope><name>Active</name></member>
      <member refid="d1/da9/class_sekander_1_1_entity_1a61bec1a7b77dd9b5e08c0908566450d4" prot="public" virt="non-virtual"><scope>Sekander::Entity</scope><name>body</name></member>
      <member refid="d1/da9/class_sekander_1_1_entity_1af8218d721852341a99eb08ee8ead53ff" prot="protected" virt="non-virtual"><scope>Sekander::Entity</scope><name>bodyDef</name></member>
      <member refid="d1/da9/class_sekander_1_1_entity_1a202c7a8db6bcd754ebdd907d4383a6fb" prot="public" virt="non-virtual"><scope>Sekander::Entity</scope><name>CheckCollision</name></member>
      <member refid="d1/da9/class_sekander_1_1_entity_1ab1117f25502fe84887cae07b40272bbf" prot="protected" virt="non-virtual"><scope>Sekander::Entity</scope><name>circle</name></member>
      <member refid="d1/da9/class_sekander_1_1_entity_1a0f2ae50422b408ef0de2cdcb31f120b4" prot="public" virt="non-virtual"><scope>Sekander::Entity</scope><name>CreateEdeg</name></member>
      <member refid="d1/da9/class_sekander_1_1_entity_1a194f6b6f8a256a3bc0ee73f3eadeb0d0" prot="public" virt="non-virtual"><scope>Sekander::Entity</scope><name>CreateEdeg</name></member>
      <member refid="d1/da9/class_sekander_1_1_entity_1a55dcbd586dfa0b339d5116ff14d58cbd" prot="public" virt="non-virtual"><scope>Sekander::Entity</scope><name>DeleteShape</name></member>
      <member refid="d1/da9/class_sekander_1_1_entity_1a85095c868a53dffcb7d1f9c080448c7f" prot="public" virt="non-virtual"><scope>Sekander::Entity</scope><name>Destroy</name></member>
      <member refid="d1/da9/class_sekander_1_1_entity_1a85af7309806860be286eb7b7fa89856e" prot="protected" virt="non-virtual"><scope>Sekander::Entity</scope><name>edge</name></member>
      <member refid="d1/da9/class_sekander_1_1_entity_1a084a9bfb47b0efd2c5098e5f97b51c79" prot="public" virt="non-virtual"><scope>Sekander::Entity</scope><name>Enable</name></member>
      <member refid="d1/da9/class_sekander_1_1_entity_1a2457570ea4a0a1009937a153f8f071f8" prot="public" virt="non-virtual"><scope>Sekander::Entity</scope><name>Entity</name></member>
      <member refid="d1/da9/class_sekander_1_1_entity_1a1320e01ecadb8733a7a6204c8383bd4c" prot="protected" virt="non-virtual"><scope>Sekander::Entity</scope><name>fixtureDef</name></member>
      <member refid="d1/da9/class_sekander_1_1_entity_1aaca12636d13d15fe2c84d48c64c43dc4" prot="public" virt="non-virtual"><scope>Sekander::Entity</scope><name>GroupID</name></member>
      <member refid="d1/da9/class_sekander_1_1_entity_1a877b3b7b7b81c7e11cb174d1a4fc3b85" prot="protected" virt="non-virtual"><scope>Sekander::Entity</scope><name>groupId</name></member>
      <member refid="d1/da9/class_sekander_1_1_entity_1a80ce51e0d09a5ac63eb3c385c47f5d73" prot="public" virt="non-virtual"><scope>Sekander::Entity</scope><name>Load</name></member>
      <member refid="d1/da9/class_sekander_1_1_entity_1a3381ab7a718fbb980415910f47970468" prot="public" virt="non-virtual"><scope>Sekander::Entity</scope><name>Load</name></member>
      <member refid="d1/da9/class_sekander_1_1_entity_1a51d32e27f0af3c9f1d68cc27117310ad" prot="protected" virt="non-virtual"><scope>Sekander::Entity</scope><name>shape</name></member>
      <member refid="d1/da9/class_sekander_1_1_entity_1afb04e74d48d113702c32c991accda0cc" prot="private" virt="non-virtual"><scope>Sekander::Entity</scope><name>texture</name></member>
      <member refid="d1/da9/class_sekander_1_1_entity_1a37320c3ef99e534f80f0306ebdf084ed" prot="public" virt="non-virtual"><scope>Sekander::Entity</scope><name>Update</name></member>
      <member refid="d1/da9/class_sekander_1_1_entity_1a7c88f6c5a89eca36cb1204c4eaf0868e" prot="public" virt="non-virtual"><scope>Sekander::Entity</scope><name>velocity</name></member>
      <member refid="d1/da9/class_sekander_1_1_entity_1a6c88c4e735203734409fdd7b1eddca39" prot="protected" virt="non-virtual"><scope>Sekander::Entity</scope><name>world</name></member>
      <member refid="d1/da9/class_sekander_1_1_entity_1a2246c81f180544956e614c786b7a2427" prot="public" virt="non-virtual"><scope>Sekander::Entity</scope><name>~Entity</name></member>
    </listofallmembers>
  </compounddef>
</doxygen>
