<?xml version='1.0' encoding='UTF-8' standalone='no'?>
<doxygen xmlns:xsi="http://www.w3.org/2001/XMLSchema-instance" xsi:noNamespaceSchemaLocation="compound.xsd" version="1.9.2" xml:lang="en-US">
  <compounddef id="d2/d5e/class_sekander_1_1_asset_manager" kind="class" language="C++" prot="public">
    <compoundname>Sekander::AssetManager</compoundname>
    <includes refid="d2/d03/_asset_manager_8hpp" local="no">AssetManager.hpp</includes>
      <sectiondef kind="private-attrib">
      <memberdef kind="variable" id="d2/d5e/class_sekander_1_1_asset_manager_1a8c48606112891dce7f97438ecb5d78cb" prot="private" static="no" mutable="no">
        <type>std::map&lt; std::string, sf::Texture &gt;</type>
        <definition>std::map&lt;std::string, sf::Texture&gt; Sekander::AssetManager::_textures</definition>
        <argsstring></argsstring>
        <name>_textures</name>
        <briefdescription>
        </briefdescription>
        <detaileddescription>
        </detaileddescription>
        <inbodydescription>
        </inbodydescription>
        <location file="AssetManager.hpp" line="23" column="10" bodyfile="AssetManager.hpp" bodystart="23" bodyend="-1"/>
      </memberdef>
      <memberdef kind="variable" id="d2/d5e/class_sekander_1_1_asset_manager_1ab9f59df9ccf2272cde52a93690cad9b7" prot="private" static="no" mutable="no">
        <type>std::map&lt; std::string, sf::Font &gt;</type>
        <definition>std::map&lt;std::string, sf::Font&gt; Sekander::AssetManager::_fonts</definition>
        <argsstring></argsstring>
        <name>_fonts</name>
        <briefdescription>
        </briefdescription>
        <detaileddescription>
        </detaileddescription>
        <inbodydescription>
        </inbodydescription>
        <location file="AssetManager.hpp" line="24" column="10" bodyfile="AssetManager.hpp" bodystart="24" bodyend="-1"/>
      </memberdef>
      </sectiondef>
      <sectiondef kind="public-func">
      <memberdef kind="function" id="d2/d5e/class_sekander_1_1_asset_manager_1a5d122bc31351cdf6a844d97351243b1b" prot="public" static="no" const="no" explicit="no" inline="yes" virt="non-virtual">
        <type></type>
        <definition>Sekander::AssetManager::AssetManager</definition>
        <argsstring>()</argsstring>
        <name>AssetManager</name>
        <briefdescription>
        </briefdescription>
        <detaileddescription>
        </detaileddescription>
        <inbodydescription>
        </inbodydescription>
        <location file="AssetManager.hpp" line="11" column="1" bodyfile="AssetManager.hpp" bodystart="11" bodyend="11"/>
      </memberdef>
      <memberdef kind="function" id="d2/d5e/class_sekander_1_1_asset_manager_1a471be342805da815a3de41b72ed6a763" prot="public" static="no" const="no" explicit="no" inline="yes" virt="non-virtual">
        <type></type>
        <definition>Sekander::AssetManager::~AssetManager</definition>
        <argsstring>()</argsstring>
        <name>~AssetManager</name>
        <briefdescription>
        </briefdescription>
        <detaileddescription>
        </detaileddescription>
        <inbodydescription>
        </inbodydescription>
        <location file="AssetManager.hpp" line="12" column="1" bodyfile="AssetManager.hpp" bodystart="12" bodyend="12"/>
      </memberdef>
      <memberdef kind="function" id="d2/d5e/class_sekander_1_1_asset_manager_1a49871c9808fc5e2988059c92fb181c67" prot="public" static="no" const="no" explicit="no" inline="no" virt="non-virtual">
        <type>void</type>
        <definition>void Sekander::AssetManager::LoadTexture</definition>
        <argsstring>(std::string name, std::string fileName)</argsstring>
        <name>LoadTexture</name>
        <param>
          <type>std::string</type>
          <declname>name</declname>
        </param>
        <param>
          <type>std::string</type>
          <declname>fileName</declname>
        </param>
        <briefdescription>
        </briefdescription>
        <detaileddescription>
        </detaileddescription>
        <inbodydescription>
        </inbodydescription>
        <location file="AssetManager.hpp" line="14" column="6" bodyfile="AssetManager.cpp" bodystart="6" bodyend="14"/>
      </memberdef>
      <memberdef kind="function" id="d2/d5e/class_sekander_1_1_asset_manager_1a276ceaa15497655f3ecf24d1b74b5122" prot="public" static="no" const="no" explicit="no" inline="no" virt="non-virtual">
        <type>sf::Texture &amp;</type>
        <definition>sf::Texture &amp; Sekander::AssetManager::GetTexture</definition>
        <argsstring>(std::string name)</argsstring>
        <name>GetTexture</name>
        <param>
          <type>std::string</type>
          <declname>name</declname>
        </param>
        <briefdescription>
        </briefdescription>
        <detaileddescription>
        </detaileddescription>
        <inbodydescription>
        </inbodydescription>
        <location file="AssetManager.hpp" line="15" column="13" bodyfile="AssetManager.cpp" bodystart="16" bodyend="19"/>
      </memberdef>
      <memberdef kind="function" id="d2/d5e/class_sekander_1_1_asset_manager_1adec8c37238ad13c8756c13ed845150e3" prot="public" static="no" const="no" explicit="no" inline="no" virt="non-virtual">
        <type>void</type>
        <definition>void Sekander::AssetManager::LoadFont</definition>
        <argsstring>(std::string name, std::string fileName)</argsstring>
        <name>LoadFont</name>
        <param>
          <type>std::string</type>
          <declname>name</declname>
        </param>
        <param>
          <type>std::string</type>
          <declname>fileName</declname>
        </param>
        <briefdescription>
        </briefdescription>
        <detaileddescription>
        </detaileddescription>
        <inbodydescription>
        </inbodydescription>
        <location file="AssetManager.hpp" line="17" column="6" bodyfile="AssetManager.cpp" bodystart="21" bodyend="29"/>
      </memberdef>
      <memberdef kind="function" id="d2/d5e/class_sekander_1_1_asset_manager_1a745b3164696e8a92fb479119d11ac034" prot="public" static="no" const="no" explicit="no" inline="no" virt="non-virtual">
        <type>sf::Font &amp;</type>
        <definition>sf::Font &amp; Sekander::AssetManager::GetFont</definition>
        <argsstring>(std::string name)</argsstring>
        <name>GetFont</name>
        <param>
          <type>std::string</type>
          <declname>name</declname>
        </param>
        <briefdescription>
        </briefdescription>
        <detaileddescription>
        </detaileddescription>
        <inbodydescription>
        </inbodydescription>
        <location file="AssetManager.hpp" line="18" column="10" bodyfile="AssetManager.cpp" bodystart="31" bodyend="34"/>
      </memberdef>
      </sectiondef>
    <briefdescription>
    </briefdescription>
    <detaileddescription>
    </detaileddescription>
    <collaborationgraph>
      <node id="1">
        <label>Sekander::AssetManager</label>
        <link refid="d2/d5e/class_sekander_1_1_asset_manager"/>
      </node>
    </collaborationgraph>
    <location file="AssetManager.hpp" line="8" column="1" bodyfile="AssetManager.hpp" bodystart="9" bodyend="25"/>
    <listofallmembers>
      <member refid="d2/d5e/class_sekander_1_1_asset_manager_1ab9f59df9ccf2272cde52a93690cad9b7" prot="private" virt="non-virtual"><scope>Sekander::AssetManager</scope><name>_fonts</name></member>
      <member refid="d2/d5e/class_sekander_1_1_asset_manager_1a8c48606112891dce7f97438ecb5d78cb" prot="private" virt="non-virtual"><scope>Sekander::AssetManager</scope><name>_textures</name></member>
      <member refid="d2/d5e/class_sekander_1_1_asset_manager_1a5d122bc31351cdf6a844d97351243b1b" prot="public" virt="non-virtual"><scope>Sekander::AssetManager</scope><name>AssetManager</name></member>
      <member refid="d2/d5e/class_sekander_1_1_asset_manager_1a745b3164696e8a92fb479119d11ac034" prot="public" virt="non-virtual"><scope>Sekander::AssetManager</scope><name>GetFont</name></member>
      <member refid="d2/d5e/class_sekander_1_1_asset_manager_1a276ceaa15497655f3ecf24d1b74b5122" prot="public" virt="non-virtual"><scope>Sekander::AssetManager</scope><name>GetTexture</name></member>
      <member refid="d2/d5e/class_sekander_1_1_asset_manager_1adec8c37238ad13c8756c13ed845150e3" prot="public" virt="non-virtual"><scope>Sekander::AssetManager</scope><name>LoadFont</name></member>
      <member refid="d2/d5e/class_sekander_1_1_asset_manager_1a49871c9808fc5e2988059c92fb181c67" prot="public" virt="non-virtual"><scope>Sekander::AssetManager</scope><name>LoadTexture</name></member>
      <member refid="d2/d5e/class_sekander_1_1_asset_manager_1a471be342805da815a3de41b72ed6a763" prot="public" virt="non-virtual"><scope>Sekander::AssetManager</scope><name>~AssetManager</name></member>
    </listofallmembers>
  </compounddef>
</doxygen>
