<?xml version='1.0' encoding='UTF-8' standalone='no'?>
<doxygen xmlns:xsi="http://www.w3.org/2001/XMLSchema-instance" xsi:noNamespaceSchemaLocation="compound.xsd" version="1.9.2" xml:lang="en-US">
  <compounddef id="d3/d69/struct_sekander_1_1b0x__2d___s_h_a_p_e_s" kind="struct" language="C++" prot="public">
    <compoundname>Sekander::b0x_2d_SHAPES</compoundname>
    <includes refid="d8/d83/entity_8h" local="no">entity.h</includes>
      <sectiondef kind="public-attrib">
      <memberdef kind="variable" id="d3/d69/struct_sekander_1_1b0x__2d___s_h_a_p_e_s_1a568e7f02c413a6a3148c7d82ae153a90" prot="public" static="no" mutable="no">
        <type>b2CircleShape</type>
        <definition>b2CircleShape Sekander::b0x_2d_SHAPES::circle</definition>
        <argsstring></argsstring>
        <name>circle</name>
        <briefdescription>
        </briefdescription>
        <detaileddescription>
        </detaileddescription>
        <inbodydescription>
        </inbodydescription>
        <location file="entity.h" line="17" column="15" bodyfile="entity.h" bodystart="17" bodyend="-1"/>
      </memberdef>
      </sectiondef>
    <briefdescription>
    </briefdescription>
    <detaileddescription>
    </detaileddescription>
    <collaborationgraph>
      <node id="1">
        <label>Sekander::b0x_2d_SHAPES</label>
        <link refid="d3/d69/struct_sekander_1_1b0x__2d___s_h_a_p_e_s"/>
      </node>
    </collaborationgraph>
    <location file="entity.h" line="14" column="1" bodyfile="entity.h" bodystart="15" bodyend="19"/>
    <listofallmembers>
      <member refid="d3/d69/struct_sekander_1_1b0x__2d___s_h_a_p_e_s_1a568e7f02c413a6a3148c7d82ae153a90" prot="public" virt="non-virtual"><scope>Sekander::b0x_2d_SHAPES</scope><name>circle</name></member>
    </listofallmembers>
  </compounddef>
</doxygen>
