<?xml version='1.0' encoding='UTF-8' standalone='no'?>
<doxygen xmlns:xsi="http://www.w3.org/2001/XMLSchema-instance" xsi:noNamespaceSchemaLocation="compound.xsd" version="1.9.2" xml:lang="en-US">
  <compounddef id="db/d40/class_map_layer" kind="class" language="C++" prot="public" final="yes">
    <compoundname>MapLayer</compoundname>
    <basecompoundref prot="public" virt="non-virtual">sf::Drawable</basecompoundref>
    <includes refid="d7/dd8/_s_f_m_l_orthogonal_layer_8hpp" local="no">SFMLOrthogonalLayer.hpp</includes>
    <innerclass refid="de/d80/struct_map_layer_1_1_animation_state" prot="private">MapLayer::AnimationState</innerclass>
    <innerclass refid="d4/d55/class_map_layer_1_1_chunk" prot="private">MapLayer::Chunk</innerclass>
      <sectiondef kind="private-type">
      <memberdef kind="typedef" id="db/d40/class_map_layer_1a64011087426e436e3cb8374570378d68" prot="private" static="no">
        <type>std::map&lt; std::string, std::unique_ptr&lt; sf::Texture &gt; &gt;</type>
        <definition>using MapLayer::TextureResource =  std::map&lt;std::string, std::unique_ptr&lt;sf::Texture&gt; &gt;</definition>
        <argsstring></argsstring>
        <name>TextureResource</name>
        <briefdescription>
        </briefdescription>
        <detaileddescription>
        </detaileddescription>
        <inbodydescription>
        </inbodydescription>
        <location file="SFMLOrthogonalLayer.hpp" line="161" column="5" bodyfile="SFMLOrthogonalLayer.hpp" bodystart="161" bodyend="-1"/>
      </memberdef>
      </sectiondef>
      <sectiondef kind="private-attrib">
      <memberdef kind="variable" id="db/d40/class_map_layer_1af8d36b6ff112417b9d4f73a52e8859ae" prot="private" static="no" mutable="no">
        <type>sf::Vector2f</type>
        <definition>sf::Vector2f MapLayer::m_chunkSize</definition>
        <argsstring></argsstring>
        <name>m_chunkSize</name>
        <initializer>= sf::Vector2f(512.f, 512.f)</initializer>
        <briefdescription>
        </briefdescription>
        <detaileddescription>
        </detaileddescription>
        <inbodydescription>
        </inbodydescription>
        <location file="SFMLOrthogonalLayer.hpp" line="156" column="18" bodyfile="SFMLOrthogonalLayer.hpp" bodystart="156" bodyend="-1"/>
      </memberdef>
      <memberdef kind="variable" id="db/d40/class_map_layer_1ae816f79d9d81eb7e9e207c00bbf41218" prot="private" static="no" mutable="no">
        <type>sf::Vector2u</type>
        <definition>sf::Vector2u MapLayer::m_chunkCount</definition>
        <argsstring></argsstring>
        <name>m_chunkCount</name>
        <briefdescription>
        </briefdescription>
        <detaileddescription>
        </detaileddescription>
        <inbodydescription>
        </inbodydescription>
        <location file="SFMLOrthogonalLayer.hpp" line="157" column="18" bodyfile="SFMLOrthogonalLayer.hpp" bodystart="157" bodyend="-1"/>
      </memberdef>
      <memberdef kind="variable" id="db/d40/class_map_layer_1a9863689eb080d27e7a99dea7c20aee41" prot="private" static="no" mutable="no">
        <type>sf::Vector2u</type>
        <definition>sf::Vector2u MapLayer::m_MapTileSize</definition>
        <argsstring></argsstring>
        <name>m_MapTileSize</name>
        <briefdescription>
        </briefdescription>
        <detaileddescription>
        </detaileddescription>
        <inbodydescription>
        </inbodydescription>
        <location file="SFMLOrthogonalLayer.hpp" line="158" column="18" bodyfile="SFMLOrthogonalLayer.hpp" bodystart="158" bodyend="-1"/>
      </memberdef>
      <memberdef kind="variable" id="db/d40/class_map_layer_1a1e1ca5c4bedf393c1c85e2ced3bbf50a" prot="private" static="no" mutable="no">
        <type>sf::FloatRect</type>
        <definition>sf::FloatRect MapLayer::m_globalBounds</definition>
        <argsstring></argsstring>
        <name>m_globalBounds</name>
        <briefdescription>
        </briefdescription>
        <detaileddescription>
        </detaileddescription>
        <inbodydescription>
        </inbodydescription>
        <location file="SFMLOrthogonalLayer.hpp" line="159" column="19" bodyfile="SFMLOrthogonalLayer.hpp" bodystart="159" bodyend="-1"/>
      </memberdef>
      <memberdef kind="variable" id="db/d40/class_map_layer_1ad7cade67df5e55b3c6a960476e6d2cb9" prot="private" static="no" mutable="no">
        <type>TextureResource</type>
        <definition>TextureResource MapLayer::m_textureResource</definition>
        <argsstring></argsstring>
        <name>m_textureResource</name>
        <briefdescription>
        </briefdescription>
        <detaileddescription>
        </detaileddescription>
        <inbodydescription>
        </inbodydescription>
        <location file="SFMLOrthogonalLayer.hpp" line="162" column="21" bodyfile="SFMLOrthogonalLayer.hpp" bodystart="162" bodyend="-1"/>
      </memberdef>
      <memberdef kind="variable" id="db/d40/class_map_layer_1a07e8acdbdfc63584a2b9276ca499ad70" prot="private" static="no" mutable="no">
        <type>std::vector&lt; Chunk::Ptr &gt;</type>
        <definition>std::vector&lt;Chunk::Ptr&gt; MapLayer::m_chunks</definition>
        <argsstring></argsstring>
        <name>m_chunks</name>
        <briefdescription>
        </briefdescription>
        <detaileddescription>
        </detaileddescription>
        <inbodydescription>
        </inbodydescription>
        <location file="SFMLOrthogonalLayer.hpp" line="496" column="17" bodyfile="SFMLOrthogonalLayer.hpp" bodystart="496" bodyend="-1"/>
      </memberdef>
      <memberdef kind="variable" id="db/d40/class_map_layer_1a74941b5479affea58ea8a3068770d430" prot="private" static="no" mutable="yes">
        <type>std::vector&lt; Chunk * &gt;</type>
        <definition>std::vector&lt;Chunk*&gt; MapLayer::m_visibleChunks</definition>
        <argsstring></argsstring>
        <name>m_visibleChunks</name>
        <briefdescription>
        </briefdescription>
        <detaileddescription>
        </detaileddescription>
        <inbodydescription>
        </inbodydescription>
        <location file="SFMLOrthogonalLayer.hpp" line="497" column="25" bodyfile="SFMLOrthogonalLayer.hpp" bodystart="497" bodyend="-1"/>
      </memberdef>
      </sectiondef>
      <sectiondef kind="public-func">
      <memberdef kind="function" id="db/d40/class_map_layer_1ac1b9f1e3ba6d800abf508fa11490187b" prot="public" static="no" const="no" explicit="no" inline="yes" virt="non-virtual">
        <type></type>
        <definition>MapLayer::MapLayer</definition>
        <argsstring>(const tmx::Map &amp;map, std::size_t idx)</argsstring>
        <name>MapLayer</name>
        <param>
          <type>const tmx::Map &amp;</type>
          <declname>map</declname>
        </param>
        <param>
          <type>std::size_t</type>
          <declname>idx</declname>
        </param>
        <briefdescription>
        </briefdescription>
        <detaileddescription>
        </detaileddescription>
        <inbodydescription>
        </inbodydescription>
        <location file="SFMLOrthogonalLayer.hpp" line="64" column="5" bodyfile="SFMLOrthogonalLayer.hpp" bodystart="64" bodyend="87"/>
      </memberdef>
      <memberdef kind="function" id="db/d40/class_map_layer_1a79858f9ee05242aa47ac680940e5ea74" prot="public" static="no" const="no" explicit="no" inline="no" virt="non-virtual">
        <type></type>
        <definition>MapLayer::~MapLayer</definition>
        <argsstring>()=default</argsstring>
        <name>~MapLayer</name>
        <briefdescription>
        </briefdescription>
        <detaileddescription>
        </detaileddescription>
        <inbodydescription>
        </inbodydescription>
        <location file="SFMLOrthogonalLayer.hpp" line="89" column="5"/>
      </memberdef>
      <memberdef kind="function" id="db/d40/class_map_layer_1af323ddae8da169a64be1e0c216034397" prot="public" static="no" const="no" explicit="no" inline="no" virt="non-virtual">
        <type></type>
        <definition>MapLayer::MapLayer</definition>
        <argsstring>(const MapLayer &amp;)=delete</argsstring>
        <name>MapLayer</name>
        <param>
          <type>const <ref refid="db/d40/class_map_layer" kindref="compound">MapLayer</ref> &amp;</type>
        </param>
        <briefdescription>
        </briefdescription>
        <detaileddescription>
        </detaileddescription>
        <inbodydescription>
        </inbodydescription>
        <location file="SFMLOrthogonalLayer.hpp" line="90" column="5"/>
      </memberdef>
      <memberdef kind="function" id="db/d40/class_map_layer_1af9ffb2975916c0954ecf834642cb04b0" prot="public" static="no" const="no" explicit="no" inline="no" virt="non-virtual">
        <type><ref refid="db/d40/class_map_layer" kindref="compound">MapLayer</ref> &amp;</type>
        <definition>MapLayer &amp; MapLayer::operator=</definition>
        <argsstring>(const MapLayer &amp;)=delete</argsstring>
        <name>operator=</name>
        <param>
          <type>const <ref refid="db/d40/class_map_layer" kindref="compound">MapLayer</ref> &amp;</type>
        </param>
        <briefdescription>
        </briefdescription>
        <detaileddescription>
        </detaileddescription>
        <inbodydescription>
        </inbodydescription>
        <location file="SFMLOrthogonalLayer.hpp" line="91" column="14"/>
      </memberdef>
      <memberdef kind="function" id="db/d40/class_map_layer_1ab0df69c31bcaa781305ffbabd5de2c93" prot="public" static="no" const="yes" explicit="no" inline="yes" virt="non-virtual">
        <type>const sf::FloatRect &amp;</type>
        <definition>const sf::FloatRect &amp; MapLayer::getGlobalBounds</definition>
        <argsstring>() const</argsstring>
        <name>getGlobalBounds</name>
        <briefdescription>
        </briefdescription>
        <detaileddescription>
        </detaileddescription>
        <inbodydescription>
        </inbodydescription>
        <location file="SFMLOrthogonalLayer.hpp" line="93" column="25" bodyfile="SFMLOrthogonalLayer.hpp" bodystart="93" bodyend="93"/>
      </memberdef>
      <memberdef kind="function" id="db/d40/class_map_layer_1a1152792435a0fa6203f6c3a038b93778" prot="public" static="no" const="no" explicit="no" inline="yes" virt="non-virtual">
        <type>void</type>
        <definition>void MapLayer::setTile</definition>
        <argsstring>(int tileX, int tileY, tmx::TileLayer::Tile tile, bool refresh=true)</argsstring>
        <name>setTile</name>
        <param>
          <type>int</type>
          <declname>tileX</declname>
        </param>
        <param>
          <type>int</type>
          <declname>tileY</declname>
        </param>
        <param>
          <type>tmx::TileLayer::Tile</type>
          <declname>tile</declname>
        </param>
        <param>
          <type>bool</type>
          <declname>refresh</declname>
          <defval>true</defval>
        </param>
        <briefdescription>
        </briefdescription>
        <detaileddescription>
        </detaileddescription>
        <inbodydescription>
        </inbodydescription>
        <location file="SFMLOrthogonalLayer.hpp" line="95" column="10" bodyfile="SFMLOrthogonalLayer.hpp" bodystart="95" bodyend="100"/>
        <referencedby refid="db/d40/class_map_layer_1a0f7690e23ecfde7a7dc6629f9df65635" compoundref="d7/dd8/_s_f_m_l_orthogonal_layer_8hpp" startline="122" endline="151">update</referencedby>
      </memberdef>
      <memberdef kind="function" id="db/d40/class_map_layer_1a347375abb72832ea3362ba0d29898f30" prot="public" static="no" const="no" explicit="no" inline="yes" virt="non-virtual">
        <type>tmx::TileLayer::Tile</type>
        <definition>tmx::TileLayer::Tile MapLayer::getTile</definition>
        <argsstring>(int tileX, int tileY)</argsstring>
        <name>getTile</name>
        <param>
          <type>int</type>
          <declname>tileX</declname>
        </param>
        <param>
          <type>int</type>
          <declname>tileY</declname>
        </param>
        <briefdescription>
        </briefdescription>
        <detaileddescription>
        </detaileddescription>
        <inbodydescription>
        </inbodydescription>
        <location file="SFMLOrthogonalLayer.hpp" line="102" column="26" bodyfile="SFMLOrthogonalLayer.hpp" bodystart="102" bodyend="107"/>
      </memberdef>
      <memberdef kind="function" id="db/d40/class_map_layer_1a4dad5e08a823925292846664ce42657d" prot="public" static="no" const="no" explicit="no" inline="yes" virt="non-virtual">
        <type>void</type>
        <definition>void MapLayer::setColor</definition>
        <argsstring>(int tileX, int tileY, sf::Color color, bool refresh=true)</argsstring>
        <name>setColor</name>
        <param>
          <type>int</type>
          <declname>tileX</declname>
        </param>
        <param>
          <type>int</type>
          <declname>tileY</declname>
        </param>
        <param>
          <type>sf::Color</type>
          <declname>color</declname>
        </param>
        <param>
          <type>bool</type>
          <declname>refresh</declname>
          <defval>true</defval>
        </param>
        <briefdescription>
        </briefdescription>
        <detaileddescription>
        </detaileddescription>
        <inbodydescription>
        </inbodydescription>
        <location file="SFMLOrthogonalLayer.hpp" line="108" column="10" bodyfile="SFMLOrthogonalLayer.hpp" bodystart="108" bodyend="113"/>
      </memberdef>
      <memberdef kind="function" id="db/d40/class_map_layer_1a6ecfbaf968ac9e6e4f814a30aa0c0f30" prot="public" static="no" const="no" explicit="no" inline="yes" virt="non-virtual">
        <type>sf::Color</type>
        <definition>sf::Color MapLayer::getColor</definition>
        <argsstring>(int tileX, int tileY)</argsstring>
        <name>getColor</name>
        <param>
          <type>int</type>
          <declname>tileX</declname>
        </param>
        <param>
          <type>int</type>
          <declname>tileY</declname>
        </param>
        <briefdescription>
        </briefdescription>
        <detaileddescription>
        </detaileddescription>
        <inbodydescription>
        </inbodydescription>
        <location file="SFMLOrthogonalLayer.hpp" line="115" column="15" bodyfile="SFMLOrthogonalLayer.hpp" bodystart="115" bodyend="120"/>
      </memberdef>
      <memberdef kind="function" id="db/d40/class_map_layer_1a0f7690e23ecfde7a7dc6629f9df65635" prot="public" static="no" const="no" explicit="no" inline="yes" virt="non-virtual">
        <type>void</type>
        <definition>void MapLayer::update</definition>
        <argsstring>(sf::Time elapsed)</argsstring>
        <name>update</name>
        <param>
          <type>sf::Time</type>
          <declname>elapsed</declname>
        </param>
        <briefdescription>
        </briefdescription>
        <detaileddescription>
        </detaileddescription>
        <inbodydescription>
        </inbodydescription>
        <location file="SFMLOrthogonalLayer.hpp" line="122" column="10" bodyfile="SFMLOrthogonalLayer.hpp" bodystart="122" bodyend="151"/>
        <references refid="db/d40/class_map_layer_1a1152792435a0fa6203f6c3a038b93778" compoundref="d7/dd8/_s_f_m_l_orthogonal_layer_8hpp" startline="95" endline="100">setTile</references>
      </memberdef>
      </sectiondef>
      <sectiondef kind="private-func">
      <memberdef kind="function" id="db/d40/class_map_layer_1a48231e65a6adaabed3920045fabe4829" prot="private" static="no" const="no" explicit="no" inline="yes" virt="non-virtual">
        <type>Chunk::Ptr &amp;</type>
        <definition>Chunk::Ptr &amp; MapLayer::getChunkAndTransform</definition>
        <argsstring>(int x, int y, sf::Vector2u &amp;chunkRelative)</argsstring>
        <name>getChunkAndTransform</name>
        <param>
          <type>int</type>
          <declname>x</declname>
        </param>
        <param>
          <type>int</type>
          <declname>y</declname>
        </param>
        <param>
          <type>sf::Vector2u &amp;</type>
          <declname>chunkRelative</declname>
        </param>
        <briefdescription>
        </briefdescription>
        <detaileddescription>
        </detaileddescription>
        <inbodydescription>
        </inbodydescription>
        <location file="SFMLOrthogonalLayer.hpp" line="498" column="16" bodyfile="SFMLOrthogonalLayer.hpp" bodystart="498" bodyend="505"/>
      </memberdef>
      <memberdef kind="function" id="db/d40/class_map_layer_1a853b2091fa76fabe4446797e0a01809a" prot="private" static="no" const="no" explicit="no" inline="yes" virt="non-virtual">
        <type>void</type>
        <definition>void MapLayer::createChunks</definition>
        <argsstring>(const tmx::Map &amp;map, const tmx::TileLayer &amp;layer)</argsstring>
        <name>createChunks</name>
        <param>
          <type>const tmx::Map &amp;</type>
          <declname>map</declname>
        </param>
        <param>
          <type>const tmx::TileLayer &amp;</type>
          <declname>layer</declname>
        </param>
        <briefdescription>
        </briefdescription>
        <detaileddescription>
        </detaileddescription>
        <inbodydescription>
        </inbodydescription>
        <location file="SFMLOrthogonalLayer.hpp" line="506" column="10" bodyfile="SFMLOrthogonalLayer.hpp" bodystart="506" bodyend="579"/>
      </memberdef>
      <memberdef kind="function" id="db/d40/class_map_layer_1a6602d1d89676fa73ace9934f7b77c0c5" prot="private" static="no" const="yes" explicit="no" inline="yes" virt="non-virtual">
        <type>void</type>
        <definition>void MapLayer::updateVisibility</definition>
        <argsstring>(const sf::View &amp;view) const</argsstring>
        <name>updateVisibility</name>
        <param>
          <type>const sf::View &amp;</type>
          <declname>view</declname>
        </param>
        <briefdescription>
        </briefdescription>
        <detaileddescription>
        </detaileddescription>
        <inbodydescription>
        </inbodydescription>
        <location file="SFMLOrthogonalLayer.hpp" line="581" column="10" bodyfile="SFMLOrthogonalLayer.hpp" bodystart="581" bodyend="605"/>
      </memberdef>
      <memberdef kind="function" id="db/d40/class_map_layer_1a6a43405b98f14c3efbe02395c466c1e6" prot="private" static="no" const="yes" explicit="no" inline="yes" virt="non-virtual">
        <type>void</type>
        <definition>void MapLayer::draw</definition>
        <argsstring>(sf::RenderTarget &amp;rt, sf::RenderStates states) const override</argsstring>
        <name>draw</name>
        <param>
          <type>sf::RenderTarget &amp;</type>
          <declname>rt</declname>
        </param>
        <param>
          <type>sf::RenderStates</type>
          <declname>states</declname>
        </param>
        <briefdescription>
        </briefdescription>
        <detaileddescription>
        </detaileddescription>
        <inbodydescription>
        </inbodydescription>
        <location file="SFMLOrthogonalLayer.hpp" line="607" column="10" bodyfile="SFMLOrthogonalLayer.hpp" bodystart="607" bodyend="615"/>
      </memberdef>
      </sectiondef>
    <briefdescription>
    </briefdescription>
    <detaileddescription>
    </detaileddescription>
    <inheritancegraph>
      <node id="1">
        <label>MapLayer</label>
        <link refid="db/d40/class_map_layer"/>
        <childnode refid="2" relation="public-inheritance">
        </childnode>
      </node>
      <node id="2">
        <label>sf::Drawable</label>
      </node>
    </inheritancegraph>
    <collaborationgraph>
      <node id="1">
        <label>MapLayer</label>
        <link refid="db/d40/class_map_layer"/>
        <childnode refid="2" relation="public-inheritance">
        </childnode>
      </node>
      <node id="2">
        <label>sf::Drawable</label>
      </node>
    </collaborationgraph>
    <location file="SFMLOrthogonalLayer.hpp" line="59" column="1" bodyfile="SFMLOrthogonalLayer.hpp" bodystart="60" bodyend="616"/>
    <listofallmembers>
      <member refid="db/d40/class_map_layer_1a853b2091fa76fabe4446797e0a01809a" prot="private" virt="non-virtual"><scope>MapLayer</scope><name>createChunks</name></member>
      <member refid="db/d40/class_map_layer_1a6a43405b98f14c3efbe02395c466c1e6" prot="private" virt="non-virtual"><scope>MapLayer</scope><name>draw</name></member>
      <member refid="db/d40/class_map_layer_1a48231e65a6adaabed3920045fabe4829" prot="private" virt="non-virtual"><scope>MapLayer</scope><name>getChunkAndTransform</name></member>
      <member refid="db/d40/class_map_layer_1a6ecfbaf968ac9e6e4f814a30aa0c0f30" prot="public" virt="non-virtual"><scope>MapLayer</scope><name>getColor</name></member>
      <member refid="db/d40/class_map_layer_1ab0df69c31bcaa781305ffbabd5de2c93" prot="public" virt="non-virtual"><scope>MapLayer</scope><name>getGlobalBounds</name></member>
      <member refid="db/d40/class_map_layer_1a347375abb72832ea3362ba0d29898f30" prot="public" virt="non-virtual"><scope>MapLayer</scope><name>getTile</name></member>
      <member refid="db/d40/class_map_layer_1ae816f79d9d81eb7e9e207c00bbf41218" prot="private" virt="non-virtual"><scope>MapLayer</scope><name>m_chunkCount</name></member>
      <member refid="db/d40/class_map_layer_1a07e8acdbdfc63584a2b9276ca499ad70" prot="private" virt="non-virtual"><scope>MapLayer</scope><name>m_chunks</name></member>
      <member refid="db/d40/class_map_layer_1af8d36b6ff112417b9d4f73a52e8859ae" prot="private" virt="non-virtual"><scope>MapLayer</scope><name>m_chunkSize</name></member>
      <member refid="db/d40/class_map_layer_1a1e1ca5c4bedf393c1c85e2ced3bbf50a" prot="private" virt="non-virtual"><scope>MapLayer</scope><name>m_globalBounds</name></member>
      <member refid="db/d40/class_map_layer_1a9863689eb080d27e7a99dea7c20aee41" prot="private" virt="non-virtual"><scope>MapLayer</scope><name>m_MapTileSize</name></member>
      <member refid="db/d40/class_map_layer_1ad7cade67df5e55b3c6a960476e6d2cb9" prot="private" virt="non-virtual"><scope>MapLayer</scope><name>m_textureResource</name></member>
      <member refid="db/d40/class_map_layer_1a74941b5479affea58ea8a3068770d430" prot="private" virt="non-virtual"><scope>MapLayer</scope><name>m_visibleChunks</name></member>
      <member refid="db/d40/class_map_layer_1ac1b9f1e3ba6d800abf508fa11490187b" prot="public" virt="non-virtual"><scope>MapLayer</scope><name>MapLayer</name></member>
      <member refid="db/d40/class_map_layer_1af323ddae8da169a64be1e0c216034397" prot="public" virt="non-virtual"><scope>MapLayer</scope><name>MapLayer</name></member>
      <member refid="db/d40/class_map_layer_1af9ffb2975916c0954ecf834642cb04b0" prot="public" virt="non-virtual"><scope>MapLayer</scope><name>operator=</name></member>
      <member refid="db/d40/class_map_layer_1a4dad5e08a823925292846664ce42657d" prot="public" virt="non-virtual"><scope>MapLayer</scope><name>setColor</name></member>
      <member refid="db/d40/class_map_layer_1a1152792435a0fa6203f6c3a038b93778" prot="public" virt="non-virtual"><scope>MapLayer</scope><name>setTile</name></member>
      <member refid="db/d40/class_map_layer_1a64011087426e436e3cb8374570378d68" prot="private" virt="non-virtual"><scope>MapLayer</scope><name>TextureResource</name></member>
      <member refid="db/d40/class_map_layer_1a0f7690e23ecfde7a7dc6629f9df65635" prot="public" virt="non-virtual"><scope>MapLayer</scope><name>update</name></member>
      <member refid="db/d40/class_map_layer_1a6602d1d89676fa73ace9934f7b77c0c5" prot="private" virt="non-virtual"><scope>MapLayer</scope><name>updateVisibility</name></member>
      <member refid="db/d40/class_map_layer_1a79858f9ee05242aa47ac680940e5ea74" prot="public" virt="non-virtual"><scope>MapLayer</scope><name>~MapLayer</name></member>
    </listofallmembers>
  </compounddef>
</doxygen>
