<?xml version='1.0' encoding='UTF-8' standalone='no'?>
<doxygen xmlns:xsi="http://www.w3.org/2001/XMLSchema-instance" xsi:noNamespaceSchemaLocation="compound.xsd" version="1.9.2" xml:lang="en-US">
  <compounddef id="d8/d83/entity_8h" kind="file" language="C++">
    <compoundname>entity.h</compoundname>
    <includes local="no">SFML/Graphics.hpp</includes>
    <includes local="no">string</includes>
    <includes local="no">box2d/box2d.h</includes>
    <includes local="no">iostream</includes>
    <includedby refid="d9/ddd/entity_8cpp" local="yes">entity.cpp</includedby>
    <includedby refid="df/d8c/entity__manager_8h" local="yes">entity_manager.h</includedby>
    <incdepgraph>
      <node id="1">
        <label>entity.h</label>
        <link refid="d8/d83/entity_8h"/>
        <childnode refid="2" relation="include">
        </childnode>
        <childnode refid="3" relation="include">
        </childnode>
        <childnode refid="4" relation="include">
        </childnode>
        <childnode refid="5" relation="include">
        </childnode>
      </node>
      <node id="2">
        <label>SFML/Graphics.hpp</label>
      </node>
      <node id="4">
        <label>box2d/box2d.h</label>
      </node>
      <node id="5">
        <label>iostream</label>
      </node>
      <node id="3">
        <label>string</label>
      </node>
    </incdepgraph>
    <invincdepgraph>
      <node id="14">
        <label>Bullet.cpp</label>
        <link refid="d7/dcd/_bullet_8cpp"/>
      </node>
      <node id="13">
        <label>Bullet.hpp</label>
        <link refid="d6/d65/_bullet_8hpp"/>
        <childnode refid="14" relation="include">
        </childnode>
        <childnode refid="15" relation="include">
        </childnode>
        <childnode refid="10" relation="include">
        </childnode>
        <childnode refid="22" relation="include">
        </childnode>
        <childnode refid="17" relation="include">
        </childnode>
        <childnode refid="24" relation="include">
        </childnode>
      </node>
      <node id="5">
        <label>Button.hpp</label>
        <link refid="d2/df0/_button_8hpp"/>
      </node>
      <node id="16">
        <label>Enemy.cpp</label>
        <link refid="de/d34/_enemy_8cpp"/>
      </node>
      <node id="15">
        <label>Enemy.hpp</label>
        <link refid="da/dda/_enemy_8hpp"/>
        <childnode refid="16" relation="include">
        </childnode>
        <childnode refid="17" relation="include">
        </childnode>
      </node>
      <node id="6">
        <label>Game.cpp</label>
        <link refid="d7/db5/_game_8cpp"/>
      </node>
      <node id="4">
        <label>Game.hpp</label>
        <link refid="d2/d07/_game_8hpp"/>
        <childnode refid="5" relation="include">
        </childnode>
        <childnode refid="6" relation="include">
        </childnode>
        <childnode refid="7" relation="include">
        </childnode>
        <childnode refid="9" relation="include">
        </childnode>
        <childnode refid="10" relation="include">
        </childnode>
        <childnode refid="12" relation="include">
        </childnode>
        <childnode refid="27" relation="include">
        </childnode>
        <childnode refid="17" relation="include">
        </childnode>
        <childnode refid="19" relation="include">
        </childnode>
        <childnode refid="21" relation="include">
        </childnode>
        <childnode refid="29" relation="include">
        </childnode>
      </node>
      <node id="8">
        <label>GameOverState.cpp</label>
        <link refid="d1/db6/_game_over_state_8cpp"/>
      </node>
      <node id="7">
        <label>GameOverState.hpp</label>
        <link refid="d7/dd1/_game_over_state_8hpp"/>
        <childnode refid="8" relation="include">
        </childnode>
        <childnode refid="9" relation="include">
        </childnode>
      </node>
      <node id="9">
        <label>GameState.cpp</label>
        <link refid="d7/d85/_game_state_8cpp"/>
      </node>
      <node id="10">
        <label>GameState.hpp</label>
        <link refid="d2/d86/_game_state_8hpp"/>
        <childnode refid="6" relation="include">
        </childnode>
        <childnode refid="8" relation="include">
        </childnode>
        <childnode refid="9" relation="include">
        </childnode>
        <childnode refid="11" relation="include">
        </childnode>
      </node>
      <node id="26">
        <label>GameWorld.cpp</label>
        <link refid="db/d7a/_game_world_8cpp"/>
      </node>
      <node id="12">
        <label>GameWorld.hpp</label>
        <link refid="d4/db1/_game_world_8hpp"/>
        <childnode refid="13" relation="include">
        </childnode>
        <childnode refid="15" relation="include">
        </childnode>
        <childnode refid="10" relation="include">
        </childnode>
        <childnode refid="26" relation="include">
        </childnode>
        <childnode refid="22" relation="include">
        </childnode>
        <childnode refid="24" relation="include">
        </childnode>
      </node>
      <node id="23">
        <label>Gun.cpp</label>
        <link refid="d7/d7e/_gun_8cpp"/>
      </node>
      <node id="22">
        <label>Gun.hpp</label>
        <link refid="d0/d06/_gun_8hpp"/>
        <childnode refid="15" relation="include">
        </childnode>
        <childnode refid="23" relation="include">
        </childnode>
        <childnode refid="24" relation="include">
        </childnode>
      </node>
      <node id="28">
        <label>HUD.cpp</label>
        <link refid="d9/d2a/_h_u_d_8cpp"/>
      </node>
      <node id="27">
        <label>HUD.hpp</label>
        <link refid="db/df6/_h_u_d_8hpp"/>
        <childnode refid="10" relation="include">
        </childnode>
        <childnode refid="28" relation="include">
        </childnode>
      </node>
      <node id="18">
        <label>LoadingGameObjects.cpp</label>
        <link refid="df/dec/_loading_game_objects_8cpp"/>
      </node>
      <node id="17">
        <label>LoadingGameObjects.hpp</label>
        <link refid="db/db5/_loading_game_objects_8hpp"/>
        <childnode refid="7" relation="include">
        </childnode>
        <childnode refid="10" relation="include">
        </childnode>
        <childnode refid="18" relation="include">
        </childnode>
        <childnode refid="19" relation="include">
        </childnode>
        <childnode refid="21" relation="include">
        </childnode>
      </node>
      <node id="11">
        <label>MainMenuState.cpp</label>
        <link refid="df/d24/_main_menu_state_8cpp"/>
      </node>
      <node id="19">
        <label>MainMenuState.hpp</label>
        <link refid="db/d83/_main_menu_state_8hpp"/>
        <childnode refid="11" relation="include">
        </childnode>
        <childnode refid="20" relation="include">
        </childnode>
      </node>
      <node id="25">
        <label>Main_Player.cpp</label>
        <link refid="d0/db2/_main___player_8cpp"/>
      </node>
      <node id="24">
        <label>Main_Player.hpp</label>
        <link refid="dc/dea/_main___player_8hpp"/>
        <childnode refid="10" relation="include">
        </childnode>
        <childnode refid="17" relation="include">
        </childnode>
        <childnode refid="25" relation="include">
        </childnode>
      </node>
      <node id="20">
        <label>SplashState.cpp</label>
        <link refid="da/dfb/_splash_state_8cpp"/>
      </node>
      <node id="21">
        <label>SplashState.hpp</label>
        <link refid="d1/d76/_splash_state_8hpp"/>
        <childnode refid="6" relation="include">
        </childnode>
        <childnode refid="20" relation="include">
        </childnode>
      </node>
      <node id="2">
        <label>entity.cpp</label>
        <link refid="d9/ddd/entity_8cpp"/>
      </node>
      <node id="1">
        <label>entity.h</label>
        <link refid="d8/d83/entity_8h"/>
        <childnode refid="2" relation="include">
        </childnode>
        <childnode refid="3" relation="include">
        </childnode>
      </node>
      <node id="30">
        <label>entity_manager.cpp</label>
        <link refid="db/dcd/entity__manager_8cpp"/>
      </node>
      <node id="3">
        <label>entity_manager.h</label>
        <link refid="df/d8c/entity__manager_8h"/>
        <childnode refid="4" relation="include">
        </childnode>
        <childnode refid="12" relation="include">
        </childnode>
        <childnode refid="30" relation="include">
        </childnode>
      </node>
      <node id="29">
        <label>main.cpp</label>
        <link refid="df/d0a/main_8cpp"/>
      </node>
    </invincdepgraph>
    <innerclass refid="d3/d69/struct_sekander_1_1b0x__2d___s_h_a_p_e_s" prot="public">Sekander::b0x_2d_SHAPES</innerclass>
    <innerclass refid="d1/da9/class_sekander_1_1_entity" prot="public">Sekander::Entity</innerclass>
    <innernamespace refid="d8/d6a/namespace_sekander">Sekander</innernamespace>
    <briefdescription>
    </briefdescription>
    <detaileddescription>
    </detaileddescription>
    <programlisting>
<codeline lineno="1"><highlight class="preprocessor">#pragma<sp/>once</highlight><highlight class="normal"></highlight></codeline>
<codeline lineno="2"><highlight class="normal"></highlight></codeline>
<codeline lineno="3"><highlight class="normal"></highlight><highlight class="preprocessor">#include<sp/>&lt;SFML/Graphics.hpp&gt;</highlight><highlight class="normal"></highlight></codeline>
<codeline lineno="4"><highlight class="normal"></highlight><highlight class="preprocessor">#include<sp/>&lt;string&gt;</highlight><highlight class="normal"></highlight></codeline>
<codeline lineno="5"><highlight class="normal"></highlight></codeline>
<codeline lineno="6"><highlight class="normal"></highlight><highlight class="preprocessor">#include<sp/>&lt;box2d/box2d.h&gt;</highlight><highlight class="normal"></highlight></codeline>
<codeline lineno="7"><highlight class="normal"></highlight><highlight class="preprocessor">#include<sp/>&lt;iostream&gt;</highlight><highlight class="normal"></highlight></codeline>
<codeline lineno="8"><highlight class="normal"></highlight></codeline>
<codeline lineno="9"><highlight class="normal"></highlight></codeline>
<codeline lineno="10"><highlight class="normal"></highlight></codeline>
<codeline lineno="11"><highlight class="normal"></highlight></codeline>
<codeline lineno="12"><highlight class="normal"></highlight><highlight class="keyword">namespace<sp/></highlight><highlight class="normal"><ref refid="d8/d6a/namespace_sekander" kindref="compound">Sekander</ref>{</highlight></codeline>
<codeline lineno="13"><highlight class="normal"></highlight></codeline>
<codeline lineno="14" refid="d3/d69/struct_sekander_1_1b0x__2d___s_h_a_p_e_s" refkind="compound"><highlight class="normal"><sp/><sp/><sp/><sp/></highlight><highlight class="keyword">struct<sp/></highlight><highlight class="normal"><ref refid="d3/d69/struct_sekander_1_1b0x__2d___s_h_a_p_e_s" kindref="compound">b0x_2d_SHAPES</ref></highlight></codeline>
<codeline lineno="15"><highlight class="normal"><sp/><sp/><sp/><sp/>{</highlight></codeline>
<codeline lineno="16"><highlight class="normal"><sp/><sp/><sp/><sp/><sp/><sp/><sp/><sp/></highlight><highlight class="comment">/*<sp/>data<sp/>*/</highlight><highlight class="normal"></highlight></codeline>
<codeline lineno="17" refid="d3/d69/struct_sekander_1_1b0x__2d___s_h_a_p_e_s_1a568e7f02c413a6a3148c7d82ae153a90" refkind="member"><highlight class="normal"><sp/><sp/><sp/><sp/><sp/><sp/><sp/><sp/>b2CircleShape<sp/><ref refid="d3/d69/struct_sekander_1_1b0x__2d___s_h_a_p_e_s_1a568e7f02c413a6a3148c7d82ae153a90" kindref="member">circle</ref>;</highlight></codeline>
<codeline lineno="18"><highlight class="normal"></highlight></codeline>
<codeline lineno="19"><highlight class="normal"><sp/><sp/><sp/><sp/>};</highlight></codeline>
<codeline lineno="20"><highlight class="normal"><sp/><sp/><sp/><sp/></highlight></codeline>
<codeline lineno="21"><highlight class="normal"></highlight></codeline>
<codeline lineno="22"><highlight class="normal"><sp/><sp/><sp/><sp/></highlight><highlight class="comment">//Inherit<sp/>sfml<sp/>Sprite<sp/>functions<sp/></highlight><highlight class="normal"></highlight></codeline>
<codeline lineno="23" refid="d1/da9/class_sekander_1_1_entity" refkind="compound"><highlight class="normal"><sp/><sp/><sp/><sp/></highlight><highlight class="keyword">class<sp/></highlight><highlight class="normal"><ref refid="d1/da9/class_sekander_1_1_entity" kindref="compound">Entity</ref><sp/>:<sp/></highlight><highlight class="keyword">public</highlight><highlight class="normal"><sp/>sf::Sprite</highlight></codeline>
<codeline lineno="24"><highlight class="normal"><sp/><sp/><sp/><sp/>{</highlight></codeline>
<codeline lineno="25"><highlight class="normal"></highlight></codeline>
<codeline lineno="26"><highlight class="normal"><sp/><sp/><sp/><sp/></highlight><highlight class="keyword">public</highlight><highlight class="normal">:</highlight></codeline>
<codeline lineno="27"><highlight class="normal"></highlight></codeline>
<codeline lineno="28"><highlight class="normal"><sp/><sp/><sp/><sp/><sp/><sp/><sp/><sp/></highlight><highlight class="comment">//Vector<sp/>representing<sp/>velocity</highlight><highlight class="normal"></highlight></codeline>
<codeline lineno="29" refid="d1/da9/class_sekander_1_1_entity_1a7c88f6c5a89eca36cb1204c4eaf0868e" refkind="member"><highlight class="normal"><sp/><sp/><sp/><sp/><sp/><sp/><sp/><sp/>sf::Vector2f<sp/><ref refid="d1/da9/class_sekander_1_1_entity_1a7c88f6c5a89eca36cb1204c4eaf0868e" kindref="member">velocity</ref>;</highlight></codeline>
<codeline lineno="30"><highlight class="normal"></highlight></codeline>
<codeline lineno="31"><highlight class="normal"><sp/><sp/><sp/><sp/><sp/><sp/><sp/><sp/></highlight><highlight class="comment">//Entitny<sp/>constructor<sp/>taking<sp/>in<sp/>box2d<sp/>world<sp/>object<sp/></highlight><highlight class="normal"></highlight></codeline>
<codeline lineno="32"><highlight class="normal"><sp/><sp/><sp/><sp/><sp/><sp/><sp/><sp/><ref refid="d1/da9/class_sekander_1_1_entity_1a2457570ea4a0a1009937a153f8f071f8" kindref="member">Entity</ref>(b2World*<sp/><ref refid="d1/da9/class_sekander_1_1_entity_1a6c88c4e735203734409fdd7b1eddca39" kindref="member">world</ref>);</highlight></codeline>
<codeline lineno="33"><highlight class="normal"></highlight></codeline>
<codeline lineno="34"><highlight class="normal"><sp/><sp/><sp/><sp/><sp/><sp/><sp/><sp/></highlight><highlight class="comment">//Load<sp/>texture<sp/>and<sp/>create<sp/>box2d<sp/>object<sp/></highlight><highlight class="normal"></highlight></codeline>
<codeline lineno="35"><highlight class="normal"><sp/><sp/><sp/><sp/><sp/><sp/><sp/><sp/></highlight><highlight class="keywordtype">void</highlight><highlight class="normal"><sp/><ref refid="d1/da9/class_sekander_1_1_entity_1a80ce51e0d09a5ac63eb3c385c47f5d73" kindref="member">Load</ref>(std::string<sp/>filename,<sp/></highlight><highlight class="keywordtype">bool</highlight><highlight class="normal"><sp/>dynamic,<sp/></highlight></codeline>
<codeline lineno="36"><highlight class="normal"><sp/><sp/><sp/><sp/><sp/><sp/><sp/><sp/><sp/><sp/><sp/><sp/><sp/><sp/><sp/><sp/><sp/><sp/><sp/><sp/><sp/><sp/><sp/><sp/><sp/><sp/><sp/><sp/><sp/><sp/><sp/><sp/><sp/><sp/><sp/><sp/><sp/><sp/><sp/><sp/></highlight><highlight class="keywordtype">unsigned</highlight><highlight class="normal"><sp/></highlight><highlight class="keyword">const</highlight><highlight class="normal"><sp/></highlight><highlight class="keywordtype">short</highlight><highlight class="normal"><sp/></highlight><highlight class="keywordtype">int</highlight><highlight class="normal"><sp/>x_frame,<sp/></highlight></codeline>
<codeline lineno="37"><highlight class="normal"><sp/><sp/><sp/><sp/><sp/><sp/><sp/><sp/><sp/><sp/><sp/><sp/><sp/><sp/><sp/><sp/><sp/><sp/><sp/><sp/><sp/><sp/><sp/><sp/><sp/><sp/><sp/><sp/><sp/><sp/><sp/><sp/><sp/><sp/><sp/><sp/><sp/><sp/><sp/><sp/></highlight><highlight class="keywordtype">unsigned</highlight><highlight class="normal"><sp/></highlight><highlight class="keyword">const</highlight><highlight class="normal"><sp/></highlight><highlight class="keywordtype">short</highlight><highlight class="normal"><sp/></highlight><highlight class="keywordtype">int</highlight><highlight class="normal"><sp/>y_frame);</highlight></codeline>
<codeline lineno="38"><highlight class="normal"></highlight></codeline>
<codeline lineno="39" refid="d1/da9/class_sekander_1_1_entity_1a3381ab7a718fbb980415910f47970468" refkind="member"><highlight class="normal"><sp/><sp/><sp/><sp/><sp/><sp/><sp/><sp/></highlight><highlight class="keywordtype">void</highlight><highlight class="normal"><sp/><ref refid="d1/da9/class_sekander_1_1_entity_1a3381ab7a718fbb980415910f47970468" kindref="member">Load</ref>(std::string<sp/>filename,<sp/></highlight><highlight class="keywordtype">bool</highlight><highlight class="normal"><sp/>dynamic,<sp/></highlight><highlight class="keyword">struct</highlight><highlight class="normal"><sp/><ref refid="d3/d69/struct_sekander_1_1b0x__2d___s_h_a_p_e_s" kindref="compound">b0x_2d_SHAPES</ref>*<sp/><ref refid="d1/da9/class_sekander_1_1_entity_1a51d32e27f0af3c9f1d68cc27117310ad" kindref="member">shape</ref>,<sp/></highlight></codeline>
<codeline lineno="40"><highlight class="normal"><sp/><sp/><sp/><sp/><sp/><sp/><sp/><sp/><sp/><sp/><sp/><sp/><sp/><sp/><sp/><sp/><sp/><sp/><sp/><sp/><sp/><sp/><sp/><sp/><sp/><sp/><sp/><sp/><sp/><sp/><sp/><sp/><sp/><sp/><sp/><sp/><sp/><sp/><sp/><sp/></highlight><highlight class="keywordtype">unsigned</highlight><highlight class="normal"><sp/></highlight><highlight class="keyword">const</highlight><highlight class="normal"><sp/></highlight><highlight class="keywordtype">short</highlight><highlight class="normal"><sp/></highlight><highlight class="keywordtype">int</highlight><highlight class="normal"><sp/>x_frame,<sp/></highlight></codeline>
<codeline lineno="41"><highlight class="normal"><sp/><sp/><sp/><sp/><sp/><sp/><sp/><sp/><sp/><sp/><sp/><sp/><sp/><sp/><sp/><sp/><sp/><sp/><sp/><sp/><sp/><sp/><sp/><sp/><sp/><sp/><sp/><sp/><sp/><sp/><sp/><sp/><sp/><sp/><sp/><sp/><sp/><sp/><sp/><sp/></highlight><highlight class="keywordtype">unsigned</highlight><highlight class="normal"><sp/></highlight><highlight class="keyword">const</highlight><highlight class="normal"><sp/></highlight><highlight class="keywordtype">short</highlight><highlight class="normal"><sp/></highlight><highlight class="keywordtype">int</highlight><highlight class="normal"><sp/>y_frame);</highlight></codeline>
<codeline lineno="42"><highlight class="normal"></highlight></codeline>
<codeline lineno="43"><highlight class="normal"><sp/><sp/><sp/><sp/><sp/><sp/><sp/><sp/></highlight><highlight class="keywordtype">void</highlight><highlight class="normal"><sp/><ref refid="d1/da9/class_sekander_1_1_entity_1a194f6b6f8a256a3bc0ee73f3eadeb0d0" kindref="member">CreateEdeg</ref>(</highlight><highlight class="keywordtype">float</highlight><highlight class="normal">,<sp/></highlight><highlight class="keywordtype">float</highlight><highlight class="normal">,<sp/></highlight><highlight class="keywordtype">float</highlight><highlight class="normal">,<sp/></highlight><highlight class="keywordtype">float</highlight><highlight class="normal">);</highlight></codeline>
<codeline lineno="44" refid="d1/da9/class_sekander_1_1_entity_1a194f6b6f8a256a3bc0ee73f3eadeb0d0" refkind="member"><highlight class="normal"><sp/><sp/><sp/><sp/><sp/><sp/><sp/><sp/></highlight><highlight class="keywordtype">void</highlight><highlight class="normal"><sp/><ref refid="d1/da9/class_sekander_1_1_entity_1a194f6b6f8a256a3bc0ee73f3eadeb0d0" kindref="member">CreateEdeg</ref>();</highlight></codeline>
<codeline lineno="45"><highlight class="normal"></highlight></codeline>
<codeline lineno="46"><highlight class="normal"></highlight></codeline>
<codeline lineno="47"><highlight class="normal"></highlight></codeline>
<codeline lineno="48"><highlight class="normal"><sp/><sp/><sp/><sp/><sp/><sp/><sp/><sp/></highlight><highlight class="keywordtype">bool</highlight><highlight class="normal"><sp/><ref refid="d1/da9/class_sekander_1_1_entity_1a37320c3ef99e534f80f0306ebdf084ed" kindref="member">Update</ref>(sf::RenderWindow&amp;<sp/>window);</highlight></codeline>
<codeline lineno="49"><highlight class="normal"></highlight></codeline>
<codeline lineno="50"><highlight class="normal"><sp/><sp/><sp/><sp/><sp/><sp/><sp/><sp/></highlight><highlight class="keywordtype">bool</highlight><highlight class="normal"><sp/><ref refid="d1/da9/class_sekander_1_1_entity_1a202c7a8db6bcd754ebdd907d4383a6fb" kindref="member">CheckCollision</ref>(<ref refid="d1/da9/class_sekander_1_1_entity" kindref="compound">Entity</ref>*<sp/>entity);</highlight></codeline>
<codeline lineno="51"><highlight class="normal"></highlight></codeline>
<codeline lineno="52"><highlight class="normal"></highlight></codeline>
<codeline lineno="53" refid="d1/da9/class_sekander_1_1_entity_1aaca12636d13d15fe2c84d48c64c43dc4" refkind="member"><highlight class="normal"><sp/><sp/><sp/><sp/><sp/><sp/><sp/><sp/></highlight><highlight class="keywordtype">int</highlight><highlight class="normal"><sp/><ref refid="d1/da9/class_sekander_1_1_entity_1aaca12636d13d15fe2c84d48c64c43dc4" kindref="member">GroupID</ref>(){</highlight><highlight class="keywordflow">return</highlight><highlight class="normal"><sp/>this-&gt;<ref refid="d1/da9/class_sekander_1_1_entity_1a877b3b7b7b81c7e11cb174d1a4fc3b85" kindref="member">groupId</ref>;}</highlight></codeline>
<codeline lineno="54" refid="d1/da9/class_sekander_1_1_entity_1af8b43d3ca6c6740d3e356d98656fa370" refkind="member"><highlight class="normal"><sp/><sp/><sp/><sp/><sp/><sp/><sp/><sp/></highlight><highlight class="keywordtype">int</highlight><highlight class="normal"><sp/><ref refid="d1/da9/class_sekander_1_1_entity_1af8b43d3ca6c6740d3e356d98656fa370" kindref="member">Active</ref>(){</highlight><highlight class="keywordflow">return</highlight><highlight class="normal"><sp/>this-&gt;<ref refid="d1/da9/class_sekander_1_1_entity_1a6bd181c05edd3e27fa18efdd5dab2895" kindref="member">active</ref>;}</highlight></codeline>
<codeline lineno="55"><highlight class="normal"></highlight></codeline>
<codeline lineno="56" refid="d1/da9/class_sekander_1_1_entity_1a55dcbd586dfa0b339d5116ff14d58cbd" refkind="member"><highlight class="normal"><sp/><sp/><sp/><sp/><sp/><sp/><sp/><sp/></highlight><highlight class="keywordtype">void</highlight><highlight class="normal"><sp/><ref refid="d1/da9/class_sekander_1_1_entity_1a55dcbd586dfa0b339d5116ff14d58cbd" kindref="member">DeleteShape</ref>()</highlight></codeline>
<codeline lineno="57"><highlight class="normal"><sp/><sp/><sp/><sp/><sp/><sp/><sp/><sp/>{</highlight></codeline>
<codeline lineno="58"><highlight class="normal"><sp/><sp/><sp/><sp/><sp/><sp/><sp/><sp/><sp/><sp/><sp/><sp/>this-&gt;<ref refid="d1/da9/class_sekander_1_1_entity_1a51d32e27f0af3c9f1d68cc27117310ad" kindref="member">shape</ref><sp/>=<sp/>NULL;</highlight></codeline>
<codeline lineno="59"><highlight class="normal"><sp/><sp/><sp/><sp/><sp/><sp/><sp/><sp/><sp/><sp/><sp/><sp/></highlight><highlight class="comment">//delete<sp/>this-&gt;shape;</highlight><highlight class="normal"></highlight></codeline>
<codeline lineno="60"><highlight class="normal"><sp/><sp/><sp/><sp/><sp/><sp/><sp/><sp/><sp/><sp/><sp/><sp/></highlight><highlight class="comment">//delete<sp/>this-&gt;texture;</highlight><highlight class="normal"></highlight></codeline>
<codeline lineno="61"><highlight class="normal"><sp/><sp/><sp/><sp/><sp/><sp/><sp/><sp/>this-&gt;<ref refid="d1/da9/class_sekander_1_1_entity_1af8218d721852341a99eb08ee8ead53ff" kindref="member">bodyDef</ref><sp/>=<sp/>NULL;</highlight></codeline>
<codeline lineno="62"><highlight class="normal"><sp/><sp/><sp/><sp/><sp/><sp/><sp/><sp/></highlight><highlight class="comment">//delete<sp/>this-&gt;bodyDef;</highlight><highlight class="normal"></highlight></codeline>
<codeline lineno="63"><highlight class="normal"><sp/><sp/><sp/><sp/><sp/><sp/><sp/><sp/></highlight><highlight class="comment">//delete<sp/>this-&gt;shape;</highlight><highlight class="normal"></highlight></codeline>
<codeline lineno="64"><highlight class="normal"><sp/><sp/><sp/><sp/><sp/><sp/><sp/><sp/>this-&gt;<ref refid="d1/da9/class_sekander_1_1_entity_1a1320e01ecadb8733a7a6204c8383bd4c" kindref="member">fixtureDef</ref><sp/>=<sp/>NULL;</highlight></codeline>
<codeline lineno="65"><highlight class="normal"><sp/><sp/><sp/><sp/><sp/><sp/><sp/><sp/></highlight><highlight class="comment">//delete<sp/>this-&gt;fixtureDef;</highlight><highlight class="normal"></highlight></codeline>
<codeline lineno="66"><highlight class="normal"><sp/><sp/><sp/><sp/><sp/><sp/><sp/><sp/>this-&gt;texture<sp/>=<sp/>NULL;</highlight></codeline>
<codeline lineno="67"><highlight class="normal"><sp/><sp/><sp/><sp/><sp/><sp/><sp/><sp/></highlight><highlight class="comment">//active<sp/>=<sp/>0;</highlight><highlight class="normal"></highlight></codeline>
<codeline lineno="68"><highlight class="normal"><sp/><sp/><sp/><sp/><sp/><sp/><sp/><sp/></highlight><highlight class="keyword">delete</highlight><highlight class="normal"><sp/><ref refid="d1/da9/class_sekander_1_1_entity_1a51d32e27f0af3c9f1d68cc27117310ad" kindref="member">shape</ref>;</highlight></codeline>
<codeline lineno="69"><highlight class="normal"><sp/><sp/><sp/><sp/><sp/><sp/><sp/><sp/></highlight><highlight class="keyword">delete</highlight><highlight class="normal"><sp/><ref refid="d1/da9/class_sekander_1_1_entity_1af8218d721852341a99eb08ee8ead53ff" kindref="member">bodyDef</ref>;</highlight></codeline>
<codeline lineno="70"><highlight class="normal"><sp/><sp/><sp/><sp/><sp/><sp/><sp/><sp/></highlight><highlight class="keyword">delete</highlight><highlight class="normal"><sp/><ref refid="d1/da9/class_sekander_1_1_entity_1a1320e01ecadb8733a7a6204c8383bd4c" kindref="member">fixtureDef</ref>;</highlight></codeline>
<codeline lineno="72"><highlight class="normal"><sp/><sp/><sp/><sp/><sp/><sp/><sp/><sp/></highlight><highlight class="keyword">delete</highlight><highlight class="normal"><sp/>texture;</highlight></codeline>
<codeline lineno="73"><highlight class="normal"><sp/><sp/><sp/><sp/><sp/><sp/><sp/><sp/></highlight><highlight class="comment">//this-&gt;world-&gt;DestroyBody(this-&gt;body);</highlight><highlight class="normal"></highlight></codeline>
<codeline lineno="74"><highlight class="normal"></highlight></codeline>
<codeline lineno="75"><highlight class="normal"><sp/><sp/><sp/><sp/><sp/><sp/><sp/><sp/>std::cout<sp/>&lt;&lt;<sp/></highlight><highlight class="stringliteral">&quot;DIE&quot;</highlight><highlight class="normal"><sp/>&lt;&lt;<sp/>std::endl;</highlight></codeline>
<codeline lineno="76"><highlight class="normal"></highlight></codeline>
<codeline lineno="77"><highlight class="normal"><sp/><sp/><sp/><sp/><sp/><sp/><sp/><sp/>}</highlight></codeline>
<codeline lineno="78"><highlight class="normal"></highlight></codeline>
<codeline lineno="79"><highlight class="normal"><sp/><sp/><sp/><sp/><sp/><sp/><sp/><sp/></highlight><highlight class="comment">//sf::RectangleShape<sp/>get_debug_rect()</highlight><highlight class="normal"></highlight></codeline>
<codeline lineno="80"><highlight class="normal"><sp/><sp/><sp/><sp/><sp/><sp/><sp/><sp/></highlight><highlight class="comment">//{</highlight><highlight class="normal"></highlight></codeline>
<codeline lineno="81"><highlight class="normal"><sp/><sp/><sp/><sp/><sp/><sp/><sp/><sp/></highlight><highlight class="comment">//<sp/><sp/>return<sp/>*debug;</highlight><highlight class="normal"></highlight></codeline>
<codeline lineno="82"><highlight class="normal"><sp/><sp/><sp/><sp/><sp/><sp/><sp/><sp/></highlight><highlight class="comment">//}</highlight><highlight class="normal"></highlight></codeline>
<codeline lineno="83"><highlight class="normal"></highlight></codeline>
<codeline lineno="84"><highlight class="normal"></highlight></codeline>
<codeline lineno="85"><highlight class="normal"><sp/><sp/><sp/><sp/><sp/><sp/><sp/><sp/></highlight><highlight class="keywordtype">void</highlight><highlight class="normal"><sp/><ref refid="d1/da9/class_sekander_1_1_entity_1a85095c868a53dffcb7d1f9c080448c7f" kindref="member">Destroy</ref>();</highlight></codeline>
<codeline lineno="86"><highlight class="normal"><sp/><sp/><sp/><sp/><sp/><sp/><sp/><sp/></highlight><highlight class="keywordtype">void</highlight><highlight class="normal"><sp/><ref refid="d1/da9/class_sekander_1_1_entity_1a084a9bfb47b0efd2c5098e5f97b51c79" kindref="member">Enable</ref>();</highlight></codeline>
<codeline lineno="87" refid="d1/da9/class_sekander_1_1_entity_1a61bec1a7b77dd9b5e08c0908566450d4" refkind="member"><highlight class="normal"><sp/><sp/><sp/><sp/><sp/><sp/><sp/><sp/>b2Body*<sp/><ref refid="d1/da9/class_sekander_1_1_entity_1a61bec1a7b77dd9b5e08c0908566450d4" kindref="member">body</ref>;</highlight></codeline>
<codeline lineno="88"><highlight class="normal"></highlight></codeline>
<codeline lineno="89"><highlight class="normal"><sp/><sp/><sp/><sp/><sp/><sp/><sp/><sp/><ref refid="d1/da9/class_sekander_1_1_entity_1a2246c81f180544956e614c786b7a2427" kindref="member">~Entity</ref>();</highlight></codeline>
<codeline lineno="90"><highlight class="normal"><sp/><sp/><sp/><sp/></highlight><highlight class="keyword">protected</highlight><highlight class="normal">:</highlight></codeline>
<codeline lineno="91" refid="d1/da9/class_sekander_1_1_entity_1a6bd181c05edd3e27fa18efdd5dab2895" refkind="member"><highlight class="normal"><sp/><sp/><sp/><sp/><sp/><sp/><sp/><sp/></highlight><highlight class="keywordtype">int</highlight><highlight class="normal"><sp/><ref refid="d1/da9/class_sekander_1_1_entity_1a6bd181c05edd3e27fa18efdd5dab2895" kindref="member">active</ref>;</highlight></codeline>
<codeline lineno="92" refid="d1/da9/class_sekander_1_1_entity_1a877b3b7b7b81c7e11cb174d1a4fc3b85" refkind="member"><highlight class="normal"><sp/><sp/><sp/><sp/><sp/><sp/><sp/><sp/></highlight><highlight class="keywordtype">int</highlight><highlight class="normal"><sp/><ref refid="d1/da9/class_sekander_1_1_entity_1a877b3b7b7b81c7e11cb174d1a4fc3b85" kindref="member">groupId</ref>;</highlight></codeline>
<codeline lineno="93" refid="d1/da9/class_sekander_1_1_entity_1a6c88c4e735203734409fdd7b1eddca39" refkind="member"><highlight class="normal"><sp/><sp/><sp/><sp/><sp/><sp/><sp/><sp/>b2World*<sp/><ref refid="d1/da9/class_sekander_1_1_entity_1a6c88c4e735203734409fdd7b1eddca39" kindref="member">world</ref>;</highlight></codeline>
<codeline lineno="94" refid="d1/da9/class_sekander_1_1_entity_1af8218d721852341a99eb08ee8ead53ff" refkind="member"><highlight class="normal"><sp/><sp/><sp/><sp/><sp/><sp/><sp/><sp/>b2BodyDef*<sp/><ref refid="d1/da9/class_sekander_1_1_entity_1af8218d721852341a99eb08ee8ead53ff" kindref="member">bodyDef</ref>;</highlight></codeline>
<codeline lineno="95" refid="d1/da9/class_sekander_1_1_entity_1a51d32e27f0af3c9f1d68cc27117310ad" refkind="member"><highlight class="normal"><sp/><sp/><sp/><sp/><sp/><sp/><sp/><sp/>b2PolygonShape*<sp/><ref refid="d1/da9/class_sekander_1_1_entity_1a51d32e27f0af3c9f1d68cc27117310ad" kindref="member">shape</ref>;</highlight></codeline>
<codeline lineno="96" refid="d1/da9/class_sekander_1_1_entity_1a85af7309806860be286eb7b7fa89856e" refkind="member"><highlight class="normal"><sp/><sp/><sp/><sp/><sp/><sp/><sp/><sp/>b2EdgeShape*<sp/><ref refid="d1/da9/class_sekander_1_1_entity_1a85af7309806860be286eb7b7fa89856e" kindref="member">edge</ref>;</highlight></codeline>
<codeline lineno="97" refid="d1/da9/class_sekander_1_1_entity_1ab1117f25502fe84887cae07b40272bbf" refkind="member"><highlight class="normal"><sp/><sp/><sp/><sp/><sp/><sp/><sp/><sp/>b2CircleShape*<sp/><ref refid="d1/da9/class_sekander_1_1_entity_1ab1117f25502fe84887cae07b40272bbf" kindref="member">circle</ref>;</highlight></codeline>
<codeline lineno="98" refid="d1/da9/class_sekander_1_1_entity_1a1320e01ecadb8733a7a6204c8383bd4c" refkind="member"><highlight class="normal"><sp/><sp/><sp/><sp/><sp/><sp/><sp/><sp/>b2FixtureDef*<sp/><ref refid="d1/da9/class_sekander_1_1_entity_1a1320e01ecadb8733a7a6204c8383bd4c" kindref="member">fixtureDef</ref>;</highlight></codeline>
<codeline lineno="99"><highlight class="normal"></highlight></codeline>
<codeline lineno="100"><highlight class="normal"><sp/><sp/><sp/><sp/><sp/><sp/><sp/><sp/></highlight><highlight class="comment">//b2Shape*<sp/>she;</highlight><highlight class="normal"></highlight></codeline>
<codeline lineno="101"><highlight class="normal"><sp/><sp/><sp/><sp/><sp/><sp/><sp/><sp/></highlight></codeline>
<codeline lineno="102"><highlight class="normal"><sp/><sp/><sp/><sp/></highlight><highlight class="keyword">private</highlight><highlight class="normal">:</highlight></codeline>
<codeline lineno="103"><highlight class="normal"><sp/><sp/><sp/><sp/><sp/><sp/><sp/><sp/>sf::Texture*<sp/>texture;</highlight></codeline>
<codeline lineno="104"><highlight class="normal"><sp/><sp/><sp/><sp/><sp/><sp/><sp/><sp/></highlight><highlight class="comment">//sf::RectangleShape*<sp/>debug;</highlight><highlight class="normal"></highlight></codeline>
<codeline lineno="105"><highlight class="normal"><sp/><sp/><sp/><sp/><sp/><sp/><sp/><sp/></highlight><highlight class="comment">//sf::FloatRect*<sp/>f_debug;</highlight><highlight class="normal"></highlight></codeline>
<codeline lineno="106"><highlight class="normal"><sp/><sp/><sp/><sp/>};</highlight></codeline>
<codeline lineno="107"><highlight class="normal"></highlight></codeline>
<codeline lineno="108"><highlight class="normal">}</highlight></codeline>
    </programlisting>
    <location file="entity.h"/>
  </compounddef>
</doxygen>
