<?xml version='1.0' encoding='UTF-8' standalone='no'?>
<doxygen xmlns:xsi="http://www.w3.org/2001/XMLSchema-instance" xsi:noNamespaceSchemaLocation="compound.xsd" version="1.9.2" xml:lang="en-US">
  <compounddef id="dd/d9d/class_sekander_1_1_main_menu_state" kind="class" language="C++" prot="public">
    <compoundname>Sekander::MainMenuState</compoundname>
    <basecompoundref refid="dc/df0/class_sekander_1_1_state" prot="public" virt="non-virtual">Sekander::State</basecompoundref>
    <includes refid="db/d83/_main_menu_state_8hpp" local="no">MainMenuState.hpp</includes>
      <sectiondef kind="private-attrib">
      <memberdef kind="variable" id="dd/d9d/class_sekander_1_1_main_menu_state_1a531c88f2e6cc0645a0884a838c821ebc" prot="private" static="no" mutable="no">
        <type><ref refid="d8/d6a/namespace_sekander_1a1d69b002ba2d23020901c28f0def5e16" kindref="member">GameDataRef</ref></type>
        <definition>GameDataRef Sekander::MainMenuState::_data</definition>
        <argsstring></argsstring>
        <name>_data</name>
        <briefdescription>
        </briefdescription>
        <detaileddescription>
        </detaileddescription>
        <inbodydescription>
        </inbodydescription>
        <location file="MainMenuState.hpp" line="32" column="13" bodyfile="MainMenuState.hpp" bodystart="32" bodyend="-1"/>
      </memberdef>
      <memberdef kind="variable" id="dd/d9d/class_sekander_1_1_main_menu_state_1a6a325d1ce58ad153f8647cf415968e50" prot="private" static="no" mutable="no">
        <type>sf::Clock</type>
        <definition>sf::Clock Sekander::MainMenuState::_clock</definition>
        <argsstring></argsstring>
        <name>_clock</name>
        <briefdescription>
        </briefdescription>
        <detaileddescription>
        </detaileddescription>
        <inbodydescription>
        </inbodydescription>
        <location file="MainMenuState.hpp" line="33" column="11" bodyfile="MainMenuState.hpp" bodystart="33" bodyend="-1"/>
      </memberdef>
      <memberdef kind="variable" id="dd/d9d/class_sekander_1_1_main_menu_state_1a4397a65b30ddc70f19fb7cb5eef95b40" prot="private" static="no" mutable="no">
        <type>sf::Sprite</type>
        <definition>sf::Sprite Sekander::MainMenuState::_background</definition>
        <argsstring></argsstring>
        <name>_background</name>
        <briefdescription>
        </briefdescription>
        <detaileddescription>
        </detaileddescription>
        <inbodydescription>
        </inbodydescription>
        <location file="MainMenuState.hpp" line="35" column="12" bodyfile="MainMenuState.hpp" bodystart="35" bodyend="-1"/>
      </memberdef>
      <memberdef kind="variable" id="dd/d9d/class_sekander_1_1_main_menu_state_1ab8a4eec1c1100bed373e648a0659d26c" prot="private" static="no" mutable="no">
        <type>sf::Sprite</type>
        <definition>sf::Sprite Sekander::MainMenuState::_title</definition>
        <argsstring></argsstring>
        <name>_title</name>
        <briefdescription>
        </briefdescription>
        <detaileddescription>
        </detaileddescription>
        <inbodydescription>
        </inbodydescription>
        <location file="MainMenuState.hpp" line="36" column="12" bodyfile="MainMenuState.hpp" bodystart="36" bodyend="-1"/>
      </memberdef>
      <memberdef kind="variable" id="dd/d9d/class_sekander_1_1_main_menu_state_1a0283163c03392b1f056e682885822568" prot="private" static="no" mutable="no">
        <type>sf::Sprite</type>
        <definition>sf::Sprite Sekander::MainMenuState::_playButton</definition>
        <argsstring></argsstring>
        <name>_playButton</name>
        <briefdescription>
        </briefdescription>
        <detaileddescription>
        </detaileddescription>
        <inbodydescription>
        </inbodydescription>
        <location file="MainMenuState.hpp" line="37" column="12" bodyfile="MainMenuState.hpp" bodystart="37" bodyend="-1"/>
      </memberdef>
      <memberdef kind="variable" id="dd/d9d/class_sekander_1_1_main_menu_state_1ab1dafb7e7d50beb5418e72334f81dabd" prot="private" static="no" mutable="no">
        <type>const char *</type>
        <definition>const char* Sekander::MainMenuState::xml_DOC</definition>
        <argsstring></argsstring>
        <name>xml_DOC</name>
        <briefdescription>
        </briefdescription>
        <detaileddescription>
        </detaileddescription>
        <inbodydescription>
        </inbodydescription>
        <location file="MainMenuState.hpp" line="41" column="12" bodyfile="MainMenuState.hpp" bodystart="41" bodyend="-1"/>
      </memberdef>
      <memberdef kind="variable" id="dd/d9d/class_sekander_1_1_main_menu_state_1ac0847b104c1fcbfcf19c9216b453d34c" prot="private" static="no" mutable="no">
        <type><ref refid="db/d78/class_sekander_1_1_loading_game_objects" kindref="compound">LoadingGameObjects</ref> *</type>
        <definition>LoadingGameObjects* Sekander::MainMenuState::ld</definition>
        <argsstring></argsstring>
        <name>ld</name>
        <briefdescription>
        </briefdescription>
        <detaileddescription>
        </detaileddescription>
        <inbodydescription>
        </inbodydescription>
        <location file="MainMenuState.hpp" line="43" column="20" bodyfile="MainMenuState.hpp" bodystart="43" bodyend="-1"/>
      </memberdef>
      <memberdef kind="variable" id="dd/d9d/class_sekander_1_1_main_menu_state_1a9e445190379faaf2b2f7f8a97f55204d" prot="private" static="no" mutable="no">
        <type>sf::SoundBuffer</type>
        <definition>sf::SoundBuffer Sekander::MainMenuState::buffer</definition>
        <argsstring></argsstring>
        <name>buffer</name>
        <briefdescription>
        </briefdescription>
        <detaileddescription>
        </detaileddescription>
        <inbodydescription>
        </inbodydescription>
        <location file="MainMenuState.hpp" line="44" column="17" bodyfile="MainMenuState.hpp" bodystart="44" bodyend="-1"/>
      </memberdef>
      <memberdef kind="variable" id="dd/d9d/class_sekander_1_1_main_menu_state_1af764062a7f43fc388d4e687ab3dca3e5" prot="private" static="no" mutable="no">
        <type>sf::Sound</type>
        <definition>sf::Sound Sekander::MainMenuState::sound</definition>
        <argsstring></argsstring>
        <name>sound</name>
        <briefdescription>
        </briefdescription>
        <detaileddescription>
        </detaileddescription>
        <inbodydescription>
        </inbodydescription>
        <location file="MainMenuState.hpp" line="45" column="11" bodyfile="MainMenuState.hpp" bodystart="45" bodyend="-1"/>
      </memberdef>
      <memberdef kind="variable" id="dd/d9d/class_sekander_1_1_main_menu_state_1afa67fe296f512954d3c571e2c238ebd0" prot="private" static="no" mutable="no">
        <type>sf::RectangleShape</type>
        <definition>sf::RectangleShape Sekander::MainMenuState::selection_rec</definition>
        <argsstring></argsstring>
        <name>selection_rec</name>
        <briefdescription>
        </briefdescription>
        <detaileddescription>
        </detaileddescription>
        <inbodydescription>
        </inbodydescription>
        <location file="MainMenuState.hpp" line="50" column="20" bodyfile="MainMenuState.hpp" bodystart="50" bodyend="-1"/>
      </memberdef>
      <memberdef kind="variable" id="dd/d9d/class_sekander_1_1_main_menu_state_1aca590f1c1e91223e5f783a93592f165c" prot="private" static="no" mutable="no">
        <type>int</type>
        <definition>int Sekander::MainMenuState::r</definition>
        <argsstring></argsstring>
        <name>r</name>
        <initializer>= 100</initializer>
        <briefdescription>
        </briefdescription>
        <detaileddescription>
        </detaileddescription>
        <inbodydescription>
        </inbodydescription>
        <location file="MainMenuState.hpp" line="51" column="5" bodyfile="MainMenuState.hpp" bodystart="51" bodyend="-1"/>
      </memberdef>
      <memberdef kind="variable" id="dd/d9d/class_sekander_1_1_main_menu_state_1a8e13c8df7da479728bef75e72cf4fb29" prot="private" static="no" mutable="no">
        <type>int</type>
        <definition>int Sekander::MainMenuState::b</definition>
        <argsstring></argsstring>
        <name>b</name>
        <initializer>= 255</initializer>
        <briefdescription>
        </briefdescription>
        <detaileddescription>
        </detaileddescription>
        <inbodydescription>
        </inbodydescription>
        <location file="MainMenuState.hpp" line="52" column="5" bodyfile="MainMenuState.hpp" bodystart="52" bodyend="-1"/>
      </memberdef>
      <memberdef kind="variable" id="dd/d9d/class_sekander_1_1_main_menu_state_1a8ee331bec9e89dcc67d231cf1c04bd83" prot="private" static="no" mutable="no">
        <type>int</type>
        <definition>int Sekander::MainMenuState::g</definition>
        <argsstring></argsstring>
        <name>g</name>
        <initializer>= 0</initializer>
        <briefdescription>
        </briefdescription>
        <detaileddescription>
        </detaileddescription>
        <inbodydescription>
        </inbodydescription>
        <location file="MainMenuState.hpp" line="53" column="5" bodyfile="MainMenuState.hpp" bodystart="53" bodyend="-1"/>
      </memberdef>
      <memberdef kind="variable" id="dd/d9d/class_sekander_1_1_main_menu_state_1a1a25539301721a9ee12f71309d5a62f1" prot="private" static="no" mutable="no">
        <type>bool</type>
        <definition>bool Sekander::MainMenuState::play_button</definition>
        <argsstring></argsstring>
        <name>play_button</name>
        <briefdescription>
        </briefdescription>
        <detaileddescription>
        </detaileddescription>
        <inbodydescription>
        </inbodydescription>
        <location file="MainMenuState.hpp" line="56" column="6" bodyfile="MainMenuState.hpp" bodystart="56" bodyend="-1"/>
      </memberdef>
      <memberdef kind="variable" id="dd/d9d/class_sekander_1_1_main_menu_state_1a5ebf1c8d29ebdea2c6f527e0f37929c1" prot="private" static="no" mutable="no">
        <type>bool</type>
        <definition>bool Sekander::MainMenuState::seting_button</definition>
        <argsstring></argsstring>
        <name>seting_button</name>
        <briefdescription>
        </briefdescription>
        <detaileddescription>
        </detaileddescription>
        <inbodydescription>
        </inbodydescription>
        <location file="MainMenuState.hpp" line="57" column="6" bodyfile="MainMenuState.hpp" bodystart="57" bodyend="-1"/>
      </memberdef>
      <memberdef kind="variable" id="dd/d9d/class_sekander_1_1_main_menu_state_1a96d6929e4627393d278b955fd1de5d33" prot="private" static="no" mutable="no">
        <type>bool</type>
        <definition>bool Sekander::MainMenuState::exit_button</definition>
        <argsstring></argsstring>
        <name>exit_button</name>
        <briefdescription>
        </briefdescription>
        <detaileddescription>
        </detaileddescription>
        <inbodydescription>
        </inbodydescription>
        <location file="MainMenuState.hpp" line="58" column="6" bodyfile="MainMenuState.hpp" bodystart="58" bodyend="-1"/>
      </memberdef>
      <memberdef kind="variable" id="dd/d9d/class_sekander_1_1_main_menu_state_1afe1fb61b370c0c2e437af904d2529012" prot="private" static="no" mutable="no">
        <type>double</type>
        <definition>double Sekander::MainMenuState::two_PI</definition>
        <argsstring></argsstring>
        <name>two_PI</name>
        <briefdescription>
        </briefdescription>
        <detaileddescription>
        </detaileddescription>
        <inbodydescription>
        </inbodydescription>
        <location file="MainMenuState.hpp" line="62" column="8" bodyfile="MainMenuState.hpp" bodystart="62" bodyend="-1"/>
      </memberdef>
      <memberdef kind="variable" id="dd/d9d/class_sekander_1_1_main_menu_state_1ac958e893ea737c7940d313d6c85d4f97" prot="private" static="no" mutable="no">
        <type>double</type>
        <definition>double Sekander::MainMenuState::amplitude</definition>
        <argsstring></argsstring>
        <name>amplitude</name>
        <initializer>= 200</initializer>
        <briefdescription>
        </briefdescription>
        <detaileddescription>
        </detaileddescription>
        <inbodydescription>
        </inbodydescription>
        <location file="MainMenuState.hpp" line="63" column="17" bodyfile="MainMenuState.hpp" bodystart="63" bodyend="-1"/>
      </memberdef>
      <memberdef kind="variable" id="dd/d9d/class_sekander_1_1_main_menu_state_1ad598c82514f10a946507387748488e92" prot="private" static="no" mutable="no">
        <type>int</type>
        <definition>int Sekander::MainMenuState::frequency</definition>
        <argsstring></argsstring>
        <name>frequency</name>
        <initializer>= 1</initializer>
        <briefdescription>
        </briefdescription>
        <detaileddescription>
        </detaileddescription>
        <inbodydescription>
        </inbodydescription>
        <location file="MainMenuState.hpp" line="64" column="13" bodyfile="MainMenuState.hpp" bodystart="64" bodyend="-1"/>
      </memberdef>
      <memberdef kind="variable" id="dd/d9d/class_sekander_1_1_main_menu_state_1a0ecd1f7e9110bd75c802497ff59e2220" prot="private" static="no" mutable="no">
        <type>int</type>
        <definition>int Sekander::MainMenuState::k</definition>
        <argsstring></argsstring>
        <name>k</name>
        <initializer>= 0</initializer>
        <briefdescription>
        </briefdescription>
        <detaileddescription>
        </detaileddescription>
        <inbodydescription>
        </inbodydescription>
        <location file="MainMenuState.hpp" line="65" column="13" bodyfile="MainMenuState.hpp" bodystart="65" bodyend="-1"/>
      </memberdef>
      <memberdef kind="variable" id="dd/d9d/class_sekander_1_1_main_menu_state_1a863c7ceaeacacb0176b025aacc2ac4dc" prot="private" static="no" mutable="no">
        <type>double</type>
        <definition>double Sekander::MainMenuState::y</definition>
        <argsstring></argsstring>
        <name>y</name>
        <briefdescription>
        </briefdescription>
        <detaileddescription>
        </detaileddescription>
        <inbodydescription>
        </inbodydescription>
        <location file="MainMenuState.hpp" line="67" column="16" bodyfile="MainMenuState.hpp" bodystart="67" bodyend="-1"/>
      </memberdef>
      <memberdef kind="variable" id="dd/d9d/class_sekander_1_1_main_menu_state_1a8f252e97a1df6804381dd900ec16d9ba" prot="private" static="no" mutable="no">
        <type>double</type>
        <definition>double Sekander::MainMenuState::x</definition>
        <argsstring></argsstring>
        <name>x</name>
        <briefdescription>
        </briefdescription>
        <detaileddescription>
        </detaileddescription>
        <inbodydescription>
        </inbodydescription>
        <location file="MainMenuState.hpp" line="68" column="16" bodyfile="MainMenuState.hpp" bodystart="68" bodyend="-1"/>
      </memberdef>
      <memberdef kind="variable" id="dd/d9d/class_sekander_1_1_main_menu_state_1a66dfd5262c9d2248e4dd4028b4a1b59e" prot="private" static="no" mutable="no">
        <type>double</type>
        <definition>double Sekander::MainMenuState::h</definition>
        <argsstring></argsstring>
        <name>h</name>
        <initializer>= 1</initializer>
        <briefdescription>
        </briefdescription>
        <detaileddescription>
        </detaileddescription>
        <inbodydescription>
        </inbodydescription>
        <location file="MainMenuState.hpp" line="69" column="16" bodyfile="MainMenuState.hpp" bodystart="69" bodyend="-1"/>
      </memberdef>
      <memberdef kind="variable" id="dd/d9d/class_sekander_1_1_main_menu_state_1a31a95c62e0539845388ac18d68c51098" prot="private" static="no" mutable="no">
        <type>int</type>
        <definition>int Sekander::MainMenuState::n_point</definition>
        <argsstring></argsstring>
        <name>n_point</name>
        <initializer>= 1000</initializer>
        <briefdescription>
        </briefdescription>
        <detaileddescription>
        </detaileddescription>
        <inbodydescription>
        </inbodydescription>
        <location file="MainMenuState.hpp" line="72" column="13" bodyfile="MainMenuState.hpp" bodystart="72" bodyend="-1"/>
      </memberdef>
      <memberdef kind="variable" id="dd/d9d/class_sekander_1_1_main_menu_state_1ab4bc4a5922ecc10449370f3e7fa94d47" prot="private" static="no" mutable="no">
        <type>sf::RectangleShape</type>
        <definition>sf::RectangleShape Sekander::MainMenuState::window_rec</definition>
        <argsstring></argsstring>
        <name>window_rec</name>
        <briefdescription>
        </briefdescription>
        <detaileddescription>
        </detaileddescription>
        <inbodydescription>
        </inbodydescription>
        <location file="MainMenuState.hpp" line="80" column="20" bodyfile="MainMenuState.hpp" bodystart="80" bodyend="-1"/>
      </memberdef>
      <memberdef kind="variable" id="dd/d9d/class_sekander_1_1_main_menu_state_1a9e090e4993c718debc56945b2921b751" prot="private" static="no" mutable="no">
        <type>sf::RectangleShape</type>
        <definition>sf::RectangleShape Sekander::MainMenuState::window_rec2</definition>
        <argsstring></argsstring>
        <name>window_rec2</name>
        <briefdescription>
        </briefdescription>
        <detaileddescription>
        </detaileddescription>
        <inbodydescription>
        </inbodydescription>
        <location file="MainMenuState.hpp" line="81" column="20" bodyfile="MainMenuState.hpp" bodystart="81" bodyend="-1"/>
      </memberdef>
      <memberdef kind="variable" id="dd/d9d/class_sekander_1_1_main_menu_state_1aa371caf0a47f5f6423236d0d33cccf22" prot="private" static="no" mutable="no">
        <type>int</type>
        <definition>int Sekander::MainMenuState::a</definition>
        <argsstring></argsstring>
        <name>a</name>
        <initializer>= 255</initializer>
        <briefdescription>
        </briefdescription>
        <detaileddescription>
        </detaileddescription>
        <inbodydescription>
        </inbodydescription>
        <location file="MainMenuState.hpp" line="82" column="5" bodyfile="MainMenuState.hpp" bodystart="82" bodyend="-1"/>
      </memberdef>
      <memberdef kind="variable" id="dd/d9d/class_sekander_1_1_main_menu_state_1a6325eb8b3d56ee143f033ea897ff9bbd" prot="private" static="no" mutable="no">
        <type>int</type>
        <definition>int Sekander::MainMenuState::a_b</definition>
        <argsstring></argsstring>
        <name>a_b</name>
        <initializer>= 0</initializer>
        <briefdescription>
        </briefdescription>
        <detaileddescription>
        </detaileddescription>
        <inbodydescription>
        </inbodydescription>
        <location file="MainMenuState.hpp" line="83" column="5" bodyfile="MainMenuState.hpp" bodystart="83" bodyend="-1"/>
      </memberdef>
      <memberdef kind="variable" id="dd/d9d/class_sekander_1_1_main_menu_state_1acea6e58d065065f4bc83b27f8b082a13" prot="private" static="no" mutable="no">
        <type>bool</type>
        <definition>bool Sekander::MainMenuState::_max</definition>
        <argsstring></argsstring>
        <name>_max</name>
        <briefdescription>
        </briefdescription>
        <detaileddescription>
        </detaileddescription>
        <inbodydescription>
        </inbodydescription>
        <location file="MainMenuState.hpp" line="84" column="6" bodyfile="MainMenuState.hpp" bodystart="84" bodyend="-1"/>
      </memberdef>
      <memberdef kind="variable" id="dd/d9d/class_sekander_1_1_main_menu_state_1a186148721efc437af0da39d75ebe00c3" prot="private" static="no" mutable="no">
        <type>bool</type>
        <definition>bool Sekander::MainMenuState::fade_out</definition>
        <argsstring></argsstring>
        <name>fade_out</name>
        <briefdescription>
        </briefdescription>
        <detaileddescription>
        </detaileddescription>
        <inbodydescription>
        </inbodydescription>
        <location file="MainMenuState.hpp" line="86" column="6" bodyfile="MainMenuState.hpp" bodystart="86" bodyend="-1"/>
      </memberdef>
      </sectiondef>
      <sectiondef kind="public-func">
      <memberdef kind="function" id="dd/d9d/class_sekander_1_1_main_menu_state_1a6358c7103ad56cb05813567ab1d591ba" prot="public" static="no" const="no" explicit="no" inline="no" virt="non-virtual">
        <type></type>
        <definition>Sekander::MainMenuState::MainMenuState</definition>
        <argsstring>(GameDataRef data)</argsstring>
        <name>MainMenuState</name>
        <param>
          <type><ref refid="d8/d6a/namespace_sekander_1a1d69b002ba2d23020901c28f0def5e16" kindref="member">GameDataRef</ref></type>
          <declname>data</declname>
        </param>
        <briefdescription>
        </briefdescription>
        <detaileddescription>
        </detaileddescription>
        <inbodydescription>
        </inbodydescription>
        <location file="MainMenuState.hpp" line="21" column="1" bodyfile="MainMenuState.cpp" bodystart="16" bodyend="19"/>
      </memberdef>
      <memberdef kind="function" id="dd/d9d/class_sekander_1_1_main_menu_state_1aeeea19d38e84e2ed002a4b47d6d8885e" prot="public" static="no" const="no" explicit="no" inline="no" virt="non-virtual">
        <type></type>
        <definition>Sekander::MainMenuState::MainMenuState</definition>
        <argsstring>(GameDataRef data, const char *xml_DOC)</argsstring>
        <name>MainMenuState</name>
        <param>
          <type><ref refid="d8/d6a/namespace_sekander_1a1d69b002ba2d23020901c28f0def5e16" kindref="member">GameDataRef</ref></type>
          <declname>data</declname>
        </param>
        <param>
          <type>const char *</type>
          <declname>xml_DOC</declname>
        </param>
        <briefdescription>
        </briefdescription>
        <detaileddescription>
        </detaileddescription>
        <inbodydescription>
        </inbodydescription>
        <location file="MainMenuState.hpp" line="22" column="1" bodyfile="MainMenuState.cpp" bodystart="21" bodyend="24"/>
      </memberdef>
      <memberdef kind="function" id="dd/d9d/class_sekander_1_1_main_menu_state_1a45ea852b4aa57ee6c6204da1262c5e91" prot="public" static="no" const="no" explicit="no" inline="no" virt="virtual">
        <type>void</type>
        <definition>void Sekander::MainMenuState::Init</definition>
        <argsstring>()</argsstring>
        <name>Init</name>
        <reimplements refid="dc/df0/class_sekander_1_1_state_1a171be4b77d4c13e01849b867bd3fa8f5">Init</reimplements>
        <briefdescription>
        </briefdescription>
        <detaileddescription>
        </detaileddescription>
        <inbodydescription>
        </inbodydescription>
        <location file="MainMenuState.hpp" line="25" column="6" bodyfile="MainMenuState.cpp" bodystart="42" bodyend="104"/>
        <references refid="db/d78/class_sekander_1_1_loading_game_objects_1ad798b8479b0138f04196e398ab2e2d67" compoundref="df/dec/_loading_game_objects_8cpp" startline="75" endline="179">Sekander::LoadingGameObjects::Load_XML_MENU_SCREEN</references>
        <references refid="df/d44/_d_e_f_i_n_i_t_i_o_n_s_8hpp_1a04cda72602d3ae59216d8aff93ea9b6a" compoundref="df/d44/_d_e_f_i_n_i_t_i_o_n_s_8hpp" startline="12">MAIN_MENU_BACKGROUND_FILEPATH</references>
        <references refid="df/d44/_d_e_f_i_n_i_t_i_o_n_s_8hpp_1ae522dd0ecdf21fe585e5b033e78b019f" compoundref="df/d44/_d_e_f_i_n_i_t_i_o_n_s_8hpp" startline="23">PLAY_BUTTON_FILEPATH</references>
        <references refid="df/d44/_d_e_f_i_n_i_t_i_o_n_s_8hpp_1a6974d08a74da681b3957b2fead2608b8" compoundref="df/d44/_d_e_f_i_n_i_t_i_o_n_s_8hpp" startline="4">SCREEN_HEIGHT</references>
        <references refid="df/d44/_d_e_f_i_n_i_t_i_o_n_s_8hpp_1a2cd109632a6dcccaa80b43561b1ab700" compoundref="df/d44/_d_e_f_i_n_i_t_i_o_n_s_8hpp" startline="3">SCREEN_WIDTH</references>
      </memberdef>
      <memberdef kind="function" id="dd/d9d/class_sekander_1_1_main_menu_state_1a960cd5207d1869e28d6388e267672397" prot="public" static="no" const="no" explicit="no" inline="no" virt="virtual">
        <type>void</type>
        <definition>void Sekander::MainMenuState::HandleInput</definition>
        <argsstring>()</argsstring>
        <name>HandleInput</name>
        <reimplements refid="dc/df0/class_sekander_1_1_state_1ad55ae42f5887db5745fda9f2bd30aaa3">HandleInput</reimplements>
        <briefdescription>
        </briefdescription>
        <detaileddescription>
        </detaileddescription>
        <inbodydescription>
        </inbodydescription>
        <location file="MainMenuState.hpp" line="27" column="6" bodyfile="MainMenuState.cpp" bodystart="106" bodyend="205"/>
        <references refid="df/d44/_d_e_f_i_n_i_t_i_o_n_s_8hpp_1a6974d08a74da681b3957b2fead2608b8" compoundref="df/d44/_d_e_f_i_n_i_t_i_o_n_s_8hpp" startline="4">SCREEN_HEIGHT</references>
        <references refid="df/d44/_d_e_f_i_n_i_t_i_o_n_s_8hpp_1a2cd109632a6dcccaa80b43561b1ab700" compoundref="df/d44/_d_e_f_i_n_i_t_i_o_n_s_8hpp" startline="3">SCREEN_WIDTH</references>
        <references refid="df/d44/_d_e_f_i_n_i_t_i_o_n_s_8hpp_1a06d8261983af6a29c9587c55cf2481d4" compoundref="df/d44/_d_e_f_i_n_i_t_i_o_n_s_8hpp" startline="6">SPLASH_STATE_SHOW_TIME</references>
      </memberdef>
      <memberdef kind="function" id="dd/d9d/class_sekander_1_1_main_menu_state_1aabbfda236df88eee953e3b88ca8e7631" prot="public" static="no" const="no" explicit="no" inline="no" virt="virtual">
        <type>void</type>
        <definition>void Sekander::MainMenuState::Update</definition>
        <argsstring>(float dt)</argsstring>
        <name>Update</name>
        <reimplements refid="dc/df0/class_sekander_1_1_state_1a08d49e399db6f68247f410f7fddc7963">Update</reimplements>
        <param>
          <type>float</type>
          <declname>dt</declname>
        </param>
        <briefdescription>
        </briefdescription>
        <detaileddescription>
        </detaileddescription>
        <inbodydescription>
        </inbodydescription>
        <location file="MainMenuState.hpp" line="28" column="6" bodyfile="MainMenuState.cpp" bodystart="207" bodyend="470"/>
        <references refid="db/d78/class_sekander_1_1_loading_game_objects_1a125ca9c8cac46cc560381b786c3f86db" compoundref="db/db5/_loading_game_objects_8hpp" startline="46" endline="48">Sekander::LoadingGameObjects::Get_Game_objects_Map</references>
        <references refid="db/d78/class_sekander_1_1_loading_game_objects_1a380d17caeefca095fa9166e6426a9cef" compoundref="db/db5/_loading_game_objects_8hpp" startline="66" endline="69">Sekander::LoadingGameObjects::Get_Sprie_Map</references>
        <references refid="df/d44/_d_e_f_i_n_i_t_i_o_n_s_8hpp_1a6974d08a74da681b3957b2fead2608b8" compoundref="df/d44/_d_e_f_i_n_i_t_i_o_n_s_8hpp" startline="4">SCREEN_HEIGHT</references>
        <references refid="db/d78/class_sekander_1_1_loading_game_objects_1a18713ee19900d800be09c3a6c095b7e1" compoundref="db/db5/_loading_game_objects_8hpp" startline="71" endline="74">Sekander::LoadingGameObjects::sdGet_Sprie_Map</references>
      </memberdef>
      <memberdef kind="function" id="dd/d9d/class_sekander_1_1_main_menu_state_1a18aceffe0c53cf90263c24665de379c1" prot="public" static="no" const="no" explicit="no" inline="no" virt="virtual">
        <type>void</type>
        <definition>void Sekander::MainMenuState::Draw</definition>
        <argsstring>(float dt)</argsstring>
        <name>Draw</name>
        <reimplements refid="dc/df0/class_sekander_1_1_state_1a6ae7c2de1985461232a3ad694ca736b5">Draw</reimplements>
        <param>
          <type>float</type>
          <declname>dt</declname>
        </param>
        <briefdescription>
        </briefdescription>
        <detaileddescription>
        </detaileddescription>
        <inbodydescription>
        </inbodydescription>
        <location file="MainMenuState.hpp" line="29" column="6" bodyfile="MainMenuState.cpp" bodystart="472" bodyend="503"/>
        <references refid="db/d78/class_sekander_1_1_loading_game_objects_1a18713ee19900d800be09c3a6c095b7e1" compoundref="db/db5/_loading_game_objects_8hpp" startline="71" endline="74">Sekander::LoadingGameObjects::sdGet_Sprie_Map</references>
      </memberdef>
      </sectiondef>
    <briefdescription>
    </briefdescription>
    <detaileddescription>
    </detaileddescription>
    <inheritancegraph>
      <node id="1">
        <label>Sekander::MainMenuState</label>
        <link refid="dd/d9d/class_sekander_1_1_main_menu_state"/>
        <childnode refid="2" relation="public-inheritance">
        </childnode>
      </node>
      <node id="2">
        <label>Sekander::State</label>
        <link refid="dc/df0/class_sekander_1_1_state"/>
      </node>
    </inheritancegraph>
    <collaborationgraph>
      <node id="1">
        <label>Sekander::MainMenuState</label>
        <link refid="dd/d9d/class_sekander_1_1_main_menu_state"/>
        <childnode refid="2" relation="public-inheritance">
        </childnode>
      </node>
      <node id="2">
        <label>Sekander::State</label>
        <link refid="dc/df0/class_sekander_1_1_state"/>
      </node>
    </collaborationgraph>
    <location file="MainMenuState.hpp" line="18" column="1" bodyfile="MainMenuState.hpp" bodystart="19" bodyend="90"/>
    <listofallmembers>
      <member refid="dd/d9d/class_sekander_1_1_main_menu_state_1a4397a65b30ddc70f19fb7cb5eef95b40" prot="private" virt="non-virtual"><scope>Sekander::MainMenuState</scope><name>_background</name></member>
      <member refid="dd/d9d/class_sekander_1_1_main_menu_state_1a6a325d1ce58ad153f8647cf415968e50" prot="private" virt="non-virtual"><scope>Sekander::MainMenuState</scope><name>_clock</name></member>
      <member refid="dd/d9d/class_sekander_1_1_main_menu_state_1a531c88f2e6cc0645a0884a838c821ebc" prot="private" virt="non-virtual"><scope>Sekander::MainMenuState</scope><name>_data</name></member>
      <member refid="dd/d9d/class_sekander_1_1_main_menu_state_1acea6e58d065065f4bc83b27f8b082a13" prot="private" virt="non-virtual"><scope>Sekander::MainMenuState</scope><name>_max</name></member>
      <member refid="dd/d9d/class_sekander_1_1_main_menu_state_1a0283163c03392b1f056e682885822568" prot="private" virt="non-virtual"><scope>Sekander::MainMenuState</scope><name>_playButton</name></member>
      <member refid="dd/d9d/class_sekander_1_1_main_menu_state_1ab8a4eec1c1100bed373e648a0659d26c" prot="private" virt="non-virtual"><scope>Sekander::MainMenuState</scope><name>_title</name></member>
      <member refid="dd/d9d/class_sekander_1_1_main_menu_state_1aa371caf0a47f5f6423236d0d33cccf22" prot="private" virt="non-virtual"><scope>Sekander::MainMenuState</scope><name>a</name></member>
      <member refid="dd/d9d/class_sekander_1_1_main_menu_state_1a6325eb8b3d56ee143f033ea897ff9bbd" prot="private" virt="non-virtual"><scope>Sekander::MainMenuState</scope><name>a_b</name></member>
      <member refid="dd/d9d/class_sekander_1_1_main_menu_state_1ac958e893ea737c7940d313d6c85d4f97" prot="private" virt="non-virtual"><scope>Sekander::MainMenuState</scope><name>amplitude</name></member>
      <member refid="dd/d9d/class_sekander_1_1_main_menu_state_1a8e13c8df7da479728bef75e72cf4fb29" prot="private" virt="non-virtual"><scope>Sekander::MainMenuState</scope><name>b</name></member>
      <member refid="dd/d9d/class_sekander_1_1_main_menu_state_1a9e445190379faaf2b2f7f8a97f55204d" prot="private" virt="non-virtual"><scope>Sekander::MainMenuState</scope><name>buffer</name></member>
      <member refid="dd/d9d/class_sekander_1_1_main_menu_state_1a18aceffe0c53cf90263c24665de379c1" prot="public" virt="virtual"><scope>Sekander::MainMenuState</scope><name>Draw</name></member>
      <member refid="dd/d9d/class_sekander_1_1_main_menu_state_1a96d6929e4627393d278b955fd1de5d33" prot="private" virt="non-virtual"><scope>Sekander::MainMenuState</scope><name>exit_button</name></member>
      <member refid="dd/d9d/class_sekander_1_1_main_menu_state_1a186148721efc437af0da39d75ebe00c3" prot="private" virt="non-virtual"><scope>Sekander::MainMenuState</scope><name>fade_out</name></member>
      <member refid="dd/d9d/class_sekander_1_1_main_menu_state_1ad598c82514f10a946507387748488e92" prot="private" virt="non-virtual"><scope>Sekander::MainMenuState</scope><name>frequency</name></member>
      <member refid="dd/d9d/class_sekander_1_1_main_menu_state_1a8ee331bec9e89dcc67d231cf1c04bd83" prot="private" virt="non-virtual"><scope>Sekander::MainMenuState</scope><name>g</name></member>
      <member refid="dd/d9d/class_sekander_1_1_main_menu_state_1a66dfd5262c9d2248e4dd4028b4a1b59e" prot="private" virt="non-virtual"><scope>Sekander::MainMenuState</scope><name>h</name></member>
      <member refid="dd/d9d/class_sekander_1_1_main_menu_state_1a960cd5207d1869e28d6388e267672397" prot="public" virt="virtual"><scope>Sekander::MainMenuState</scope><name>HandleInput</name></member>
      <member refid="dd/d9d/class_sekander_1_1_main_menu_state_1a45ea852b4aa57ee6c6204da1262c5e91" prot="public" virt="virtual"><scope>Sekander::MainMenuState</scope><name>Init</name></member>
      <member refid="dd/d9d/class_sekander_1_1_main_menu_state_1a0ecd1f7e9110bd75c802497ff59e2220" prot="private" virt="non-virtual"><scope>Sekander::MainMenuState</scope><name>k</name></member>
      <member refid="dd/d9d/class_sekander_1_1_main_menu_state_1ac0847b104c1fcbfcf19c9216b453d34c" prot="private" virt="non-virtual"><scope>Sekander::MainMenuState</scope><name>ld</name></member>
      <member refid="dd/d9d/class_sekander_1_1_main_menu_state_1a6358c7103ad56cb05813567ab1d591ba" prot="public" virt="non-virtual"><scope>Sekander::MainMenuState</scope><name>MainMenuState</name></member>
      <member refid="dd/d9d/class_sekander_1_1_main_menu_state_1aeeea19d38e84e2ed002a4b47d6d8885e" prot="public" virt="non-virtual"><scope>Sekander::MainMenuState</scope><name>MainMenuState</name></member>
      <member refid="dd/d9d/class_sekander_1_1_main_menu_state_1a31a95c62e0539845388ac18d68c51098" prot="private" virt="non-virtual"><scope>Sekander::MainMenuState</scope><name>n_point</name></member>
      <member refid="dd/d9d/class_sekander_1_1_main_menu_state_1a1a25539301721a9ee12f71309d5a62f1" prot="private" virt="non-virtual"><scope>Sekander::MainMenuState</scope><name>play_button</name></member>
      <member refid="dd/d9d/class_sekander_1_1_main_menu_state_1aca590f1c1e91223e5f783a93592f165c" prot="private" virt="non-virtual"><scope>Sekander::MainMenuState</scope><name>r</name></member>
      <member refid="dd/d9d/class_sekander_1_1_main_menu_state_1afa67fe296f512954d3c571e2c238ebd0" prot="private" virt="non-virtual"><scope>Sekander::MainMenuState</scope><name>selection_rec</name></member>
      <member refid="dd/d9d/class_sekander_1_1_main_menu_state_1a5ebf1c8d29ebdea2c6f527e0f37929c1" prot="private" virt="non-virtual"><scope>Sekander::MainMenuState</scope><name>seting_button</name></member>
      <member refid="dd/d9d/class_sekander_1_1_main_menu_state_1af764062a7f43fc388d4e687ab3dca3e5" prot="private" virt="non-virtual"><scope>Sekander::MainMenuState</scope><name>sound</name></member>
      <member refid="dd/d9d/class_sekander_1_1_main_menu_state_1afe1fb61b370c0c2e437af904d2529012" prot="private" virt="non-virtual"><scope>Sekander::MainMenuState</scope><name>two_PI</name></member>
      <member refid="dd/d9d/class_sekander_1_1_main_menu_state_1aabbfda236df88eee953e3b88ca8e7631" prot="public" virt="virtual"><scope>Sekander::MainMenuState</scope><name>Update</name></member>
      <member refid="dd/d9d/class_sekander_1_1_main_menu_state_1ab4bc4a5922ecc10449370f3e7fa94d47" prot="private" virt="non-virtual"><scope>Sekander::MainMenuState</scope><name>window_rec</name></member>
      <member refid="dd/d9d/class_sekander_1_1_main_menu_state_1a9e090e4993c718debc56945b2921b751" prot="private" virt="non-virtual"><scope>Sekander::MainMenuState</scope><name>window_rec2</name></member>
      <member refid="dd/d9d/class_sekander_1_1_main_menu_state_1a8f252e97a1df6804381dd900ec16d9ba" prot="private" virt="non-virtual"><scope>Sekander::MainMenuState</scope><name>x</name></member>
      <member refid="dd/d9d/class_sekander_1_1_main_menu_state_1ab1dafb7e7d50beb5418e72334f81dabd" prot="private" virt="non-virtual"><scope>Sekander::MainMenuState</scope><name>xml_DOC</name></member>
      <member refid="dd/d9d/class_sekander_1_1_main_menu_state_1a863c7ceaeacacb0176b025aacc2ac4dc" prot="private" virt="non-virtual"><scope>Sekander::MainMenuState</scope><name>y</name></member>
    </listofallmembers>
  </compounddef>
</doxygen>
