<?xml version='1.0' encoding='UTF-8' standalone='no'?>
<doxygen xmlns:xsi="http://www.w3.org/2001/XMLSchema-instance" xsi:noNamespaceSchemaLocation="compound.xsd" version="1.9.2" xml:lang="en-US">
  <compounddef id="d4/d7c/class_sekander_1_1_enemy" kind="class" language="C++" prot="public">
    <compoundname>Sekander::Enemy</compoundname>
    <basecompoundref refid="d4/d74/class_sekander_1_1_game_world" prot="public" virt="non-virtual">Sekander::GameWorld</basecompoundref>
    <includes refid="da/dda/_enemy_8hpp" local="no">Enemy.hpp</includes>
      <sectiondef kind="private-attrib">
      <memberdef kind="variable" id="d4/d7c/class_sekander_1_1_enemy_1aa396253ab86229a1ccd7fd780821dbaa" prot="private" static="no" mutable="no">
        <type><ref refid="d8/d6a/namespace_sekander_1a1d69b002ba2d23020901c28f0def5e16" kindref="member">GameDataRef</ref></type>
        <definition>GameDataRef Sekander::Enemy::_data</definition>
        <argsstring></argsstring>
        <name>_data</name>
        <briefdescription>
        </briefdescription>
        <detaileddescription>
        </detaileddescription>
        <inbodydescription>
        </inbodydescription>
        <location file="Enemy.hpp" line="386" column="13" bodyfile="Enemy.hpp" bodystart="386" bodyend="-1"/>
      </memberdef>
      <memberdef kind="variable" id="d4/d7c/class_sekander_1_1_enemy_1ae0e65a6e8bd507863c18885083d536ef" prot="private" static="no" mutable="no">
        <type>std::string</type>
        <definition>std::string Sekander::Enemy::m_key</definition>
        <argsstring></argsstring>
        <name>m_key</name>
        <briefdescription>
        </briefdescription>
        <detaileddescription>
        </detaileddescription>
        <inbodydescription>
        </inbodydescription>
        <location file="Enemy.hpp" line="387" column="13" bodyfile="Enemy.hpp" bodystart="387" bodyend="-1"/>
      </memberdef>
      <memberdef kind="variable" id="d4/d7c/class_sekander_1_1_enemy_1aa7f0768b14bb1a963a7b71b4e53538b7" prot="private" static="no" mutable="no">
        <type>float</type>
        <definition>float Sekander::Enemy::m_sprite_X_POS</definition>
        <argsstring></argsstring>
        <name>m_sprite_X_POS</name>
        <briefdescription>
        </briefdescription>
        <detaileddescription>
        </detaileddescription>
        <inbodydescription>
        </inbodydescription>
        <location file="Enemy.hpp" line="388" column="7" bodyfile="Enemy.hpp" bodystart="388" bodyend="-1"/>
      </memberdef>
      <memberdef kind="variable" id="d4/d7c/class_sekander_1_1_enemy_1a2987bd4a4703077ba392c61394ba1a70" prot="private" static="no" mutable="no">
        <type>float</type>
        <definition>float Sekander::Enemy::m_sprite_Y_POS</definition>
        <argsstring></argsstring>
        <name>m_sprite_Y_POS</name>
        <briefdescription>
        </briefdescription>
        <detaileddescription>
        </detaileddescription>
        <inbodydescription>
        </inbodydescription>
        <location file="Enemy.hpp" line="389" column="7" bodyfile="Enemy.hpp" bodystart="389" bodyend="-1"/>
      </memberdef>
      <memberdef kind="variable" id="d4/d7c/class_sekander_1_1_enemy_1a0e4ef1c23f56e5aafca0548afe52296b" prot="private" static="no" mutable="no">
        <type>bool</type>
        <definition>bool Sekander::Enemy::m_is_Moving</definition>
        <argsstring></argsstring>
        <name>m_is_Moving</name>
        <briefdescription>
        </briefdescription>
        <detaileddescription>
        </detaileddescription>
        <inbodydescription>
        </inbodydescription>
        <location file="Enemy.hpp" line="390" column="6" bodyfile="Enemy.hpp" bodystart="390" bodyend="-1"/>
      </memberdef>
      <memberdef kind="variable" id="d4/d7c/class_sekander_1_1_enemy_1a67150f00eab0f36b392e942c5de06c4d" prot="private" static="no" mutable="no">
        <type>int</type>
        <definition>int Sekander::Enemy::m_health</definition>
        <argsstring></argsstring>
        <name>m_health</name>
        <briefdescription>
        </briefdescription>
        <detaileddescription>
        </detaileddescription>
        <inbodydescription>
        </inbodydescription>
        <location file="Enemy.hpp" line="391" column="5" bodyfile="Enemy.hpp" bodystart="391" bodyend="-1"/>
      </memberdef>
      <memberdef kind="variable" id="d4/d7c/class_sekander_1_1_enemy_1ab8bc34ab4da56cb9bf549b84da14b01d" prot="private" static="no" mutable="no">
        <type>sf::Text</type>
        <definition>sf::Text Sekander::Enemy::m_health_text</definition>
        <argsstring></argsstring>
        <name>m_health_text</name>
        <briefdescription>
        </briefdescription>
        <detaileddescription>
        </detaileddescription>
        <inbodydescription>
        </inbodydescription>
        <location file="Enemy.hpp" line="392" column="10" bodyfile="Enemy.hpp" bodystart="392" bodyend="-1"/>
      </memberdef>
      <memberdef kind="variable" id="d4/d7c/class_sekander_1_1_enemy_1a0d11445e38fea6233e044a3e2078f195" prot="private" static="no" mutable="no">
        <type>bool</type>
        <definition>bool Sekander::Enemy::m_took_damage</definition>
        <argsstring></argsstring>
        <name>m_took_damage</name>
        <briefdescription>
        </briefdescription>
        <detaileddescription>
        </detaileddescription>
        <inbodydescription>
        </inbodydescription>
        <location file="Enemy.hpp" line="394" column="6" bodyfile="Enemy.hpp" bodystart="394" bodyend="-1"/>
      </memberdef>
      <memberdef kind="variable" id="d4/d7c/class_sekander_1_1_enemy_1adb9b64f9077c99f9ce86627dd6f03edb" prot="private" static="no" mutable="no">
        <type>bool</type>
        <definition>bool Sekander::Enemy::is_alive</definition>
        <argsstring></argsstring>
        <name>is_alive</name>
        <briefdescription>
        </briefdescription>
        <detaileddescription>
        </detaileddescription>
        <inbodydescription>
        </inbodydescription>
        <location file="Enemy.hpp" line="395" column="6" bodyfile="Enemy.hpp" bodystart="395" bodyend="-1"/>
      </memberdef>
      <memberdef kind="variable" id="d4/d7c/class_sekander_1_1_enemy_1a7b2f42cd29c9e7ddf9a4b7be2e969ced" prot="private" static="no" mutable="no">
        <type>bool</type>
        <definition>bool Sekander::Enemy::m_dead</definition>
        <argsstring></argsstring>
        <name>m_dead</name>
        <briefdescription>
        </briefdescription>
        <detaileddescription>
        </detaileddescription>
        <inbodydescription>
        </inbodydescription>
        <location file="Enemy.hpp" line="396" column="6" bodyfile="Enemy.hpp" bodystart="396" bodyend="-1"/>
      </memberdef>
      <memberdef kind="variable" id="d4/d7c/class_sekander_1_1_enemy_1ab69631c38275545e87d25270cce950e0" prot="private" static="no" mutable="no">
        <type>int</type>
        <definition>int Sekander::Enemy::delay</definition>
        <argsstring></argsstring>
        <name>delay</name>
        <initializer>= 0</initializer>
        <briefdescription>
        </briefdescription>
        <detaileddescription>
        </detaileddescription>
        <inbodydescription>
        </inbodydescription>
        <location file="Enemy.hpp" line="400" column="5" bodyfile="Enemy.hpp" bodystart="400" bodyend="-1"/>
      </memberdef>
      <memberdef kind="variable" id="d4/d7c/class_sekander_1_1_enemy_1ad85d76ca502ce719d6c089f9bbfe1500" prot="private" static="no" mutable="no">
        <type>int</type>
        <definition>int Sekander::Enemy::bullet_counter</definition>
        <argsstring></argsstring>
        <name>bullet_counter</name>
        <initializer>= 0</initializer>
        <briefdescription>
        </briefdescription>
        <detaileddescription>
        </detaileddescription>
        <inbodydescription>
        </inbodydescription>
        <location file="Enemy.hpp" line="401" column="17" bodyfile="Enemy.hpp" bodystart="401" bodyend="-1"/>
      </memberdef>
      <memberdef kind="variable" id="d4/d7c/class_sekander_1_1_enemy_1a977b28535f3457d2c83c9dcb1c955440" prot="private" static="no" mutable="no">
        <type>bool</type>
        <definition>bool Sekander::Enemy::dead_gun</definition>
        <argsstring></argsstring>
        <name>dead_gun</name>
        <briefdescription>
        </briefdescription>
        <detaileddescription>
        </detaileddescription>
        <inbodydescription>
        </inbodydescription>
        <location file="Enemy.hpp" line="404" column="5" bodyfile="Enemy.hpp" bodystart="404" bodyend="-1"/>
      </memberdef>
      <memberdef kind="variable" id="d4/d7c/class_sekander_1_1_enemy_1ac47bd10558b515703d7ceb582303b56b" prot="private" static="no" mutable="no">
        <type>int</type>
        <definition>int Sekander::Enemy::m_sprite_WIDTH</definition>
        <argsstring></argsstring>
        <name>m_sprite_WIDTH</name>
        <briefdescription>
        </briefdescription>
        <detaileddescription>
        </detaileddescription>
        <inbodydescription>
        </inbodydescription>
        <location file="Enemy.hpp" line="408" column="5" bodyfile="Enemy.hpp" bodystart="408" bodyend="-1"/>
      </memberdef>
      <memberdef kind="variable" id="d4/d7c/class_sekander_1_1_enemy_1a2e5af993eedfeacbc410a2d70c4ab26b" prot="private" static="no" mutable="no">
        <type>bool</type>
        <definition>bool Sekander::Enemy::m_am_I_backwards</definition>
        <argsstring></argsstring>
        <name>m_am_I_backwards</name>
        <initializer>= false</initializer>
        <briefdescription>
        </briefdescription>
        <detaileddescription>
        </detaileddescription>
        <inbodydescription>
        </inbodydescription>
        <location file="Enemy.hpp" line="410" column="6" bodyfile="Enemy.hpp" bodystart="410" bodyend="-1"/>
      </memberdef>
      <memberdef kind="variable" id="d4/d7c/class_sekander_1_1_enemy_1aa00ab089845d470adeae537f1c2cbe57" prot="private" static="no" mutable="no">
        <type>float</type>
        <definition>float Sekander::Enemy::capture_time</definition>
        <argsstring></argsstring>
        <name>capture_time</name>
        <briefdescription>
        </briefdescription>
        <detaileddescription>
        </detaileddescription>
        <inbodydescription>
        </inbodydescription>
        <location file="Enemy.hpp" line="411" column="7" bodyfile="Enemy.hpp" bodystart="411" bodyend="-1"/>
      </memberdef>
      <memberdef kind="variable" id="d4/d7c/class_sekander_1_1_enemy_1ab92eef06a3ab1207d5611aa660211d6e" prot="private" static="no" mutable="no">
        <type>sf::Clock</type>
        <definition>sf::Clock Sekander::Enemy::gun_clock</definition>
        <argsstring></argsstring>
        <name>gun_clock</name>
        <briefdescription>
        </briefdescription>
        <detaileddescription>
        </detaileddescription>
        <inbodydescription>
        </inbodydescription>
        <location file="Enemy.hpp" line="413" column="11" bodyfile="Enemy.hpp" bodystart="413" bodyend="-1"/>
      </memberdef>
      <memberdef kind="variable" id="d4/d7c/class_sekander_1_1_enemy_1a1ad3f90651834f3f27b4a1c415b5ae15" prot="private" static="no" mutable="no">
        <type>sf::Time</type>
        <definition>sf::Time Sekander::Enemy::time_g</definition>
        <argsstring></argsstring>
        <name>time_g</name>
        <briefdescription>
        </briefdescription>
        <detaileddescription>
        </detaileddescription>
        <inbodydescription>
        </inbodydescription>
        <location file="Enemy.hpp" line="415" column="10" bodyfile="Enemy.hpp" bodystart="415" bodyend="-1"/>
      </memberdef>
      <memberdef kind="variable" id="d4/d7c/class_sekander_1_1_enemy_1ad599a3359bf97e830e840460d36ec9d3" prot="private" static="no" mutable="no">
        <type>sf::RectangleShape</type>
        <definition>sf::RectangleShape Sekander::Enemy::enemy_attack_square</definition>
        <argsstring></argsstring>
        <name>enemy_attack_square</name>
        <briefdescription>
        </briefdescription>
        <detaileddescription>
        </detaileddescription>
        <inbodydescription>
        </inbodydescription>
        <location file="Enemy.hpp" line="417" column="20" bodyfile="Enemy.hpp" bodystart="417" bodyend="-1"/>
      </memberdef>
      <memberdef kind="variable" id="d4/d7c/class_sekander_1_1_enemy_1a44be07820e6bb5f22675a3096d9fd12e" prot="private" static="no" mutable="no">
        <type>int</type>
        <definition>int Sekander::Enemy::pixel_walking_distance</definition>
        <argsstring></argsstring>
        <name>pixel_walking_distance</name>
        <briefdescription>
        </briefdescription>
        <detaileddescription>
        </detaileddescription>
        <inbodydescription>
        </inbodydescription>
        <location file="Enemy.hpp" line="419" column="5" bodyfile="Enemy.hpp" bodystart="419" bodyend="-1"/>
      </memberdef>
      <memberdef kind="variable" id="d4/d7c/class_sekander_1_1_enemy_1a77dd464f39a883a164fe52b23949a5ee" prot="private" static="no" mutable="no">
        <type>float</type>
        <definition>float Sekander::Enemy::e_attack_square_x</definition>
        <argsstring></argsstring>
        <name>e_attack_square_x</name>
        <briefdescription>
        </briefdescription>
        <detaileddescription>
        </detaileddescription>
        <inbodydescription>
        </inbodydescription>
        <location file="Enemy.hpp" line="421" column="7" bodyfile="Enemy.hpp" bodystart="421" bodyend="-1"/>
      </memberdef>
      <memberdef kind="variable" id="d4/d7c/class_sekander_1_1_enemy_1aebdb2d8499d594e233c25ae829525ac1" prot="private" static="no" mutable="no">
        <type>float</type>
        <definition>float Sekander::Enemy::e_attack_square_y</definition>
        <argsstring></argsstring>
        <name>e_attack_square_y</name>
        <briefdescription>
        </briefdescription>
        <detaileddescription>
        </detaileddescription>
        <inbodydescription>
        </inbodydescription>
        <location file="Enemy.hpp" line="422" column="7" bodyfile="Enemy.hpp" bodystart="422" bodyend="-1"/>
      </memberdef>
      <memberdef kind="variable" id="d4/d7c/class_sekander_1_1_enemy_1aadd7613e3130e4f60274bfb22c8d983b" prot="private" static="no" mutable="no">
        <type>float</type>
        <definition>float Sekander::Enemy::b_speed_x</definition>
        <argsstring></argsstring>
        <name>b_speed_x</name>
        <briefdescription>
        </briefdescription>
        <detaileddescription>
        </detaileddescription>
        <inbodydescription>
        </inbodydescription>
        <location file="Enemy.hpp" line="424" column="7" bodyfile="Enemy.hpp" bodystart="424" bodyend="-1"/>
      </memberdef>
      <memberdef kind="variable" id="d4/d7c/class_sekander_1_1_enemy_1ab6bae906e643c667e3fddefc710a7671" prot="private" static="no" mutable="no">
        <type>float</type>
        <definition>float Sekander::Enemy::b_speed_y</definition>
        <argsstring></argsstring>
        <name>b_speed_y</name>
        <briefdescription>
        </briefdescription>
        <detaileddescription>
        </detaileddescription>
        <inbodydescription>
        </inbodydescription>
        <location file="Enemy.hpp" line="425" column="7" bodyfile="Enemy.hpp" bodystart="425" bodyend="-1"/>
      </memberdef>
      <memberdef kind="variable" id="d4/d7c/class_sekander_1_1_enemy_1ad3dc624095323fabfb2be9e4805afd24" prot="private" static="no" mutable="no">
        <type>float</type>
        <definition>float Sekander::Enemy::enemy_speed_x</definition>
        <argsstring></argsstring>
        <name>enemy_speed_x</name>
        <briefdescription>
        </briefdescription>
        <detaileddescription>
        </detaileddescription>
        <inbodydescription>
        </inbodydescription>
        <location file="Enemy.hpp" line="427" column="7" bodyfile="Enemy.hpp" bodystart="427" bodyend="-1"/>
      </memberdef>
      <memberdef kind="variable" id="d4/d7c/class_sekander_1_1_enemy_1a0f04d6bca363cdfcac06832f3de87aaa" prot="private" static="no" mutable="no">
        <type>float</type>
        <definition>float Sekander::Enemy::enemy_speed_y</definition>
        <argsstring></argsstring>
        <name>enemy_speed_y</name>
        <briefdescription>
        </briefdescription>
        <detaileddescription>
        </detaileddescription>
        <inbodydescription>
        </inbodydescription>
        <location file="Enemy.hpp" line="428" column="7" bodyfile="Enemy.hpp" bodystart="428" bodyend="-1"/>
      </memberdef>
      </sectiondef>
      <sectiondef kind="public-func">
      <memberdef kind="function" id="d4/d7c/class_sekander_1_1_enemy_1af9081f1217d2f9b122eaa77361139be9" prot="public" static="no" const="no" explicit="yes" inline="yes" virt="non-virtual">
        <type></type>
        <definition>Sekander::Enemy::Enemy</definition>
        <argsstring>()</argsstring>
        <name>Enemy</name>
        <briefdescription>
        </briefdescription>
        <detaileddescription>
        </detaileddescription>
        <inbodydescription>
        </inbodydescription>
        <location file="Enemy.hpp" line="25" column="10" bodyfile="Enemy.hpp" bodystart="25" bodyend="25"/>
      </memberdef>
      <memberdef kind="function" id="d4/d7c/class_sekander_1_1_enemy_1aa5be2d2f7c44b05ed64686363b465bab" prot="public" static="no" const="no" explicit="yes" inline="yes" virt="non-virtual">
        <type></type>
        <definition>Sekander::Enemy::Enemy</definition>
        <argsstring>(GameDataRef data, std::string key, std::string file_name, int source_x, int source_y, int sprite_WIDTH, int sprite_HEIGHT, bool dynamic, int sprite_X_FRAMES, int sprite_Y_FRAMES, float sprite_X_POS, float sprite_Y_POS, float sprite_ANGLE, int enemy_walking_distance, float attack_square_x, float attack_square_y, float bullet_speed_x, float bullet_speed_y, float enemy_speed_x, float enemy_speed_y)</argsstring>
        <name>Enemy</name>
        <param>
          <type><ref refid="d8/d6a/namespace_sekander_1a1d69b002ba2d23020901c28f0def5e16" kindref="member">GameDataRef</ref></type>
          <declname>data</declname>
        </param>
        <param>
          <type>std::string</type>
          <declname>key</declname>
        </param>
        <param>
          <type>std::string</type>
          <declname>file_name</declname>
        </param>
        <param>
          <type>int</type>
          <declname>source_x</declname>
        </param>
        <param>
          <type>int</type>
          <declname>source_y</declname>
        </param>
        <param>
          <type>int</type>
          <declname>sprite_WIDTH</declname>
        </param>
        <param>
          <type>int</type>
          <declname>sprite_HEIGHT</declname>
        </param>
        <param>
          <type>bool</type>
          <declname>dynamic</declname>
        </param>
        <param>
          <type>int</type>
          <declname>sprite_X_FRAMES</declname>
        </param>
        <param>
          <type>int</type>
          <declname>sprite_Y_FRAMES</declname>
        </param>
        <param>
          <type>float</type>
          <declname>sprite_X_POS</declname>
        </param>
        <param>
          <type>float</type>
          <declname>sprite_Y_POS</declname>
        </param>
        <param>
          <type>float</type>
          <declname>sprite_ANGLE</declname>
        </param>
        <param>
          <type>int</type>
          <declname>enemy_walking_distance</declname>
        </param>
        <param>
          <type>float</type>
          <declname>attack_square_x</declname>
        </param>
        <param>
          <type>float</type>
          <declname>attack_square_y</declname>
        </param>
        <param>
          <type>float</type>
          <declname>bullet_speed_x</declname>
        </param>
        <param>
          <type>float</type>
          <declname>bullet_speed_y</declname>
        </param>
        <param>
          <type>float</type>
          <declname>enemy_speed_x</declname>
        </param>
        <param>
          <type>float</type>
          <declname>enemy_speed_y</declname>
        </param>
        <briefdescription>
        </briefdescription>
        <detaileddescription>
        </detaileddescription>
        <inbodydescription>
        </inbodydescription>
        <location file="Enemy.hpp" line="28" column="10" bodyfile="Enemy.hpp" bodystart="28" bodyend="111"/>
      </memberdef>
      <memberdef kind="function" id="d4/d7c/class_sekander_1_1_enemy_1adc8510b9f333718163e4f319cfc9a2f1" prot="public" static="no" const="no" explicit="no" inline="yes" virt="non-virtual">
        <type>void</type>
        <definition>void Sekander::Enemy::SetOrigin</definition>
        <argsstring>(float x, float y)</argsstring>
        <name>SetOrigin</name>
        <param>
          <type>float</type>
          <declname>x</declname>
        </param>
        <param>
          <type>float</type>
          <declname>y</declname>
        </param>
        <briefdescription>
        </briefdescription>
        <detaileddescription>
        </detaileddescription>
        <inbodydescription>
        </inbodydescription>
        <location file="Enemy.hpp" line="117" column="6" bodyfile="Enemy.hpp" bodystart="117" bodyend="121"/>
      </memberdef>
      <memberdef kind="function" id="d4/d7c/class_sekander_1_1_enemy_1a140204b200a98b84fd51bd63d621cfec" prot="public" static="no" const="no" explicit="no" inline="yes" virt="non-virtual">
        <type>void</type>
        <definition>void Sekander::Enemy::SetSpeed</definition>
        <argsstring>(float speedX, float speedY)</argsstring>
        <name>SetSpeed</name>
        <param>
          <type>float</type>
          <declname>speedX</declname>
        </param>
        <param>
          <type>float</type>
          <declname>speedY</declname>
        </param>
        <briefdescription>
        </briefdescription>
        <detaileddescription>
        </detaileddescription>
        <inbodydescription>
        </inbodydescription>
        <location file="Enemy.hpp" line="123" column="6" bodyfile="Enemy.hpp" bodystart="123" bodyend="130"/>
      </memberdef>
      <memberdef kind="function" id="d4/d7c/class_sekander_1_1_enemy_1a110643efd2b4f89e00c66ddfd447361a" prot="public" static="no" const="no" explicit="no" inline="yes" virt="non-virtual">
        <type>void</type>
        <definition>void Sekander::Enemy::Damage</definition>
        <argsstring>()</argsstring>
        <name>Damage</name>
        <briefdescription>
        </briefdescription>
        <detaileddescription>
        </detaileddescription>
        <inbodydescription>
        </inbodydescription>
        <location file="Enemy.hpp" line="132" column="6" bodyfile="Enemy.hpp" bodystart="132" bodyend="154"/>
      </memberdef>
      <memberdef kind="function" id="d4/d7c/class_sekander_1_1_enemy_1ae788a59ac3cef89141f7c961ff37489d" prot="public" static="no" const="no" explicit="no" inline="yes" virt="non-virtual">
        <type>void</type>
        <definition>void Sekander::Enemy::Set_Health</definition>
        <argsstring>(int h)</argsstring>
        <name>Set_Health</name>
        <param>
          <type>int</type>
          <declname>h</declname>
        </param>
        <briefdescription>
        </briefdescription>
        <detaileddescription>
        </detaileddescription>
        <inbodydescription>
        </inbodydescription>
        <location file="Enemy.hpp" line="156" column="6" bodyfile="Enemy.hpp" bodystart="156" bodyend="156"/>
      </memberdef>
      <memberdef kind="function" id="d4/d7c/class_sekander_1_1_enemy_1abfcf9b9d10c3b0306bc761b4c582e51c" prot="public" static="no" const="no" explicit="no" inline="yes" virt="non-virtual">
        <type>int</type>
        <definition>int Sekander::Enemy::GetHealth</definition>
        <argsstring>()</argsstring>
        <name>GetHealth</name>
        <briefdescription>
        </briefdescription>
        <detaileddescription>
        </detaileddescription>
        <inbodydescription>
        </inbodydescription>
        <location file="Enemy.hpp" line="157" column="5" bodyfile="Enemy.hpp" bodystart="157" bodyend="157"/>
      </memberdef>
      <memberdef kind="function" id="d4/d7c/class_sekander_1_1_enemy_1a8f28e7a9f1fa9f039ea780e741683f14" prot="public" static="no" const="no" explicit="no" inline="no" virt="non-virtual">
        <type>void</type>
        <definition>void Sekander::Enemy::Jump</definition>
        <argsstring>()</argsstring>
        <name>Jump</name>
        <briefdescription>
        </briefdescription>
        <detaileddescription>
        </detaileddescription>
        <inbodydescription>
        </inbodydescription>
        <location file="Enemy.hpp" line="159" column="6"/>
      </memberdef>
      <memberdef kind="function" id="d4/d7c/class_sekander_1_1_enemy_1a81ee82bd48b940bb2f9533c039af03c2" prot="public" static="no" const="no" explicit="no" inline="yes" virt="non-virtual">
        <type>float</type>
        <definition>float Sekander::Enemy::Get_X_POS</definition>
        <argsstring>()</argsstring>
        <name>Get_X_POS</name>
        <briefdescription>
        </briefdescription>
        <detaileddescription>
        </detaileddescription>
        <inbodydescription>
        </inbodydescription>
        <location file="Enemy.hpp" line="161" column="7" bodyfile="Enemy.hpp" bodystart="161" bodyend="161"/>
      </memberdef>
      <memberdef kind="function" id="d4/d7c/class_sekander_1_1_enemy_1a437363f7582bf66f03e8502c9e30e6af" prot="public" static="no" const="no" explicit="no" inline="yes" virt="non-virtual">
        <type>float</type>
        <definition>float Sekander::Enemy::Get_Y_POS</definition>
        <argsstring>()</argsstring>
        <name>Get_Y_POS</name>
        <briefdescription>
        </briefdescription>
        <detaileddescription>
        </detaileddescription>
        <inbodydescription>
        </inbodydescription>
        <location file="Enemy.hpp" line="162" column="7" bodyfile="Enemy.hpp" bodystart="162" bodyend="162"/>
      </memberdef>
      <memberdef kind="function" id="d4/d7c/class_sekander_1_1_enemy_1a1e830bd6c9ff60a6b794fbc0f828b357" prot="public" static="no" const="no" explicit="no" inline="yes" virt="non-virtual">
        <type>void</type>
        <definition>void Sekander::Enemy::Set_X_POS</definition>
        <argsstring>(float x)</argsstring>
        <name>Set_X_POS</name>
        <param>
          <type>float</type>
          <declname>x</declname>
        </param>
        <briefdescription>
        </briefdescription>
        <detaileddescription>
        </detaileddescription>
        <inbodydescription>
        </inbodydescription>
        <location file="Enemy.hpp" line="164" column="6" bodyfile="Enemy.hpp" bodystart="164" bodyend="164"/>
      </memberdef>
      <memberdef kind="function" id="d4/d7c/class_sekander_1_1_enemy_1a796c49f19dafbec62ce907e6ea8c90cb" prot="public" static="no" const="no" explicit="no" inline="yes" virt="non-virtual">
        <type>void</type>
        <definition>void Sekander::Enemy::Set_Y_POS</definition>
        <argsstring>(float y)</argsstring>
        <name>Set_Y_POS</name>
        <param>
          <type>float</type>
          <declname>y</declname>
        </param>
        <briefdescription>
        </briefdescription>
        <detaileddescription>
        </detaileddescription>
        <inbodydescription>
        </inbodydescription>
        <location file="Enemy.hpp" line="165" column="6" bodyfile="Enemy.hpp" bodystart="165" bodyend="165"/>
      </memberdef>
      <memberdef kind="function" id="d4/d7c/class_sekander_1_1_enemy_1ada6336570f2bbc3294cab31247ff21a9" prot="public" static="no" const="no" explicit="no" inline="no" virt="non-virtual">
        <type>void</type>
        <definition>void Sekander::Enemy::Hold_Gun</definition>
        <argsstring>(Gun &amp;gw)</argsstring>
        <name>Hold_Gun</name>
        <param>
          <type><ref refid="d1/d17/class_sekander_1_1_gun" kindref="compound">Gun</ref> &amp;</type>
          <declname>gw</declname>
        </param>
        <briefdescription>
        </briefdescription>
        <detaileddescription>
        </detaileddescription>
        <inbodydescription>
        </inbodydescription>
        <location file="Enemy.hpp" line="168" column="10" bodyfile="Enemy.cpp" bodystart="7" bodyend="24"/>
        <references refid="d1/d17/class_sekander_1_1_gun_1aced0361bd919bc1221e55d06e8293a88" compoundref="d0/d06/_gun_8hpp" startline="60" endline="63">Sekander::Gun::SetOrigin</references>
      </memberdef>
      <memberdef kind="function" id="d4/d7c/class_sekander_1_1_enemy_1a7023262f1c1f54bdc22dabd32a0c10d9" prot="public" static="no" const="no" explicit="no" inline="no" virt="non-virtual">
        <type>void</type>
        <definition>void Sekander::Enemy::Shooting</definition>
        <argsstring>(Gun &amp;, std::unordered_map&lt; std::string, Bullet * &gt;)</argsstring>
        <name>Shooting</name>
        <param>
          <type><ref refid="d1/d17/class_sekander_1_1_gun" kindref="compound">Gun</ref> &amp;</type>
          <defname>gw</defname>
        </param>
        <param>
          <type>std::unordered_map&lt; std::string, <ref refid="da/d68/class_sekander_1_1_bullet" kindref="compound">Bullet</ref> * &gt;</type>
          <defname>bullet_list</defname>
        </param>
        <briefdescription>
        </briefdescription>
        <detaileddescription>
        </detaileddescription>
        <inbodydescription>
        </inbodydescription>
        <location file="Enemy.hpp" line="170" column="6" bodyfile="Enemy.cpp" bodystart="188" bodyend="275"/>
        <references refid="d1/d17/class_sekander_1_1_gun_1a748d795cb18ae0fe6ecc6cb4f5841273" compoundref="d7/d7e/_gun_8cpp" startline="41" endline="180">Sekander::Gun::Shoot_Gun</references>
      </memberdef>
      <memberdef kind="function" id="d4/d7c/class_sekander_1_1_enemy_1a98fd35429990fe36e131c3c364f8b851" prot="public" static="no" const="no" explicit="no" inline="no" virt="non-virtual">
        <type>void</type>
        <definition>void Sekander::Enemy::Shooting</definition>
        <argsstring>(std::unordered_map&lt; std::string, Bullet * &gt;)</argsstring>
        <name>Shooting</name>
        <param>
          <type>std::unordered_map&lt; std::string, <ref refid="da/d68/class_sekander_1_1_bullet" kindref="compound">Bullet</ref> * &gt;</type>
          <defname>bullet_list</defname>
        </param>
        <briefdescription>
        </briefdescription>
        <detaileddescription>
        </detaileddescription>
        <inbodydescription>
        </inbodydescription>
        <location file="Enemy.hpp" line="171" column="6" bodyfile="Enemy.cpp" bodystart="137" bodyend="186"/>
      </memberdef>
      <memberdef kind="function" id="d4/d7c/class_sekander_1_1_enemy_1a96b8ac3dfecca684c03179f01606ba38" prot="public" static="no" const="no" explicit="no" inline="no" virt="non-virtual">
        <type>void</type>
        <definition>void Sekander::Enemy::Shoot_Gun</definition>
        <argsstring>(Bullet *bw, bool right, bool left, bool up, bool down, float x, float y)</argsstring>
        <name>Shoot_Gun</name>
        <param>
          <type><ref refid="da/d68/class_sekander_1_1_bullet" kindref="compound">Bullet</ref> *</type>
          <declname>bw</declname>
        </param>
        <param>
          <type>bool</type>
          <declname>right</declname>
        </param>
        <param>
          <type>bool</type>
          <declname>left</declname>
        </param>
        <param>
          <type>bool</type>
          <declname>up</declname>
        </param>
        <param>
          <type>bool</type>
          <declname>down</declname>
        </param>
        <param>
          <type>float</type>
          <declname>x</declname>
        </param>
        <param>
          <type>float</type>
          <declname>y</declname>
        </param>
        <briefdescription>
        </briefdescription>
        <detaileddescription>
        </detaileddescription>
        <inbodydescription>
        </inbodydescription>
        <location file="Enemy.hpp" line="172" column="6" bodyfile="Enemy.cpp" bodystart="29" bodyend="134"/>
        <references refid="da/d68/class_sekander_1_1_bullet_1a7b55b501f075c0e647e36d9027c5a6e0" compoundref="d6/d65/_bullet_8hpp" startline="65" endline="74">Sekander::Bullet::SetOrigin</references>
        <references refid="da/d68/class_sekander_1_1_bullet_1ad44291d034b112d561ec65d9b57b3fe6" compoundref="d6/d65/_bullet_8hpp" startline="76" endline="83">Sekander::Bullet::SetSpeed</references>
      </memberdef>
      <memberdef kind="function" id="d4/d7c/class_sekander_1_1_enemy_1a1db56100425ba6f05092351fc37330e6" prot="public" static="no" const="no" explicit="no" inline="yes" virt="non-virtual">
        <type>std::string</type>
        <definition>std::string Sekander::Enemy::Get_Name</definition>
        <argsstring>()</argsstring>
        <name>Get_Name</name>
        <briefdescription>
        </briefdescription>
        <detaileddescription>
        </detaileddescription>
        <inbodydescription>
        </inbodydescription>
        <location file="Enemy.hpp" line="179" column="13" bodyfile="Enemy.hpp" bodystart="179" bodyend="179"/>
      </memberdef>
      <memberdef kind="function" id="d4/d7c/class_sekander_1_1_enemy_1aaccf2d86ea82595234cee826bc176cfa" prot="public" static="no" const="no" explicit="no" inline="yes" virt="non-virtual">
        <type>void</type>
        <definition>void Sekander::Enemy::Update</definition>
        <argsstring>(float dt)</argsstring>
        <name>Update</name>
        <param>
          <type>float</type>
          <declname>dt</declname>
        </param>
        <briefdescription>
        </briefdescription>
        <detaileddescription>
        </detaileddescription>
        <inbodydescription>
        </inbodydescription>
        <location file="Enemy.hpp" line="182" column="6" bodyfile="Enemy.hpp" bodystart="182" bodyend="324"/>
        <references refid="d4/d74/class_sekander_1_1_game_world_1ad5c3fd7f0c1347d393df075cea46177e" compoundref="db/d7a/_game_world_8cpp" startline="370" endline="428">Sekander::GameWorld::Animate</references>
      </memberdef>
      <memberdef kind="function" id="d4/d7c/class_sekander_1_1_enemy_1aebe5e0b142382a975f23f3e106f70781" prot="public" static="no" const="no" explicit="no" inline="yes" virt="non-virtual">
        <type>bool</type>
        <definition>bool Sekander::Enemy::Get_enemy_alive_status</definition>
        <argsstring>()</argsstring>
        <name>Get_enemy_alive_status</name>
        <briefdescription>
        </briefdescription>
        <detaileddescription>
        </detaileddescription>
        <inbodydescription>
        </inbodydescription>
        <location file="Enemy.hpp" line="327" column="6" bodyfile="Enemy.hpp" bodystart="327" bodyend="330"/>
      </memberdef>
      <memberdef kind="function" id="d4/d7c/class_sekander_1_1_enemy_1aa2d533f838eef9cb0ca74757ff8bcd7d" prot="public" static="no" const="no" explicit="no" inline="yes" virt="non-virtual">
        <type>void</type>
        <definition>void Sekander::Enemy::Draw</definition>
        <argsstring>()</argsstring>
        <name>Draw</name>
        <briefdescription>
        </briefdescription>
        <detaileddescription>
        </detaileddescription>
        <inbodydescription>
        </inbodydescription>
        <location file="Enemy.hpp" line="332" column="6" bodyfile="Enemy.hpp" bodystart="332" bodyend="339"/>
      </memberdef>
      <memberdef kind="function" id="d4/d7c/class_sekander_1_1_enemy_1abbebd093db5e9b28405a5ebaffb70dc4" prot="public" static="no" const="no" explicit="no" inline="yes" virt="non-virtual">
        <type>void</type>
        <definition>void Sekander::Enemy::set_damage</definition>
        <argsstring>(bool s)</argsstring>
        <name>set_damage</name>
        <param>
          <type>bool</type>
          <declname>s</declname>
        </param>
        <briefdescription>
        </briefdescription>
        <detaileddescription>
        </detaileddescription>
        <inbodydescription>
        </inbodydescription>
        <location file="Enemy.hpp" line="341" column="6" bodyfile="Enemy.hpp" bodystart="341" bodyend="344"/>
      </memberdef>
      <memberdef kind="function" id="d4/d7c/class_sekander_1_1_enemy_1a6012a5db0603ade87347e4daef7d812c" prot="public" static="no" const="no" explicit="no" inline="yes" virt="non-virtual">
        <type>void</type>
        <definition>void Sekander::Enemy::set_Alive</definition>
        <argsstring>(bool s)</argsstring>
        <name>set_Alive</name>
        <param>
          <type>bool</type>
          <declname>s</declname>
        </param>
        <briefdescription>
        </briefdescription>
        <detaileddescription>
        </detaileddescription>
        <inbodydescription>
        </inbodydescription>
        <location file="Enemy.hpp" line="346" column="6" bodyfile="Enemy.hpp" bodystart="346" bodyend="349"/>
      </memberdef>
      <memberdef kind="function" id="d4/d7c/class_sekander_1_1_enemy_1a61d05dd6c2d4bb57366e99a6f95d3ba4" prot="public" static="no" const="no" explicit="no" inline="yes" virt="non-virtual">
        <type>bool</type>
        <definition>bool Sekander::Enemy::CheckCollision</definition>
        <argsstring>(std::string bw)</argsstring>
        <name>CheckCollision</name>
        <param>
          <type>std::string</type>
          <declname>bw</declname>
        </param>
        <briefdescription>
        </briefdescription>
        <detaileddescription>
        </detaileddescription>
        <inbodydescription>
        </inbodydescription>
        <location file="Enemy.hpp" line="353" column="6" bodyfile="Enemy.hpp" bodystart="353" bodyend="378"/>
      </memberdef>
      <memberdef kind="function" id="d4/d7c/class_sekander_1_1_enemy_1ad6e0ecb52ea0c775b09e6b353ae7ef04" prot="public" static="no" const="no" explicit="no" inline="yes" virt="non-virtual">
        <type>sf::RectangleShape</type>
        <definition>sf::RectangleShape Sekander::Enemy::get_attack_square</definition>
        <argsstring>()</argsstring>
        <name>get_attack_square</name>
        <briefdescription>
        </briefdescription>
        <detaileddescription>
        </detaileddescription>
        <inbodydescription>
        </inbodydescription>
        <location file="Enemy.hpp" line="380" column="20" bodyfile="Enemy.hpp" bodystart="380" bodyend="381"/>
      </memberdef>
      </sectiondef>
    <briefdescription>
    </briefdescription>
    <detaileddescription>
    </detaileddescription>
    <inheritancegraph>
      <node id="1">
        <label>Sekander::Enemy</label>
        <link refid="d4/d7c/class_sekander_1_1_enemy"/>
        <childnode refid="2" relation="public-inheritance">
        </childnode>
      </node>
      <node id="2">
        <label>Sekander::GameWorld</label>
        <link refid="d4/d74/class_sekander_1_1_game_world"/>
      </node>
    </inheritancegraph>
    <collaborationgraph>
      <node id="1">
        <label>Sekander::Enemy</label>
        <link refid="d4/d7c/class_sekander_1_1_enemy"/>
        <childnode refid="2" relation="public-inheritance">
        </childnode>
      </node>
      <node id="2">
        <label>Sekander::GameWorld</label>
        <link refid="d4/d74/class_sekander_1_1_game_world"/>
      </node>
    </collaborationgraph>
    <location file="Enemy.hpp" line="20" column="1" bodyfile="Enemy.hpp" bodystart="21" bodyend="432"/>
    <listofallmembers>
      <member refid="d4/d7c/class_sekander_1_1_enemy_1aa396253ab86229a1ccd7fd780821dbaa" prot="private" virt="non-virtual"><scope>Sekander::Enemy</scope><name>_data</name></member>
      <member refid="d4/d74/class_sekander_1_1_game_world_1ad5c3fd7f0c1347d393df075cea46177e" prot="public" virt="non-virtual"><scope>Sekander::Enemy</scope><name>Animate</name></member>
      <member refid="d4/d74/class_sekander_1_1_game_world_1aa736a4234102bbdbc87dbeb8726d2ce8" prot="public" virt="non-virtual"><scope>Sekander::Enemy</scope><name>Animate</name></member>
      <member refid="d4/d7c/class_sekander_1_1_enemy_1aadd7613e3130e4f60274bfb22c8d983b" prot="private" virt="non-virtual"><scope>Sekander::Enemy</scope><name>b_speed_x</name></member>
      <member refid="d4/d7c/class_sekander_1_1_enemy_1ab6bae906e643c667e3fddefc710a7671" prot="private" virt="non-virtual"><scope>Sekander::Enemy</scope><name>b_speed_y</name></member>
      <member refid="d4/d7c/class_sekander_1_1_enemy_1ad85d76ca502ce719d6c089f9bbfe1500" prot="private" virt="non-virtual"><scope>Sekander::Enemy</scope><name>bullet_counter</name></member>
      <member refid="d4/d7c/class_sekander_1_1_enemy_1aa00ab089845d470adeae537f1c2cbe57" prot="private" virt="non-virtual"><scope>Sekander::Enemy</scope><name>capture_time</name></member>
      <member refid="d4/d7c/class_sekander_1_1_enemy_1a61d05dd6c2d4bb57366e99a6f95d3ba4" prot="public" virt="non-virtual"><scope>Sekander::Enemy</scope><name>CheckCollision</name></member>
      <member refid="d4/d74/class_sekander_1_1_game_world_1a0d0376040dc0171aecdbb5b618741b8b" prot="public" virt="non-virtual"><scope>Sekander::Enemy</scope><name>checkKEYPRESS</name></member>
      <member refid="d4/d74/class_sekander_1_1_game_world_1a8b5e8a9e12e49fcd66361a83837c2b30" prot="public" virt="non-virtual"><scope>Sekander::Enemy</scope><name>counter</name></member>
      <member refid="d4/d7c/class_sekander_1_1_enemy_1a110643efd2b4f89e00c66ddfd447361a" prot="public" virt="non-virtual"><scope>Sekander::Enemy</scope><name>Damage</name></member>
      <member refid="d4/d7c/class_sekander_1_1_enemy_1a977b28535f3457d2c83c9dcb1c955440" prot="private" virt="non-virtual"><scope>Sekander::Enemy</scope><name>dead_gun</name></member>
      <member refid="d4/d7c/class_sekander_1_1_enemy_1ab69631c38275545e87d25270cce950e0" prot="private" virt="non-virtual"><scope>Sekander::Enemy</scope><name>delay</name></member>
      <member refid="d4/d7c/class_sekander_1_1_enemy_1aa2d533f838eef9cb0ca74757ff8bcd7d" prot="public" virt="non-virtual"><scope>Sekander::Enemy</scope><name>Draw</name></member>
      <member refid="d4/d7c/class_sekander_1_1_enemy_1a77dd464f39a883a164fe52b23949a5ee" prot="private" virt="non-virtual"><scope>Sekander::Enemy</scope><name>e_attack_square_x</name></member>
      <member refid="d4/d7c/class_sekander_1_1_enemy_1aebdb2d8499d594e233c25ae829525ac1" prot="private" virt="non-virtual"><scope>Sekander::Enemy</scope><name>e_attack_square_y</name></member>
      <member refid="d4/d7c/class_sekander_1_1_enemy_1af9081f1217d2f9b122eaa77361139be9" prot="public" virt="non-virtual"><scope>Sekander::Enemy</scope><name>Enemy</name></member>
      <member refid="d4/d7c/class_sekander_1_1_enemy_1aa5be2d2f7c44b05ed64686363b465bab" prot="public" virt="non-virtual"><scope>Sekander::Enemy</scope><name>Enemy</name></member>
      <member refid="d4/d7c/class_sekander_1_1_enemy_1ad599a3359bf97e830e840460d36ec9d3" prot="private" virt="non-virtual"><scope>Sekander::Enemy</scope><name>enemy_attack_square</name></member>
      <member refid="d4/d7c/class_sekander_1_1_enemy_1ad3dc624095323fabfb2be9e4805afd24" prot="private" virt="non-virtual"><scope>Sekander::Enemy</scope><name>enemy_speed_x</name></member>
      <member refid="d4/d7c/class_sekander_1_1_enemy_1a0f04d6bca363cdfcac06832f3de87aaa" prot="private" virt="non-virtual"><scope>Sekander::Enemy</scope><name>enemy_speed_y</name></member>
      <member refid="d4/d74/class_sekander_1_1_game_world_1a4eba015ae47c7e54c545a874906be1c1" prot="public" virt="non-virtual"><scope>Sekander::Enemy</scope><name>GameWorld</name></member>
      <member refid="d4/d74/class_sekander_1_1_game_world_1a3d57a6627443dcb871f2cc44dd8c5be6" prot="public" virt="non-virtual"><scope>Sekander::Enemy</scope><name>GameWorld</name></member>
      <member refid="d4/d74/class_sekander_1_1_game_world_1a7e626b7986bea0d59a262aac5f47f0cd" prot="public" virt="non-virtual"><scope>Sekander::Enemy</scope><name>GameWorld</name></member>
      <member refid="d4/d7c/class_sekander_1_1_enemy_1ad6e0ecb52ea0c775b09e6b353ae7ef04" prot="public" virt="non-virtual"><scope>Sekander::Enemy</scope><name>get_attack_square</name></member>
      <member refid="d4/d7c/class_sekander_1_1_enemy_1aebe5e0b142382a975f23f3e106f70781" prot="public" virt="non-virtual"><scope>Sekander::Enemy</scope><name>Get_enemy_alive_status</name></member>
      <member refid="d4/d7c/class_sekander_1_1_enemy_1a1db56100425ba6f05092351fc37330e6" prot="public" virt="non-virtual"><scope>Sekander::Enemy</scope><name>Get_Name</name></member>
      <member refid="d4/d7c/class_sekander_1_1_enemy_1a81ee82bd48b940bb2f9533c039af03c2" prot="public" virt="non-virtual"><scope>Sekander::Enemy</scope><name>Get_X_POS</name></member>
      <member refid="d4/d7c/class_sekander_1_1_enemy_1a437363f7582bf66f03e8502c9e30e6af" prot="public" virt="non-virtual"><scope>Sekander::Enemy</scope><name>Get_Y_POS</name></member>
      <member refid="d4/d7c/class_sekander_1_1_enemy_1abfcf9b9d10c3b0306bc761b4c582e51c" prot="public" virt="non-virtual"><scope>Sekander::Enemy</scope><name>GetHealth</name></member>
      <member refid="d4/d74/class_sekander_1_1_game_world_1ac8b727f77781b0ebeafb3b541bf17a67" prot="public" virt="non-virtual"><scope>Sekander::Enemy</scope><name>GetSprite</name></member>
      <member refid="d4/d7c/class_sekander_1_1_enemy_1ab92eef06a3ab1207d5611aa660211d6e" prot="private" virt="non-virtual"><scope>Sekander::Enemy</scope><name>gun_clock</name></member>
      <member refid="d4/d7c/class_sekander_1_1_enemy_1ada6336570f2bbc3294cab31247ff21a9" prot="public" virt="non-virtual"><scope>Sekander::Enemy</scope><name>Hold_Gun</name></member>
      <member refid="d4/d74/class_sekander_1_1_game_world_1a0253519bdc4bb36ae9b1c835ecdcedc6" prot="public" virt="non-virtual"><scope>Sekander::Enemy</scope><name>input_counter</name></member>
      <member refid="d4/d7c/class_sekander_1_1_enemy_1adb9b64f9077c99f9ce86627dd6f03edb" prot="private" virt="non-virtual"><scope>Sekander::Enemy</scope><name>is_alive</name></member>
      <member refid="d4/d74/class_sekander_1_1_game_world_1a59be267007f51217d7f9739029e966cd" prot="public" virt="non-virtual"><scope>Sekander::Enemy</scope><name>is_key_pressed</name></member>
      <member refid="d4/d7c/class_sekander_1_1_enemy_1a8f28e7a9f1fa9f039ea780e741683f14" prot="public" virt="non-virtual"><scope>Sekander::Enemy</scope><name>Jump</name></member>
      <member refid="d4/d7c/class_sekander_1_1_enemy_1a2e5af993eedfeacbc410a2d70c4ab26b" prot="private" virt="non-virtual"><scope>Sekander::Enemy</scope><name>m_am_I_backwards</name></member>
      <member refid="d4/d7c/class_sekander_1_1_enemy_1a7b2f42cd29c9e7ddf9a4b7be2e969ced" prot="private" virt="non-virtual"><scope>Sekander::Enemy</scope><name>m_dead</name></member>
      <member refid="d4/d7c/class_sekander_1_1_enemy_1a67150f00eab0f36b392e942c5de06c4d" prot="private" virt="non-virtual"><scope>Sekander::Enemy</scope><name>m_health</name></member>
      <member refid="d4/d7c/class_sekander_1_1_enemy_1ab8bc34ab4da56cb9bf549b84da14b01d" prot="private" virt="non-virtual"><scope>Sekander::Enemy</scope><name>m_health_text</name></member>
      <member refid="d4/d74/class_sekander_1_1_game_world_1a2392a1e2b5d6ff4fb352144bf426ae45" prot="public" virt="non-virtual"><scope>Sekander::Enemy</scope><name>m_In_the_Air</name></member>
      <member refid="d4/d7c/class_sekander_1_1_enemy_1a0e4ef1c23f56e5aafca0548afe52296b" prot="private" virt="non-virtual"><scope>Sekander::Enemy</scope><name>m_is_Moving</name></member>
      <member refid="d4/d7c/class_sekander_1_1_enemy_1ae0e65a6e8bd507863c18885083d536ef" prot="private" virt="non-virtual"><scope>Sekander::Enemy</scope><name>m_key</name></member>
      <member refid="d4/d74/class_sekander_1_1_game_world_1ad6495d2d0423201c931a147682104417" prot="public" virt="non-virtual"><scope>Sekander::Enemy</scope><name>m_OnFloor</name></member>
      <member refid="d4/d7c/class_sekander_1_1_enemy_1ac47bd10558b515703d7ceb582303b56b" prot="private" virt="non-virtual"><scope>Sekander::Enemy</scope><name>m_sprite_WIDTH</name></member>
      <member refid="d4/d7c/class_sekander_1_1_enemy_1aa7f0768b14bb1a963a7b71b4e53538b7" prot="private" virt="non-virtual"><scope>Sekander::Enemy</scope><name>m_sprite_X_POS</name></member>
      <member refid="d4/d7c/class_sekander_1_1_enemy_1a2987bd4a4703077ba392c61394ba1a70" prot="private" virt="non-virtual"><scope>Sekander::Enemy</scope><name>m_sprite_Y_POS</name></member>
      <member refid="d4/d7c/class_sekander_1_1_enemy_1a0d11445e38fea6233e044a3e2078f195" prot="private" virt="non-virtual"><scope>Sekander::Enemy</scope><name>m_took_damage</name></member>
      <member refid="d4/d7c/class_sekander_1_1_enemy_1a44be07820e6bb5f22675a3096d9fd12e" prot="private" virt="non-virtual"><scope>Sekander::Enemy</scope><name>pixel_walking_distance</name></member>
      <member refid="d4/d74/class_sekander_1_1_game_world_1a543c52aad77747a2f34b5927041ac905" prot="public" virt="non-virtual"><scope>Sekander::Enemy</scope><name>pressure_sensitive_KEY_PRESS</name></member>
      <member refid="d4/d74/class_sekander_1_1_game_world_1a8b21f915363199319728a893715d684d" prot="public" virt="non-virtual"><scope>Sekander::Enemy</scope><name>retrieveData</name></member>
      <member refid="d4/d74/class_sekander_1_1_game_world_1a060069f1527245efc49cc4bae9306c8d" prot="public" virt="non-virtual"><scope>Sekander::Enemy</scope><name>return_entity_rect</name></member>
      <member refid="d4/d7c/class_sekander_1_1_enemy_1a6012a5db0603ade87347e4daef7d812c" prot="public" virt="non-virtual"><scope>Sekander::Enemy</scope><name>set_Alive</name></member>
      <member refid="d4/d7c/class_sekander_1_1_enemy_1abbebd093db5e9b28405a5ebaffb70dc4" prot="public" virt="non-virtual"><scope>Sekander::Enemy</scope><name>set_damage</name></member>
      <member refid="d4/d7c/class_sekander_1_1_enemy_1ae788a59ac3cef89141f7c961ff37489d" prot="public" virt="non-virtual"><scope>Sekander::Enemy</scope><name>Set_Health</name></member>
      <member refid="d4/d7c/class_sekander_1_1_enemy_1a1e830bd6c9ff60a6b794fbc0f828b357" prot="public" virt="non-virtual"><scope>Sekander::Enemy</scope><name>Set_X_POS</name></member>
      <member refid="d4/d74/class_sekander_1_1_game_world_1aaa990ab4fb0cc708a7f12ec798ba90ef" prot="public" virt="non-virtual"><scope>Sekander::Enemy</scope><name>Set_Y_Frame</name></member>
      <member refid="d4/d7c/class_sekander_1_1_enemy_1a796c49f19dafbec62ce907e6ea8c90cb" prot="public" virt="non-virtual"><scope>Sekander::Enemy</scope><name>Set_Y_POS</name></member>
      <member refid="d4/d7c/class_sekander_1_1_enemy_1adc8510b9f333718163e4f319cfc9a2f1" prot="public" virt="non-virtual"><scope>Sekander::Enemy</scope><name>SetOrigin</name></member>
      <member refid="d4/d74/class_sekander_1_1_game_world_1a38ce97f68d23c6592bc84971db21354f" prot="public" virt="non-virtual"><scope>Sekander::Enemy</scope><name>SetPlayerState</name></member>
      <member refid="d4/d7c/class_sekander_1_1_enemy_1a140204b200a98b84fd51bd63d621cfec" prot="public" virt="non-virtual"><scope>Sekander::Enemy</scope><name>SetSpeed</name></member>
      <member refid="d4/d7c/class_sekander_1_1_enemy_1a96b8ac3dfecca684c03179f01606ba38" prot="public" virt="non-virtual"><scope>Sekander::Enemy</scope><name>Shoot_Gun</name></member>
      <member refid="d4/d7c/class_sekander_1_1_enemy_1a7023262f1c1f54bdc22dabd32a0c10d9" prot="public" virt="non-virtual"><scope>Sekander::Enemy</scope><name>Shooting</name></member>
      <member refid="d4/d7c/class_sekander_1_1_enemy_1a98fd35429990fe36e131c3c364f8b851" prot="public" virt="non-virtual"><scope>Sekander::Enemy</scope><name>Shooting</name></member>
      <member refid="d4/d74/class_sekander_1_1_game_world_1a658b6f36a3476b2b8ef0f69a2f0ceac3" prot="public" virt="non-virtual"><scope>Sekander::Enemy</scope><name>StartAnimation</name></member>
      <member refid="d4/d74/class_sekander_1_1_game_world_1a1a6c95bf62b4ebb4a9269ebe4ef8ec8b" prot="public" virt="non-virtual"><scope>Sekander::Enemy</scope><name>StopAnimation</name></member>
      <member refid="d4/d7c/class_sekander_1_1_enemy_1a1ad3f90651834f3f27b4a1c415b5ae15" prot="private" virt="non-virtual"><scope>Sekander::Enemy</scope><name>time_g</name></member>
      <member refid="d4/d7c/class_sekander_1_1_enemy_1aaccf2d86ea82595234cee826bc176cfa" prot="public" virt="non-virtual"><scope>Sekander::Enemy</scope><name>Update</name></member>
    </listofallmembers>
  </compounddef>
</doxygen>
