<?xml version='1.0' encoding='UTF-8' standalone='no'?>
<doxygen xmlns:xsi="http://www.w3.org/2001/XMLSchema-instance" xsi:noNamespaceSchemaLocation="compound.xsd" version="1.9.2" xml:lang="en-US">
  <compounddef id="d3/db6/class_sekander_1_1_game_state" kind="class" language="C++" prot="public">
    <compoundname>Sekander::GameState</compoundname>
    <basecompoundref refid="dc/df0/class_sekander_1_1_state" prot="public" virt="non-virtual">Sekander::State</basecompoundref>
    <includes refid="d2/d86/_game_state_8hpp" local="no">GameState.hpp</includes>
      <sectiondef kind="private-attrib">
      <memberdef kind="variable" id="d3/db6/class_sekander_1_1_game_state_1a8d4871b8f695026f712a631f4d15a7bc" prot="private" static="no" mutable="no">
        <type><ref refid="d8/d6a/namespace_sekander_1a1d69b002ba2d23020901c28f0def5e16" kindref="member">GameDataRef</ref></type>
        <definition>GameDataRef Sekander::GameState::_data</definition>
        <argsstring></argsstring>
        <name>_data</name>
        <briefdescription>
        </briefdescription>
        <detaileddescription>
        </detaileddescription>
        <inbodydescription>
        </inbodydescription>
        <location file="GameState.hpp" line="53" column="13" bodyfile="GameState.hpp" bodystart="53" bodyend="-1"/>
      </memberdef>
      <memberdef kind="variable" id="d3/db6/class_sekander_1_1_game_state_1ac757f96251226e5d5cd07b8c75671299" prot="private" static="no" mutable="no">
        <type>sf::Sprite</type>
        <definition>sf::Sprite Sekander::GameState::_background</definition>
        <argsstring></argsstring>
        <name>_background</name>
        <briefdescription>
        </briefdescription>
        <detaileddescription>
        </detaileddescription>
        <inbodydescription>
        </inbodydescription>
        <location file="GameState.hpp" line="55" column="12" bodyfile="GameState.hpp" bodystart="55" bodyend="-1"/>
      </memberdef>
      <memberdef kind="variable" id="d3/db6/class_sekander_1_1_game_state_1a3ed5ec609d3994afe8b25a6b3359abb7" prot="private" static="no" mutable="no">
        <type>sf::Clock</type>
        <definition>sf::Clock Sekander::GameState::_clock</definition>
        <argsstring></argsstring>
        <name>_clock</name>
        <briefdescription>
        </briefdescription>
        <detaileddescription>
        </detaileddescription>
        <inbodydescription>
        </inbodydescription>
        <location file="GameState.hpp" line="57" column="11" bodyfile="GameState.hpp" bodystart="57" bodyend="-1"/>
      </memberdef>
      <memberdef kind="variable" id="d3/db6/class_sekander_1_1_game_state_1a51627fd89906e418c311a4853e7509ed" prot="private" static="no" mutable="no">
        <type>sf::Event</type>
        <definition>sf::Event Sekander::GameState::event</definition>
        <argsstring></argsstring>
        <name>event</name>
        <briefdescription>
        </briefdescription>
        <detaileddescription>
        </detaileddescription>
        <inbodydescription>
        </inbodydescription>
        <location file="GameState.hpp" line="58" column="11" bodyfile="GameState.hpp" bodystart="58" bodyend="-1"/>
      </memberdef>
      <memberdef kind="variable" id="d3/db6/class_sekander_1_1_game_state_1a664c380e695b82fb68aead1cd9828282" prot="private" static="no" mutable="no">
        <type>const char *</type>
        <definition>const char* Sekander::GameState::_xml_DOC</definition>
        <argsstring></argsstring>
        <name>_xml_DOC</name>
        <briefdescription>
        </briefdescription>
        <detaileddescription>
        </detaileddescription>
        <inbodydescription>
        </inbodydescription>
        <location file="GameState.hpp" line="59" column="12" bodyfile="GameState.hpp" bodystart="59" bodyend="-1"/>
      </memberdef>
      <memberdef kind="variable" id="d3/db6/class_sekander_1_1_game_state_1a64afed7f84d58d0b0d52752b33969ba2" prot="private" static="no" mutable="no">
        <type>bool</type>
        <definition>bool Sekander::GameState::_is_paused</definition>
        <argsstring></argsstring>
        <name>_is_paused</name>
        <briefdescription>
        </briefdescription>
        <detaileddescription>
        </detaileddescription>
        <inbodydescription>
        </inbodydescription>
        <location file="GameState.hpp" line="61" column="6" bodyfile="GameState.hpp" bodystart="61" bodyend="-1"/>
      </memberdef>
      <memberdef kind="variable" id="d3/db6/class_sekander_1_1_game_state_1ace01a1a5682f32d83ddc4308c2dd5a0a" prot="private" static="no" mutable="no">
        <type>bool</type>
        <definition>bool Sekander::GameState::_un_pause</definition>
        <argsstring></argsstring>
        <name>_un_pause</name>
        <briefdescription>
        </briefdescription>
        <detaileddescription>
        </detaileddescription>
        <inbodydescription>
        </inbodydescription>
        <location file="GameState.hpp" line="62" column="6" bodyfile="GameState.hpp" bodystart="62" bodyend="-1"/>
      </memberdef>
      <memberdef kind="variable" id="d3/db6/class_sekander_1_1_game_state_1a9017176374407458e6fe4b0369ae63ba" prot="private" static="no" mutable="no">
        <type>int</type>
        <definition>int Sekander::GameState::i</definition>
        <argsstring></argsstring>
        <name>i</name>
        <initializer>= 0</initializer>
        <briefdescription>
        </briefdescription>
        <detaileddescription>
        </detaileddescription>
        <inbodydescription>
        </inbodydescription>
        <location file="GameState.hpp" line="63" column="5" bodyfile="GameState.hpp" bodystart="63" bodyend="-1"/>
      </memberdef>
      <memberdef kind="variable" id="d3/db6/class_sekander_1_1_game_state_1a9e4007a56ece8fb04e344198f3f00681" prot="private" static="no" mutable="no">
        <type>sf::Text</type>
        <definition>sf::Text Sekander::GameState::m_pause_text</definition>
        <argsstring></argsstring>
        <name>m_pause_text</name>
        <briefdescription>
        </briefdescription>
        <detaileddescription>
        </detaileddescription>
        <inbodydescription>
        </inbodydescription>
        <location file="GameState.hpp" line="65" column="10" bodyfile="GameState.hpp" bodystart="65" bodyend="-1"/>
      </memberdef>
      <memberdef kind="variable" id="d3/db6/class_sekander_1_1_game_state_1ab8a913dd7ad77c86fd2588ab3cea7a3d" prot="private" static="no" mutable="no">
        <type>sf::Text</type>
        <definition>sf::Text Sekander::GameState::m_p_text</definition>
        <argsstring></argsstring>
        <name>m_p_text</name>
        <briefdescription>
        </briefdescription>
        <detaileddescription>
        </detaileddescription>
        <inbodydescription>
        </inbodydescription>
        <location file="GameState.hpp" line="66" column="10" bodyfile="GameState.hpp" bodystart="66" bodyend="-1"/>
      </memberdef>
      <memberdef kind="variable" id="d3/db6/class_sekander_1_1_game_state_1a6eae10c82abd67f0c5f277d476040fa7" prot="private" static="no" mutable="no">
        <type>sf::Text</type>
        <definition>sf::Text Sekander::GameState::m_a_text</definition>
        <argsstring></argsstring>
        <name>m_a_text</name>
        <briefdescription>
        </briefdescription>
        <detaileddescription>
        </detaileddescription>
        <inbodydescription>
        </inbodydescription>
        <location file="GameState.hpp" line="67" column="10" bodyfile="GameState.hpp" bodystart="67" bodyend="-1"/>
      </memberdef>
      <memberdef kind="variable" id="d3/db6/class_sekander_1_1_game_state_1a4d4f6d805ef4f5964cfa985c9eb49863" prot="private" static="no" mutable="no">
        <type>sf::Text</type>
        <definition>sf::Text Sekander::GameState::m_u_text</definition>
        <argsstring></argsstring>
        <name>m_u_text</name>
        <briefdescription>
        </briefdescription>
        <detaileddescription>
        </detaileddescription>
        <inbodydescription>
        </inbodydescription>
        <location file="GameState.hpp" line="68" column="10" bodyfile="GameState.hpp" bodystart="68" bodyend="-1"/>
      </memberdef>
      <memberdef kind="variable" id="d3/db6/class_sekander_1_1_game_state_1a003a29119d0c6036f48f6629c310e982" prot="private" static="no" mutable="no">
        <type>sf::Text</type>
        <definition>sf::Text Sekander::GameState::m_s_text</definition>
        <argsstring></argsstring>
        <name>m_s_text</name>
        <briefdescription>
        </briefdescription>
        <detaileddescription>
        </detaileddescription>
        <inbodydescription>
        </inbodydescription>
        <location file="GameState.hpp" line="69" column="10" bodyfile="GameState.hpp" bodystart="69" bodyend="-1"/>
      </memberdef>
      <memberdef kind="variable" id="d3/db6/class_sekander_1_1_game_state_1a5e1efc74f4b4c89981980762f7746188" prot="private" static="no" mutable="no">
        <type>sf::Text</type>
        <definition>sf::Text Sekander::GameState::m_e_text</definition>
        <argsstring></argsstring>
        <name>m_e_text</name>
        <briefdescription>
        </briefdescription>
        <detaileddescription>
        </detaileddescription>
        <inbodydescription>
        </inbodydescription>
        <location file="GameState.hpp" line="70" column="10" bodyfile="GameState.hpp" bodystart="70" bodyend="-1"/>
      </memberdef>
      <memberdef kind="variable" id="d3/db6/class_sekander_1_1_game_state_1ab267d83dd406910063033004946c83e3" prot="private" static="no" mutable="no">
        <type>char</type>
        <definition>char Sekander::GameState::data[100]</definition>
        <argsstring>[100]</argsstring>
        <name>data</name>
        <briefdescription>
        </briefdescription>
        <detaileddescription>
        </detaileddescription>
        <inbodydescription>
        </inbodydescription>
        <location file="GameState.hpp" line="72" column="6" bodyfile="GameState.hpp" bodystart="72" bodyend="-1"/>
      </memberdef>
      <memberdef kind="variable" id="d3/db6/class_sekander_1_1_game_state_1ad0cf3bf4943c3f025a9d46d1afc8f4ab" prot="private" static="no" mutable="no">
        <type><ref refid="db/d78/class_sekander_1_1_loading_game_objects" kindref="compound">LoadingGameObjects</ref> *</type>
        <definition>LoadingGameObjects* Sekander::GameState::ld</definition>
        <argsstring></argsstring>
        <name>ld</name>
        <briefdescription>
        </briefdescription>
        <detaileddescription>
        </detaileddescription>
        <inbodydescription>
        </inbodydescription>
        <location file="GameState.hpp" line="95" column="20" bodyfile="GameState.hpp" bodystart="95" bodyend="-1"/>
      </memberdef>
      <memberdef kind="variable" id="d3/db6/class_sekander_1_1_game_state_1ab15428b5c508516dfb67eb4b5cdc313d" prot="private" static="no" mutable="no">
        <type><ref refid="d1/d6b/class_sekander_1_1_h_u_d" kindref="compound">HUD</ref> *</type>
        <definition>HUD* Sekander::GameState::hud</definition>
        <argsstring></argsstring>
        <name>hud</name>
        <briefdescription>
        </briefdescription>
        <detaileddescription>
        </detaileddescription>
        <inbodydescription>
        </inbodydescription>
        <location file="GameState.hpp" line="98" column="5" bodyfile="GameState.hpp" bodystart="98" bodyend="-1"/>
      </memberdef>
      <memberdef kind="variable" id="d3/db6/class_sekander_1_1_game_state_1a628790c63ef07329a39c322f370e52db" prot="private" static="no" mutable="no">
        <type>int</type>
        <definition>int Sekander::GameState::_gameState</definition>
        <argsstring></argsstring>
        <name>_gameState</name>
        <briefdescription>
        </briefdescription>
        <detaileddescription>
        </detaileddescription>
        <inbodydescription>
        </inbodydescription>
        <location file="GameState.hpp" line="101" column="5" bodyfile="GameState.hpp" bodystart="101" bodyend="-1"/>
      </memberdef>
      <memberdef kind="variable" id="d3/db6/class_sekander_1_1_game_state_1a1722679ccb49b683a33dafbcc9cca6d7" prot="private" static="no" mutable="no">
        <type>int</type>
        <definition>int Sekander::GameState::_current_state</definition>
        <argsstring></argsstring>
        <name>_current_state</name>
        <briefdescription>
        </briefdescription>
        <detaileddescription>
        </detaileddescription>
        <inbodydescription>
        </inbodydescription>
        <location file="GameState.hpp" line="102" column="5" bodyfile="GameState.hpp" bodystart="102" bodyend="-1"/>
      </memberdef>
      <memberdef kind="variable" id="d3/db6/class_sekander_1_1_game_state_1ac8ac6b28d48f95b723ec17ae37f7509e" prot="private" static="no" mutable="no">
        <type>int</type>
        <definition>int Sekander::GameState::_score</definition>
        <argsstring></argsstring>
        <name>_score</name>
        <briefdescription>
        </briefdescription>
        <detaileddescription>
        </detaileddescription>
        <inbodydescription>
        </inbodydescription>
        <location file="GameState.hpp" line="104" column="5" bodyfile="GameState.hpp" bodystart="104" bodyend="-1"/>
      </memberdef>
      <memberdef kind="variable" id="d3/db6/class_sekander_1_1_game_state_1aa259af22c10b0f71cedc50c90a13b6ce" prot="private" static="no" mutable="no">
        <type>tmx::Map</type>
        <definition>tmx::Map Sekander::GameState::map</definition>
        <argsstring></argsstring>
        <name>map</name>
        <briefdescription>
        </briefdescription>
        <detaileddescription>
        </detaileddescription>
        <inbodydescription>
        </inbodydescription>
        <location file="GameState.hpp" line="122" column="14" bodyfile="GameState.hpp" bodystart="122" bodyend="-1"/>
      </memberdef>
      <memberdef kind="variable" id="d3/db6/class_sekander_1_1_game_state_1ae5ef3760e93eaa779734d0287dcca4fb" prot="private" static="no" mutable="no">
        <type><ref refid="db/d40/class_map_layer" kindref="compound">MapLayer</ref> *</type>
        <definition>MapLayer* Sekander::GameState::layer1</definition>
        <argsstring></argsstring>
        <name>layer1</name>
        <briefdescription>
        </briefdescription>
        <detaileddescription>
        </detaileddescription>
        <inbodydescription>
        </inbodydescription>
        <location file="GameState.hpp" line="123" column="10" bodyfile="GameState.hpp" bodystart="123" bodyend="-1"/>
      </memberdef>
      <memberdef kind="variable" id="d3/db6/class_sekander_1_1_game_state_1a4a24b0070e7d22098f6b057964cb0a91" prot="private" static="no" mutable="no">
        <type><ref refid="db/d40/class_map_layer" kindref="compound">MapLayer</ref> *</type>
        <definition>MapLayer* Sekander::GameState::layer2</definition>
        <argsstring></argsstring>
        <name>layer2</name>
        <briefdescription>
        </briefdescription>
        <detaileddescription>
        </detaileddescription>
        <inbodydescription>
        </inbodydescription>
        <location file="GameState.hpp" line="124" column="10" bodyfile="GameState.hpp" bodystart="124" bodyend="-1"/>
      </memberdef>
      <memberdef kind="variable" id="d3/db6/class_sekander_1_1_game_state_1aa6f018f199cabb2f40721403c62b308a" prot="private" static="no" mutable="no">
        <type><ref refid="db/d40/class_map_layer" kindref="compound">MapLayer</ref> *</type>
        <definition>MapLayer* Sekander::GameState::layer3</definition>
        <argsstring></argsstring>
        <name>layer3</name>
        <briefdescription>
        </briefdescription>
        <detaileddescription>
        </detaileddescription>
        <inbodydescription>
        </inbodydescription>
        <location file="GameState.hpp" line="125" column="10" bodyfile="GameState.hpp" bodystart="125" bodyend="-1"/>
      </memberdef>
      <memberdef kind="variable" id="d3/db6/class_sekander_1_1_game_state_1acef64446758069deee763f496a9bc2d6" prot="private" static="no" mutable="no">
        <type><ref refid="d8/df4/class_tile_map" kindref="compound">TileMap</ref></type>
        <definition>TileMap Sekander::GameState::_Manualmap</definition>
        <argsstring></argsstring>
        <name>_Manualmap</name>
        <briefdescription>
        </briefdescription>
        <detaileddescription>
        </detaileddescription>
        <inbodydescription>
        </inbodydescription>
        <location file="GameState.hpp" line="134" column="9" bodyfile="GameState.hpp" bodystart="134" bodyend="-1"/>
      </memberdef>
      <memberdef kind="variable" id="d3/db6/class_sekander_1_1_game_state_1a3967f08ea45421b5c4ec1a4e6fd1116b" prot="private" static="no" mutable="no">
        <type>b2Vec2</type>
        <definition>b2Vec2 Sekander::GameState::_gameScreen</definition>
        <argsstring></argsstring>
        <name>_gameScreen</name>
        <initializer>= b2Vec2(<ref refid="df/d44/_d_e_f_i_n_i_t_i_o_n_s_8hpp_1a6974d08a74da681b3957b2fead2608b8" kindref="member">SCREEN_HEIGHT</ref>, <ref refid="df/d44/_d_e_f_i_n_i_t_i_o_n_s_8hpp_1a2cd109632a6dcccaa80b43561b1ab700" kindref="member">SCREEN_WIDTH</ref>)</initializer>
        <briefdescription>
        </briefdescription>
        <detaileddescription>
        </detaileddescription>
        <inbodydescription>
        </inbodydescription>
        <location file="GameState.hpp" line="137" column="8" bodyfile="GameState.hpp" bodystart="137" bodyend="-1"/>
      </memberdef>
      <memberdef kind="variable" id="d3/db6/class_sekander_1_1_game_state_1ad03cd6358b24a3559c71eb904df73d5f" prot="private" static="no" mutable="no">
        <type>bool</type>
        <definition>bool Sekander::GameState::isKeyReleased</definition>
        <argsstring></argsstring>
        <name>isKeyReleased</name>
        <briefdescription>
        </briefdescription>
        <detaileddescription>
        </detaileddescription>
        <inbodydescription>
        </inbodydescription>
        <location file="GameState.hpp" line="138" column="6" bodyfile="GameState.hpp" bodystart="138" bodyend="-1"/>
      </memberdef>
      <memberdef kind="variable" id="d3/db6/class_sekander_1_1_game_state_1ae5db885953e773fdbce4faf6ad03d480" prot="private" static="no" mutable="no">
        <type>sf::View</type>
        <definition>sf::View Sekander::GameState::main_view</definition>
        <argsstring></argsstring>
        <name>main_view</name>
        <initializer>= _data-&gt;window.getDefaultView()</initializer>
        <briefdescription>
        </briefdescription>
        <detaileddescription>
        </detaileddescription>
        <inbodydescription>
        </inbodydescription>
        <location file="GameState.hpp" line="147" column="10" bodyfile="GameState.hpp" bodystart="147" bodyend="-1"/>
      </memberdef>
      <memberdef kind="variable" id="d3/db6/class_sekander_1_1_game_state_1a4eacd2ce75969c80fc68be5fecd97c70" prot="private" static="no" mutable="no">
        <type>sf::View</type>
        <definition>sf::View Sekander::GameState::minimapView</definition>
        <argsstring></argsstring>
        <name>minimapView</name>
        <briefdescription>
        </briefdescription>
        <detaileddescription>
        </detaileddescription>
        <inbodydescription>
        </inbodydescription>
        <location file="GameState.hpp" line="148" column="10" bodyfile="GameState.hpp" bodystart="148" bodyend="-1"/>
      </memberdef>
      <memberdef kind="variable" id="d3/db6/class_sekander_1_1_game_state_1add4fe356184898f68a463d3d7b06303f" prot="private" static="no" mutable="no">
        <type>sf::RectangleShape</type>
        <definition>sf::RectangleShape Sekander::GameState::back</definition>
        <argsstring></argsstring>
        <name>back</name>
        <briefdescription>
        </briefdescription>
        <detaileddescription>
        </detaileddescription>
        <inbodydescription>
        </inbodydescription>
        <location file="GameState.hpp" line="152" column="20" bodyfile="GameState.hpp" bodystart="152" bodyend="-1"/>
      </memberdef>
      <memberdef kind="variable" id="d3/db6/class_sekander_1_1_game_state_1a3b73733184431654c40332cf76735265" prot="private" static="no" mutable="no">
        <type>sf::RectangleShape</type>
        <definition>sf::RectangleShape Sekander::GameState::rect</definition>
        <argsstring></argsstring>
        <name>rect</name>
        <briefdescription>
        </briefdescription>
        <detaileddescription>
        </detaileddescription>
        <inbodydescription>
        </inbodydescription>
        <location file="GameState.hpp" line="153" column="20" bodyfile="GameState.hpp" bodystart="153" bodyend="-1"/>
      </memberdef>
      <memberdef kind="variable" id="d3/db6/class_sekander_1_1_game_state_1a2ee11887ef73fd6176d8d2ce8ef3c110" prot="private" static="no" mutable="no">
        <type>sf::RectangleShape</type>
        <definition>sf::RectangleShape Sekander::GameState::pause_window_rec</definition>
        <argsstring></argsstring>
        <name>pause_window_rec</name>
        <briefdescription>
        </briefdescription>
        <detaileddescription>
        </detaileddescription>
        <inbodydescription>
        </inbodydescription>
        <location file="GameState.hpp" line="155" column="20" bodyfile="GameState.hpp" bodystart="155" bodyend="-1"/>
      </memberdef>
      <memberdef kind="variable" id="d3/db6/class_sekander_1_1_game_state_1a5286183d60d019bb4a2883e46a183b86" prot="private" static="no" mutable="no">
        <type>sf::RectangleShape</type>
        <definition>sf::RectangleShape Sekander::GameState::debug_rec</definition>
        <argsstring></argsstring>
        <name>debug_rec</name>
        <briefdescription>
        </briefdescription>
        <detaileddescription>
        </detaileddescription>
        <inbodydescription>
        </inbodydescription>
        <location file="GameState.hpp" line="158" column="20" bodyfile="GameState.hpp" bodystart="158" bodyend="-1"/>
      </memberdef>
      <memberdef kind="variable" id="d3/db6/class_sekander_1_1_game_state_1a0d3ea2a26abb6cd10c3e493381400ada" prot="private" static="no" mutable="no">
        <type>int</type>
        <definition>int Sekander::GameState::r</definition>
        <argsstring></argsstring>
        <name>r</name>
        <initializer>= 100</initializer>
        <briefdescription>
        </briefdescription>
        <detaileddescription>
        </detaileddescription>
        <inbodydescription>
        </inbodydescription>
        <location file="GameState.hpp" line="164" column="5" bodyfile="GameState.hpp" bodystart="164" bodyend="-1"/>
      </memberdef>
      <memberdef kind="variable" id="d3/db6/class_sekander_1_1_game_state_1a6985b7cdb15e9be323ccc856379c15bb" prot="private" static="no" mutable="no">
        <type>int</type>
        <definition>int Sekander::GameState::b</definition>
        <argsstring></argsstring>
        <name>b</name>
        <initializer>= 255</initializer>
        <briefdescription>
        </briefdescription>
        <detaileddescription>
        </detaileddescription>
        <inbodydescription>
        </inbodydescription>
        <location file="GameState.hpp" line="165" column="5" bodyfile="GameState.hpp" bodystart="165" bodyend="-1"/>
      </memberdef>
      <memberdef kind="variable" id="d3/db6/class_sekander_1_1_game_state_1a31e0ac873c64d342e1d010e12edc0e22" prot="private" static="no" mutable="no">
        <type>int</type>
        <definition>int Sekander::GameState::g</definition>
        <argsstring></argsstring>
        <name>g</name>
        <initializer>= 0</initializer>
        <briefdescription>
        </briefdescription>
        <detaileddescription>
        </detaileddescription>
        <inbodydescription>
        </inbodydescription>
        <location file="GameState.hpp" line="166" column="5" bodyfile="GameState.hpp" bodystart="166" bodyend="-1"/>
      </memberdef>
      <memberdef kind="variable" id="d3/db6/class_sekander_1_1_game_state_1ad44c780816824050101c1489f0f231be" prot="private" static="no" mutable="no">
        <type>sf::RectangleShape</type>
        <definition>sf::RectangleShape Sekander::GameState::window_rec</definition>
        <argsstring></argsstring>
        <name>window_rec</name>
        <briefdescription>
        </briefdescription>
        <detaileddescription>
        </detaileddescription>
        <inbodydescription>
        </inbodydescription>
        <location file="GameState.hpp" line="170" column="20" bodyfile="GameState.hpp" bodystart="170" bodyend="-1"/>
      </memberdef>
      <memberdef kind="variable" id="d3/db6/class_sekander_1_1_game_state_1a5801f9acb771c8886aba02eb17a7b6eb" prot="private" static="no" mutable="no">
        <type>int</type>
        <definition>int Sekander::GameState::a</definition>
        <argsstring></argsstring>
        <name>a</name>
        <initializer>= 255</initializer>
        <briefdescription>
        </briefdescription>
        <detaileddescription>
        </detaileddescription>
        <inbodydescription>
        </inbodydescription>
        <location file="GameState.hpp" line="171" column="5" bodyfile="GameState.hpp" bodystart="171" bodyend="-1"/>
      </memberdef>
      <memberdef kind="variable" id="d3/db6/class_sekander_1_1_game_state_1ad905829e53a1e331b6859010ddea5d86" prot="private" static="no" mutable="no">
        <type>bool</type>
        <definition>bool Sekander::GameState::_max</definition>
        <argsstring></argsstring>
        <name>_max</name>
        <briefdescription>
        </briefdescription>
        <detaileddescription>
        </detaileddescription>
        <inbodydescription>
        </inbodydescription>
        <location file="GameState.hpp" line="172" column="6" bodyfile="GameState.hpp" bodystart="172" bodyend="-1"/>
      </memberdef>
      <memberdef kind="variable" id="d3/db6/class_sekander_1_1_game_state_1a272cac0ace6067683e12a7a37c0ab759" prot="private" static="no" mutable="no">
        <type>float</type>
        <definition>float Sekander::GameState::time_Start</definition>
        <argsstring></argsstring>
        <name>time_Start</name>
        <briefdescription>
        </briefdescription>
        <detaileddescription>
        </detaileddescription>
        <inbodydescription>
        </inbodydescription>
        <location file="GameState.hpp" line="184" column="7" bodyfile="GameState.hpp" bodystart="184" bodyend="-1"/>
      </memberdef>
      <memberdef kind="variable" id="d3/db6/class_sekander_1_1_game_state_1a676037f8cc02d84ad0ef52f8b73ee1ad" prot="private" static="no" mutable="no">
        <type>float</type>
        <definition>float Sekander::GameState::time_Finish</definition>
        <argsstring></argsstring>
        <name>time_Finish</name>
        <briefdescription>
        </briefdescription>
        <detaileddescription>
        </detaileddescription>
        <inbodydescription>
        </inbodydescription>
        <location file="GameState.hpp" line="184" column="18" bodyfile="GameState.hpp" bodystart="184" bodyend="-1"/>
      </memberdef>
      <memberdef kind="variable" id="d3/db6/class_sekander_1_1_game_state_1a1f7b418a56b6e8f31d33db63b1c4fd91" prot="private" static="no" mutable="no">
        <type>float</type>
        <definition>float Sekander::GameState::input_counter</definition>
        <argsstring></argsstring>
        <name>input_counter</name>
        <briefdescription>
        </briefdescription>
        <detaileddescription>
        </detaileddescription>
        <inbodydescription>
        </inbodydescription>
        <location file="GameState.hpp" line="188" column="7" bodyfile="GameState.hpp" bodystart="188" bodyend="-1"/>
      </memberdef>
      </sectiondef>
      <sectiondef kind="private-static-attrib">
      <memberdef kind="variable" id="d3/db6/class_sekander_1_1_game_state_1af70f88a071cda53e0a020a4d2d21dbd3" prot="private" static="yes" mutable="no">
        <type>unsigned short int</type>
        <definition>unsigned short int Sekander::GameState::counter</definition>
        <argsstring></argsstring>
        <name>counter</name>
        <briefdescription>
        </briefdescription>
        <detaileddescription>
        </detaileddescription>
        <inbodydescription>
        </inbodydescription>
        <location file="GameState.hpp" line="187" column="34" bodyfile="GameState.hpp" bodystart="187" bodyend="-1"/>
      </memberdef>
      </sectiondef>
      <sectiondef kind="public-func">
      <memberdef kind="function" id="d3/db6/class_sekander_1_1_game_state_1af47a4f5c384bf320048bea9b95b854ea" prot="public" static="no" const="no" explicit="no" inline="no" virt="non-virtual">
        <type></type>
        <definition>Sekander::GameState::GameState</definition>
        <argsstring>(GameDataRef data)</argsstring>
        <name>GameState</name>
        <param>
          <type><ref refid="d8/d6a/namespace_sekander_1a1d69b002ba2d23020901c28f0def5e16" kindref="member">GameDataRef</ref></type>
          <declname>data</declname>
        </param>
        <briefdescription>
        </briefdescription>
        <detaileddescription>
        </detaileddescription>
        <inbodydescription>
        </inbodydescription>
        <location file="GameState.hpp" line="40" column="1" bodyfile="GameState.cpp" bodystart="18" bodyend="21"/>
      </memberdef>
      <memberdef kind="function" id="d3/db6/class_sekander_1_1_game_state_1a6003e8f7b7ed16e9cd005972c1738714" prot="public" static="no" const="no" explicit="no" inline="no" virt="non-virtual">
        <type></type>
        <definition>Sekander::GameState::GameState</definition>
        <argsstring>(GameDataRef data, const char *xml_DOC)</argsstring>
        <name>GameState</name>
        <param>
          <type><ref refid="d8/d6a/namespace_sekander_1a1d69b002ba2d23020901c28f0def5e16" kindref="member">GameDataRef</ref></type>
          <declname>data</declname>
        </param>
        <param>
          <type>const char *</type>
          <declname>xml_DOC</declname>
        </param>
        <briefdescription>
        </briefdescription>
        <detaileddescription>
        </detaileddescription>
        <inbodydescription>
        </inbodydescription>
        <location file="GameState.hpp" line="41" column="1" bodyfile="GameState.cpp" bodystart="23" bodyend="26"/>
      </memberdef>
      <memberdef kind="function" id="d3/db6/class_sekander_1_1_game_state_1af27f06a5535b1fbc2f52299a1eb3bee2" prot="public" static="no" const="no" explicit="no" inline="no" virt="virtual">
        <type>void</type>
        <definition>void Sekander::GameState::Init</definition>
        <argsstring>()</argsstring>
        <name>Init</name>
        <reimplements refid="dc/df0/class_sekander_1_1_state_1a171be4b77d4c13e01849b867bd3fa8f5">Init</reimplements>
        <briefdescription>
        </briefdescription>
        <detaileddescription>
        </detaileddescription>
        <inbodydescription>
        </inbodydescription>
        <location file="GameState.hpp" line="43" column="6" bodyfile="GameState.cpp" bodystart="30" bodyend="223"/>
        <references refid="df/d44/_d_e_f_i_n_i_t_i_o_n_s_8hpp_1a680d333abdfd9a5053a12072f8364fe4a79e0fbea0598e65a4789cdf35b8d7c52" compoundref="df/d44/_d_e_f_i_n_i_t_i_o_n_s_8hpp" startline="90">e_Ready</references>
        <references refid="df/d44/_d_e_f_i_n_i_t_i_o_n_s_8hpp_1a70d3ca2da5f22b976b64e44a84efb7d9" compoundref="df/d44/_d_e_f_i_n_i_t_i_o_n_s_8hpp" startline="45">FONT_FILEPATH</references>
        <references refid="df/d44/_d_e_f_i_n_i_t_i_o_n_s_8hpp_1a1811efff299e4d80a481decf69ded942" compoundref="df/d44/_d_e_f_i_n_i_t_i_o_n_s_8hpp" startline="15">GAME_BACKGROUND_FILEPATH</references>
        <references refid="d8/df4/class_tile_map_1a5bc3325e2382599c3f986ac64481e832" compoundref="dd/d11/_tile_map_8hpp" startline="9" endline="47">TileMap::load</references>
        <references refid="db/d78/class_sekander_1_1_loading_game_objects_1a1d4c40b9fe4b0608fd8d40182d37b6d5" compoundref="df/dec/_loading_game_objects_8cpp" startline="182" endline="514">Sekander::LoadingGameObjects::Load_XML_PLAY_SCREEN</references>
        <references refid="df/d44/_d_e_f_i_n_i_t_i_o_n_s_8hpp_1ab3dfd2a14893371759479ac6ac57b159" compoundref="df/d44/_d_e_f_i_n_i_t_i_o_n_s_8hpp" startline="41">PLAYER_FILEPATH</references>
        <references refid="df/d44/_d_e_f_i_n_i_t_i_o_n_s_8hpp_1a6974d08a74da681b3957b2fead2608b8" compoundref="df/d44/_d_e_f_i_n_i_t_i_o_n_s_8hpp" startline="4">SCREEN_HEIGHT</references>
      </memberdef>
      <memberdef kind="function" id="d3/db6/class_sekander_1_1_game_state_1ab3e0961a77a513cdc49fe8e6b3962280" prot="public" static="no" const="no" explicit="no" inline="no" virt="virtual">
        <type>void</type>
        <definition>void Sekander::GameState::HandleInput</definition>
        <argsstring>()</argsstring>
        <name>HandleInput</name>
        <reimplements refid="dc/df0/class_sekander_1_1_state_1ad55ae42f5887db5745fda9f2bd30aaa3">HandleInput</reimplements>
        <briefdescription>
        </briefdescription>
        <detaileddescription>
        </detaileddescription>
        <inbodydescription>
        </inbodydescription>
        <location file="GameState.hpp" line="45" column="6" bodyfile="GameState.cpp" bodystart="225" bodyend="295"/>
        <references refid="df/d44/_d_e_f_i_n_i_t_i_o_n_s_8hpp_1a6974d08a74da681b3957b2fead2608b8" compoundref="df/d44/_d_e_f_i_n_i_t_i_o_n_s_8hpp" startline="4">SCREEN_HEIGHT</references>
        <references refid="df/d44/_d_e_f_i_n_i_t_i_o_n_s_8hpp_1a2cd109632a6dcccaa80b43561b1ab700" compoundref="df/d44/_d_e_f_i_n_i_t_i_o_n_s_8hpp" startline="3">SCREEN_WIDTH</references>
      </memberdef>
      <memberdef kind="function" id="d3/db6/class_sekander_1_1_game_state_1ac04d512257bd38244f2d6d1484aa9040" prot="public" static="no" const="no" explicit="no" inline="no" virt="virtual">
        <type>void</type>
        <definition>void Sekander::GameState::Update</definition>
        <argsstring>(float dt)</argsstring>
        <name>Update</name>
        <reimplements refid="dc/df0/class_sekander_1_1_state_1a08d49e399db6f68247f410f7fddc7963">Update</reimplements>
        <param>
          <type>float</type>
          <declname>dt</declname>
        </param>
        <briefdescription>
        </briefdescription>
        <detaileddescription>
        </detaileddescription>
        <inbodydescription>
<para>std::cout &lt;&lt; &quot;Gun : &quot; &lt;&lt; s-&gt;second-&gt;Get_key() &lt;&lt; std::endl;</para>
        </inbodydescription>
        <location file="GameState.hpp" line="46" column="6" bodyfile="GameState.cpp" bodystart="297" bodyend="966"/>
        <references refid="df/d44/_d_e_f_i_n_i_t_i_o_n_s_8hpp_1a680d333abdfd9a5053a12072f8364fe4acd81b021f4bf6b2c062809783e227b59" compoundref="df/d44/_d_e_f_i_n_i_t_i_o_n_s_8hpp" startline="92">e_GameOver</references>
        <references refid="db/d78/class_sekander_1_1_loading_game_objects_1a3173568a7e1e21aa78386ea3970f6a24" compoundref="db/db5/_loading_game_objects_8hpp" startline="53" endline="55">Sekander::LoadingGameObjects::Get_Bullet_Map</references>
        <references refid="db/d78/class_sekander_1_1_loading_game_objects_1abeeacd829bfa8a795d5599d15f9df98c" compoundref="db/db5/_loading_game_objects_8hpp" startline="57" endline="59">Sekander::LoadingGameObjects::Get_Enemy_Bullet_Map</references>
        <references refid="db/d78/class_sekander_1_1_loading_game_objects_1abdcfac6303e21fe0ebf74c645a087dfc" compoundref="db/db5/_loading_game_objects_8hpp" startline="78" endline="81">Sekander::LoadingGameObjects::Get_Enemy_Map</references>
        <references refid="db/d78/class_sekander_1_1_loading_game_objects_1a125ca9c8cac46cc560381b786c3f86db" compoundref="db/db5/_loading_game_objects_8hpp" startline="46" endline="48">Sekander::LoadingGameObjects::Get_Game_objects_Map</references>
        <references refid="db/d78/class_sekander_1_1_loading_game_objects_1aa62023ca73933c5684fd94221cfff0c2" compoundref="db/db5/_loading_game_objects_8hpp" startline="62" endline="64">Sekander::LoadingGameObjects::Get_Gun_Map</references>
        <references refid="db/d78/class_sekander_1_1_loading_game_objects_1aeac145a3df0eceb2a1027bff2f728fc6" compoundref="db/db5/_loading_game_objects_8hpp" startline="49" endline="51">Sekander::LoadingGameObjects::Get_Player_Map</references>
        <references refid="df/d44/_d_e_f_i_n_i_t_i_o_n_s_8hpp_1a0b73c5aa67be999a8922f4ddfce6e4a9" compoundref="df/d44/_d_e_f_i_n_i_t_i_o_n_s_8hpp" startline="97">TIME_BEFORE_GAME_OVER_APPEARS</references>
        <references refid="d1/d6b/class_sekander_1_1_h_u_d_1ad94d4fa9b5d08ee9b8759b581fd7bc00" compoundref="d9/d2a/_h_u_d_8cpp" startline="49" endline="72">Sekander::HUD::Update</references>
        <references refid="d1/d6b/class_sekander_1_1_h_u_d_1a485d26aab99f64815832644f0fba8057" compoundref="d9/d2a/_h_u_d_8cpp" startline="87" endline="90">Sekander::HUD::Update_text</references>
        <references refid="d1/d6b/class_sekander_1_1_h_u_d_1a1acd603a773e2ccddb08d7e97a658a01" compoundref="d9/d2a/_h_u_d_8cpp" startline="83" endline="85">Sekander::HUD::UpdateScore</references>
      </memberdef>
      <memberdef kind="function" id="d3/db6/class_sekander_1_1_game_state_1ae940d623e220e069c6574810c5d083be" prot="public" static="no" const="no" explicit="no" inline="no" virt="virtual">
        <type>void</type>
        <definition>void Sekander::GameState::Draw</definition>
        <argsstring>(float dt)</argsstring>
        <name>Draw</name>
        <reimplements refid="dc/df0/class_sekander_1_1_state_1a6ae7c2de1985461232a3ad694ca736b5">Draw</reimplements>
        <param>
          <type>float</type>
          <declname>dt</declname>
        </param>
        <briefdescription>
        </briefdescription>
        <detaileddescription>
        </detaileddescription>
        <inbodydescription>
        </inbodydescription>
        <location file="GameState.hpp" line="47" column="6" bodyfile="GameState.cpp" bodystart="968" bodyend="1037"/>
        <references refid="d1/d6b/class_sekander_1_1_h_u_d_1a79da321cb1474c30707d744cf2598fda" compoundref="d9/d2a/_h_u_d_8cpp" startline="74" endline="81">Sekander::HUD::Draw</references>
        <references refid="db/d78/class_sekander_1_1_loading_game_objects_1abdcfac6303e21fe0ebf74c645a087dfc" compoundref="db/db5/_loading_game_objects_8hpp" startline="78" endline="81">Sekander::LoadingGameObjects::Get_Enemy_Map</references>
        <references refid="db/d78/class_sekander_1_1_loading_game_objects_1aeac145a3df0eceb2a1027bff2f728fc6" compoundref="db/db5/_loading_game_objects_8hpp" startline="49" endline="51">Sekander::LoadingGameObjects::Get_Player_Map</references>
      </memberdef>
      </sectiondef>
    <briefdescription>
    </briefdescription>
    <detaileddescription>
    </detaileddescription>
    <inheritancegraph>
      <node id="1">
        <label>Sekander::GameState</label>
        <link refid="d3/db6/class_sekander_1_1_game_state"/>
        <childnode refid="2" relation="public-inheritance">
        </childnode>
      </node>
      <node id="2">
        <label>Sekander::State</label>
        <link refid="dc/df0/class_sekander_1_1_state"/>
      </node>
    </inheritancegraph>
    <collaborationgraph>
      <node id="1">
        <label>Sekander::GameState</label>
        <link refid="d3/db6/class_sekander_1_1_game_state"/>
        <childnode refid="2" relation="public-inheritance">
        </childnode>
      </node>
      <node id="2">
        <label>Sekander::State</label>
        <link refid="dc/df0/class_sekander_1_1_state"/>
      </node>
    </collaborationgraph>
    <location file="GameState.hpp" line="37" column="1" bodyfile="GameState.hpp" bodystart="38" bodyend="192"/>
    <listofallmembers>
      <member refid="d3/db6/class_sekander_1_1_game_state_1ac757f96251226e5d5cd07b8c75671299" prot="private" virt="non-virtual"><scope>Sekander::GameState</scope><name>_background</name></member>
      <member refid="d3/db6/class_sekander_1_1_game_state_1a3ed5ec609d3994afe8b25a6b3359abb7" prot="private" virt="non-virtual"><scope>Sekander::GameState</scope><name>_clock</name></member>
      <member refid="d3/db6/class_sekander_1_1_game_state_1a1722679ccb49b683a33dafbcc9cca6d7" prot="private" virt="non-virtual"><scope>Sekander::GameState</scope><name>_current_state</name></member>
      <member refid="d3/db6/class_sekander_1_1_game_state_1a8d4871b8f695026f712a631f4d15a7bc" prot="private" virt="non-virtual"><scope>Sekander::GameState</scope><name>_data</name></member>
      <member refid="d3/db6/class_sekander_1_1_game_state_1a3967f08ea45421b5c4ec1a4e6fd1116b" prot="private" virt="non-virtual"><scope>Sekander::GameState</scope><name>_gameScreen</name></member>
      <member refid="d3/db6/class_sekander_1_1_game_state_1a628790c63ef07329a39c322f370e52db" prot="private" virt="non-virtual"><scope>Sekander::GameState</scope><name>_gameState</name></member>
      <member refid="d3/db6/class_sekander_1_1_game_state_1a64afed7f84d58d0b0d52752b33969ba2" prot="private" virt="non-virtual"><scope>Sekander::GameState</scope><name>_is_paused</name></member>
      <member refid="d3/db6/class_sekander_1_1_game_state_1acef64446758069deee763f496a9bc2d6" prot="private" virt="non-virtual"><scope>Sekander::GameState</scope><name>_Manualmap</name></member>
      <member refid="d3/db6/class_sekander_1_1_game_state_1ad905829e53a1e331b6859010ddea5d86" prot="private" virt="non-virtual"><scope>Sekander::GameState</scope><name>_max</name></member>
      <member refid="d3/db6/class_sekander_1_1_game_state_1ac8ac6b28d48f95b723ec17ae37f7509e" prot="private" virt="non-virtual"><scope>Sekander::GameState</scope><name>_score</name></member>
      <member refid="d3/db6/class_sekander_1_1_game_state_1ace01a1a5682f32d83ddc4308c2dd5a0a" prot="private" virt="non-virtual"><scope>Sekander::GameState</scope><name>_un_pause</name></member>
      <member refid="d3/db6/class_sekander_1_1_game_state_1a664c380e695b82fb68aead1cd9828282" prot="private" virt="non-virtual"><scope>Sekander::GameState</scope><name>_xml_DOC</name></member>
      <member refid="d3/db6/class_sekander_1_1_game_state_1a5801f9acb771c8886aba02eb17a7b6eb" prot="private" virt="non-virtual"><scope>Sekander::GameState</scope><name>a</name></member>
      <member refid="d3/db6/class_sekander_1_1_game_state_1a6985b7cdb15e9be323ccc856379c15bb" prot="private" virt="non-virtual"><scope>Sekander::GameState</scope><name>b</name></member>
      <member refid="d3/db6/class_sekander_1_1_game_state_1add4fe356184898f68a463d3d7b06303f" prot="private" virt="non-virtual"><scope>Sekander::GameState</scope><name>back</name></member>
      <member refid="d3/db6/class_sekander_1_1_game_state_1af70f88a071cda53e0a020a4d2d21dbd3" prot="private" virt="non-virtual"><scope>Sekander::GameState</scope><name>counter</name></member>
      <member refid="d3/db6/class_sekander_1_1_game_state_1ab267d83dd406910063033004946c83e3" prot="private" virt="non-virtual"><scope>Sekander::GameState</scope><name>data</name></member>
      <member refid="d3/db6/class_sekander_1_1_game_state_1a5286183d60d019bb4a2883e46a183b86" prot="private" virt="non-virtual"><scope>Sekander::GameState</scope><name>debug_rec</name></member>
      <member refid="d3/db6/class_sekander_1_1_game_state_1ae940d623e220e069c6574810c5d083be" prot="public" virt="virtual"><scope>Sekander::GameState</scope><name>Draw</name></member>
      <member refid="d3/db6/class_sekander_1_1_game_state_1a51627fd89906e418c311a4853e7509ed" prot="private" virt="non-virtual"><scope>Sekander::GameState</scope><name>event</name></member>
      <member refid="d3/db6/class_sekander_1_1_game_state_1a31e0ac873c64d342e1d010e12edc0e22" prot="private" virt="non-virtual"><scope>Sekander::GameState</scope><name>g</name></member>
      <member refid="d3/db6/class_sekander_1_1_game_state_1af47a4f5c384bf320048bea9b95b854ea" prot="public" virt="non-virtual"><scope>Sekander::GameState</scope><name>GameState</name></member>
      <member refid="d3/db6/class_sekander_1_1_game_state_1a6003e8f7b7ed16e9cd005972c1738714" prot="public" virt="non-virtual"><scope>Sekander::GameState</scope><name>GameState</name></member>
      <member refid="d3/db6/class_sekander_1_1_game_state_1ab3e0961a77a513cdc49fe8e6b3962280" prot="public" virt="virtual"><scope>Sekander::GameState</scope><name>HandleInput</name></member>
      <member refid="d3/db6/class_sekander_1_1_game_state_1ab15428b5c508516dfb67eb4b5cdc313d" prot="private" virt="non-virtual"><scope>Sekander::GameState</scope><name>hud</name></member>
      <member refid="d3/db6/class_sekander_1_1_game_state_1a9017176374407458e6fe4b0369ae63ba" prot="private" virt="non-virtual"><scope>Sekander::GameState</scope><name>i</name></member>
      <member refid="d3/db6/class_sekander_1_1_game_state_1af27f06a5535b1fbc2f52299a1eb3bee2" prot="public" virt="virtual"><scope>Sekander::GameState</scope><name>Init</name></member>
      <member refid="d3/db6/class_sekander_1_1_game_state_1a1f7b418a56b6e8f31d33db63b1c4fd91" prot="private" virt="non-virtual"><scope>Sekander::GameState</scope><name>input_counter</name></member>
      <member refid="d3/db6/class_sekander_1_1_game_state_1ad03cd6358b24a3559c71eb904df73d5f" prot="private" virt="non-virtual"><scope>Sekander::GameState</scope><name>isKeyReleased</name></member>
      <member refid="d3/db6/class_sekander_1_1_game_state_1ae5ef3760e93eaa779734d0287dcca4fb" prot="private" virt="non-virtual"><scope>Sekander::GameState</scope><name>layer1</name></member>
      <member refid="d3/db6/class_sekander_1_1_game_state_1a4a24b0070e7d22098f6b057964cb0a91" prot="private" virt="non-virtual"><scope>Sekander::GameState</scope><name>layer2</name></member>
      <member refid="d3/db6/class_sekander_1_1_game_state_1aa6f018f199cabb2f40721403c62b308a" prot="private" virt="non-virtual"><scope>Sekander::GameState</scope><name>layer3</name></member>
      <member refid="d3/db6/class_sekander_1_1_game_state_1ad0cf3bf4943c3f025a9d46d1afc8f4ab" prot="private" virt="non-virtual"><scope>Sekander::GameState</scope><name>ld</name></member>
      <member refid="d3/db6/class_sekander_1_1_game_state_1a6eae10c82abd67f0c5f277d476040fa7" prot="private" virt="non-virtual"><scope>Sekander::GameState</scope><name>m_a_text</name></member>
      <member refid="d3/db6/class_sekander_1_1_game_state_1a5e1efc74f4b4c89981980762f7746188" prot="private" virt="non-virtual"><scope>Sekander::GameState</scope><name>m_e_text</name></member>
      <member refid="d3/db6/class_sekander_1_1_game_state_1ab8a913dd7ad77c86fd2588ab3cea7a3d" prot="private" virt="non-virtual"><scope>Sekander::GameState</scope><name>m_p_text</name></member>
      <member refid="d3/db6/class_sekander_1_1_game_state_1a9e4007a56ece8fb04e344198f3f00681" prot="private" virt="non-virtual"><scope>Sekander::GameState</scope><name>m_pause_text</name></member>
      <member refid="d3/db6/class_sekander_1_1_game_state_1a003a29119d0c6036f48f6629c310e982" prot="private" virt="non-virtual"><scope>Sekander::GameState</scope><name>m_s_text</name></member>
      <member refid="d3/db6/class_sekander_1_1_game_state_1a4d4f6d805ef4f5964cfa985c9eb49863" prot="private" virt="non-virtual"><scope>Sekander::GameState</scope><name>m_u_text</name></member>
      <member refid="d3/db6/class_sekander_1_1_game_state_1ae5db885953e773fdbce4faf6ad03d480" prot="private" virt="non-virtual"><scope>Sekander::GameState</scope><name>main_view</name></member>
      <member refid="d3/db6/class_sekander_1_1_game_state_1aa259af22c10b0f71cedc50c90a13b6ce" prot="private" virt="non-virtual"><scope>Sekander::GameState</scope><name>map</name></member>
      <member refid="d3/db6/class_sekander_1_1_game_state_1a4eacd2ce75969c80fc68be5fecd97c70" prot="private" virt="non-virtual"><scope>Sekander::GameState</scope><name>minimapView</name></member>
      <member refid="d3/db6/class_sekander_1_1_game_state_1a2ee11887ef73fd6176d8d2ce8ef3c110" prot="private" virt="non-virtual"><scope>Sekander::GameState</scope><name>pause_window_rec</name></member>
      <member refid="d3/db6/class_sekander_1_1_game_state_1a0d3ea2a26abb6cd10c3e493381400ada" prot="private" virt="non-virtual"><scope>Sekander::GameState</scope><name>r</name></member>
      <member refid="d3/db6/class_sekander_1_1_game_state_1a3b73733184431654c40332cf76735265" prot="private" virt="non-virtual"><scope>Sekander::GameState</scope><name>rect</name></member>
      <member refid="d3/db6/class_sekander_1_1_game_state_1a676037f8cc02d84ad0ef52f8b73ee1ad" prot="private" virt="non-virtual"><scope>Sekander::GameState</scope><name>time_Finish</name></member>
      <member refid="d3/db6/class_sekander_1_1_game_state_1a272cac0ace6067683e12a7a37c0ab759" prot="private" virt="non-virtual"><scope>Sekander::GameState</scope><name>time_Start</name></member>
      <member refid="d3/db6/class_sekander_1_1_game_state_1ac04d512257bd38244f2d6d1484aa9040" prot="public" virt="virtual"><scope>Sekander::GameState</scope><name>Update</name></member>
      <member refid="d3/db6/class_sekander_1_1_game_state_1ad44c780816824050101c1489f0f231be" prot="private" virt="non-virtual"><scope>Sekander::GameState</scope><name>window_rec</name></member>
    </listofallmembers>
  </compounddef>
</doxygen>
