<?xml version='1.0' encoding='UTF-8' standalone='no'?>
<doxygen xmlns:xsi="http://www.w3.org/2001/XMLSchema-instance" xsi:noNamespaceSchemaLocation="compound.xsd" version="1.9.2" xml:lang="en-US">
  <compounddef id="d4/db1/_game_world_8hpp" kind="file" language="C++">
    <compoundname>GameWorld.hpp</compoundname>
    <includes local="no">SFML/Graphics.hpp</includes>
    <includes refid="df/d44/_d_e_f_i_n_i_t_i_o_n_s_8hpp" local="yes">DEFINITIONS.hpp</includes>
    <includes refid="d2/d07/_game_8hpp" local="yes">Game.hpp</includes>
    <includes refid="df/d8c/entity__manager_8h" local="yes">entity_manager.h</includes>
    <includes local="no">vector</includes>
    <includedby refid="d6/d65/_bullet_8hpp" local="yes">Bullet.hpp</includedby>
    <includedby refid="da/dda/_enemy_8hpp" local="yes">Enemy.hpp</includedby>
    <includedby refid="d2/d86/_game_state_8hpp" local="yes">GameState.hpp</includedby>
    <includedby refid="db/d7a/_game_world_8cpp" local="yes">GameWorld.cpp</includedby>
    <includedby refid="d0/d06/_gun_8hpp" local="yes">Gun.hpp</includedby>
    <includedby refid="dc/dea/_main___player_8hpp" local="yes">Main_Player.hpp</includedby>
    <incdepgraph>
      <node id="10">
        <label>AssetManager.hpp</label>
        <link refid="d2/d03/_asset_manager_8hpp"/>
        <childnode refid="11" relation="include">
        </childnode>
        <childnode refid="2" relation="include">
        </childnode>
      </node>
      <node id="3">
        <label>DEFINITIONS.hpp</label>
        <link refid="df/d44/_d_e_f_i_n_i_t_i_o_n_s_8hpp"/>
      </node>
      <node id="4">
        <label>Game.hpp</label>
        <link refid="d2/d07/_game_8hpp"/>
        <childnode refid="5" relation="include">
        </childnode>
        <childnode refid="6" relation="include">
        </childnode>
        <childnode refid="2" relation="include">
        </childnode>
        <childnode refid="7" relation="include">
        </childnode>
        <childnode refid="10" relation="include">
        </childnode>
        <childnode refid="12" relation="include">
        </childnode>
        <childnode refid="13" relation="include">
        </childnode>
      </node>
      <node id="1">
        <label>GameWorld.hpp</label>
        <link refid="d4/db1/_game_world_8hpp"/>
        <childnode refid="2" relation="include">
        </childnode>
        <childnode refid="3" relation="include">
        </childnode>
        <childnode refid="4" relation="include">
        </childnode>
        <childnode refid="13" relation="include">
        </childnode>
        <childnode refid="15" relation="include">
        </childnode>
      </node>
      <node id="12">
        <label>InputManager.hpp</label>
        <link refid="dc/d9f/_input_manager_8hpp"/>
        <childnode refid="2" relation="include">
        </childnode>
      </node>
      <node id="9">
        <label>State.hpp</label>
        <link refid="d5/d5d/_state_8hpp"/>
      </node>
      <node id="7">
        <label>StateMachine.hpp</label>
        <link refid="d8/d91/_state_machine_8hpp"/>
        <childnode refid="5" relation="include">
        </childnode>
        <childnode refid="8" relation="include">
        </childnode>
        <childnode refid="9" relation="include">
        </childnode>
      </node>
      <node id="17">
        <label>entity.h</label>
        <link refid="d8/d83/entity_8h"/>
        <childnode refid="2" relation="include">
        </childnode>
        <childnode refid="6" relation="include">
        </childnode>
        <childnode refid="16" relation="include">
        </childnode>
        <childnode refid="18" relation="include">
        </childnode>
      </node>
      <node id="13">
        <label>entity_manager.h</label>
        <link refid="df/d8c/entity__manager_8h"/>
        <childnode refid="14" relation="include">
        </childnode>
        <childnode refid="15" relation="include">
        </childnode>
        <childnode refid="16" relation="include">
        </childnode>
        <childnode refid="17" relation="include">
        </childnode>
      </node>
      <node id="2">
        <label>SFML/Graphics.hpp</label>
      </node>
      <node id="16">
        <label>box2d/box2d.h</label>
      </node>
      <node id="18">
        <label>iostream</label>
      </node>
      <node id="11">
        <label>map</label>
      </node>
      <node id="5">
        <label>memory</label>
      </node>
      <node id="8">
        <label>stack</label>
      </node>
      <node id="6">
        <label>string</label>
      </node>
      <node id="14">
        <label>unordered_map</label>
      </node>
      <node id="15">
        <label>vector</label>
      </node>
    </incdepgraph>
    <invincdepgraph>
      <node id="3">
        <label>Bullet.cpp</label>
        <link refid="d7/dcd/_bullet_8cpp"/>
      </node>
      <node id="2">
        <label>Bullet.hpp</label>
        <link refid="d6/d65/_bullet_8hpp"/>
        <childnode refid="3" relation="include">
        </childnode>
        <childnode refid="4" relation="include">
        </childnode>
        <childnode refid="10" relation="include">
        </childnode>
        <childnode refid="17" relation="include">
        </childnode>
        <childnode refid="6" relation="include">
        </childnode>
        <childnode refid="19" relation="include">
        </childnode>
      </node>
      <node id="5">
        <label>Enemy.cpp</label>
        <link refid="de/d34/_enemy_8cpp"/>
      </node>
      <node id="4">
        <label>Enemy.hpp</label>
        <link refid="da/dda/_enemy_8hpp"/>
        <childnode refid="5" relation="include">
        </childnode>
        <childnode refid="6" relation="include">
        </childnode>
      </node>
      <node id="11">
        <label>Game.cpp</label>
        <link refid="d7/db5/_game_8cpp"/>
      </node>
      <node id="8">
        <label>GameOverState.cpp</label>
        <link refid="d1/db6/_game_over_state_8cpp"/>
      </node>
      <node id="7">
        <label>GameOverState.hpp</label>
        <link refid="d7/dd1/_game_over_state_8hpp"/>
        <childnode refid="8" relation="include">
        </childnode>
        <childnode refid="9" relation="include">
        </childnode>
      </node>
      <node id="9">
        <label>GameState.cpp</label>
        <link refid="d7/d85/_game_state_8cpp"/>
      </node>
      <node id="10">
        <label>GameState.hpp</label>
        <link refid="d2/d86/_game_state_8hpp"/>
        <childnode refid="11" relation="include">
        </childnode>
        <childnode refid="8" relation="include">
        </childnode>
        <childnode refid="9" relation="include">
        </childnode>
        <childnode refid="12" relation="include">
        </childnode>
      </node>
      <node id="21">
        <label>GameWorld.cpp</label>
        <link refid="db/d7a/_game_world_8cpp"/>
      </node>
      <node id="1">
        <label>GameWorld.hpp</label>
        <link refid="d4/db1/_game_world_8hpp"/>
        <childnode refid="2" relation="include">
        </childnode>
        <childnode refid="4" relation="include">
        </childnode>
        <childnode refid="10" relation="include">
        </childnode>
        <childnode refid="21" relation="include">
        </childnode>
        <childnode refid="17" relation="include">
        </childnode>
        <childnode refid="19" relation="include">
        </childnode>
      </node>
      <node id="18">
        <label>Gun.cpp</label>
        <link refid="d7/d7e/_gun_8cpp"/>
      </node>
      <node id="17">
        <label>Gun.hpp</label>
        <link refid="d0/d06/_gun_8hpp"/>
        <childnode refid="4" relation="include">
        </childnode>
        <childnode refid="18" relation="include">
        </childnode>
        <childnode refid="19" relation="include">
        </childnode>
      </node>
      <node id="13">
        <label>LoadingGameObjects.cpp</label>
        <link refid="df/dec/_loading_game_objects_8cpp"/>
      </node>
      <node id="6">
        <label>LoadingGameObjects.hpp</label>
        <link refid="db/db5/_loading_game_objects_8hpp"/>
        <childnode refid="7" relation="include">
        </childnode>
        <childnode refid="10" relation="include">
        </childnode>
        <childnode refid="13" relation="include">
        </childnode>
        <childnode refid="14" relation="include">
        </childnode>
        <childnode refid="16" relation="include">
        </childnode>
      </node>
      <node id="12">
        <label>MainMenuState.cpp</label>
        <link refid="df/d24/_main_menu_state_8cpp"/>
      </node>
      <node id="14">
        <label>MainMenuState.hpp</label>
        <link refid="db/d83/_main_menu_state_8hpp"/>
        <childnode refid="12" relation="include">
        </childnode>
        <childnode refid="15" relation="include">
        </childnode>
      </node>
      <node id="20">
        <label>Main_Player.cpp</label>
        <link refid="d0/db2/_main___player_8cpp"/>
      </node>
      <node id="19">
        <label>Main_Player.hpp</label>
        <link refid="dc/dea/_main___player_8hpp"/>
        <childnode refid="10" relation="include">
        </childnode>
        <childnode refid="6" relation="include">
        </childnode>
        <childnode refid="20" relation="include">
        </childnode>
      </node>
      <node id="15">
        <label>SplashState.cpp</label>
        <link refid="da/dfb/_splash_state_8cpp"/>
      </node>
      <node id="16">
        <label>SplashState.hpp</label>
        <link refid="d1/d76/_splash_state_8hpp"/>
        <childnode refid="11" relation="include">
        </childnode>
        <childnode refid="15" relation="include">
        </childnode>
      </node>
    </invincdepgraph>
    <innerclass refid="d4/d74/class_sekander_1_1_game_world" prot="public">Sekander::GameWorld</innerclass>
    <innernamespace refid="d8/d6a/namespace_sekander">Sekander</innernamespace>
    <briefdescription>
    </briefdescription>
    <detaileddescription>
    </detaileddescription>
    <programlisting>
<codeline lineno="1"><highlight class="preprocessor">#pragma<sp/>once</highlight><highlight class="normal"></highlight></codeline>
<codeline lineno="2"><highlight class="normal"></highlight></codeline>
<codeline lineno="3"><highlight class="normal"></highlight><highlight class="preprocessor">#include<sp/>&lt;SFML/Graphics.hpp&gt;</highlight><highlight class="normal"></highlight></codeline>
<codeline lineno="4"><highlight class="normal"></highlight><highlight class="preprocessor">#include<sp/>&quot;<ref refid="df/d44/_d_e_f_i_n_i_t_i_o_n_s_8hpp" kindref="compound">DEFINITIONS.hpp</ref>&quot;</highlight><highlight class="normal"></highlight></codeline>
<codeline lineno="5"><highlight class="normal"></highlight><highlight class="preprocessor">#include<sp/>&quot;<ref refid="d2/d07/_game_8hpp" kindref="compound">Game.hpp</ref>&quot;</highlight><highlight class="normal"></highlight></codeline>
<codeline lineno="6"><highlight class="normal"></highlight><highlight class="preprocessor">#include<sp/>&quot;<ref refid="df/d8c/entity__manager_8h" kindref="compound">entity_manager.h</ref>&quot;</highlight><highlight class="normal"></highlight></codeline>
<codeline lineno="7"><highlight class="normal"></highlight><highlight class="preprocessor">#include<sp/>&lt;vector&gt;</highlight><highlight class="normal"></highlight></codeline>
<codeline lineno="8"><highlight class="normal"></highlight></codeline>
<codeline lineno="9"><highlight class="normal"></highlight><highlight class="keyword">namespace<sp/></highlight><highlight class="normal"><ref refid="d8/d6a/namespace_sekander" kindref="compound">Sekander</ref></highlight></codeline>
<codeline lineno="10"><highlight class="normal">{</highlight></codeline>
<codeline lineno="11" refid="d4/d74/class_sekander_1_1_game_world" refkind="compound"><highlight class="normal"><sp/><sp/><sp/><sp/></highlight><highlight class="keyword">class<sp/></highlight><highlight class="normal"><ref refid="d4/d74/class_sekander_1_1_game_world" kindref="compound">GameWorld</ref><sp/></highlight></codeline>
<codeline lineno="12"><highlight class="normal"><sp/><sp/><sp/><sp/>{</highlight></codeline>
<codeline lineno="13"><highlight class="normal"><sp/><sp/><sp/><sp/><sp/><sp/><sp/><sp/></highlight><highlight class="keyword">public</highlight><highlight class="normal">:</highlight></codeline>
<codeline lineno="14" refid="d4/d74/class_sekander_1_1_game_world_1a4eba015ae47c7e54c545a874906be1c1" refkind="member"><highlight class="normal"><sp/><sp/><sp/><sp/><sp/><sp/><sp/><sp/><sp/><sp/><sp/><sp/><ref refid="d4/d74/class_sekander_1_1_game_world_1a4eba015ae47c7e54c545a874906be1c1" kindref="member">GameWorld</ref>();</highlight></codeline>
<codeline lineno="15"><highlight class="normal"><sp/><sp/><sp/><sp/><sp/><sp/><sp/><sp/><sp/><sp/><sp/><sp/><ref refid="d4/d74/class_sekander_1_1_game_world_1a4eba015ae47c7e54c545a874906be1c1" kindref="member">GameWorld</ref>(<ref refid="d8/d6a/namespace_sekander_1a1d69b002ba2d23020901c28f0def5e16" kindref="member">GameDataRef</ref><sp/>data);</highlight></codeline>
<codeline lineno="16"><highlight class="normal"><sp/><sp/><sp/><sp/><sp/><sp/><sp/><sp/><sp/><sp/><sp/><sp/></highlight></codeline>
<codeline lineno="17"><highlight class="normal"><sp/><sp/><sp/><sp/><sp/><sp/><sp/><sp/><sp/><sp/><sp/><sp/></highlight><highlight class="keyword">explicit</highlight><highlight class="normal"><sp/><ref refid="d4/d74/class_sekander_1_1_game_world_1a4eba015ae47c7e54c545a874906be1c1" kindref="member">GameWorld</ref>(<ref refid="d8/d6a/namespace_sekander_1a1d69b002ba2d23020901c28f0def5e16" kindref="member">GameDataRef</ref><sp/>data,<sp/>std::string<sp/>key,<sp/></highlight></codeline>
<codeline lineno="18"><highlight class="normal"><sp/><sp/><sp/><sp/><sp/><sp/><sp/><sp/><sp/><sp/><sp/><sp/></highlight></codeline>
<codeline lineno="19"><highlight class="normal"><sp/><sp/><sp/><sp/><sp/><sp/><sp/><sp/><sp/><sp/><sp/><sp/></highlight><highlight class="comment">//GameWorld(GameDataRef<sp/>data,<sp/>std::string<sp/>key,<sp/></highlight><highlight class="normal"></highlight></codeline>
<codeline lineno="20"><highlight class="normal"><sp/><sp/><sp/><sp/><sp/><sp/><sp/><sp/><sp/><sp/><sp/><sp/><sp/><sp/><sp/><sp/><sp/><sp/><sp/><sp/><sp/><sp/><sp/><sp/><sp/><sp/><sp/><sp/><sp/><sp/><sp/><sp/><sp/><sp/><sp/><sp/><sp/><sp/><sp/><sp/>std::string<sp/>file_name,</highlight></codeline>
<codeline lineno="21"><highlight class="normal"><sp/><sp/><sp/><sp/><sp/><sp/><sp/><sp/><sp/><sp/><sp/><sp/><sp/><sp/><sp/><sp/><sp/><sp/><sp/><sp/><sp/><sp/><sp/><sp/><sp/><sp/><sp/><sp/><sp/><sp/><sp/><sp/><sp/><sp/><sp/><sp/><sp/><sp/><sp/><sp/></highlight><highlight class="keywordtype">int</highlight><highlight class="normal"><sp/>source_x,</highlight></codeline>
<codeline lineno="22"><highlight class="normal"><sp/><sp/><sp/><sp/><sp/><sp/><sp/><sp/><sp/><sp/><sp/><sp/><sp/><sp/><sp/><sp/><sp/><sp/><sp/><sp/><sp/><sp/><sp/><sp/><sp/><sp/><sp/><sp/><sp/><sp/><sp/><sp/><sp/><sp/><sp/><sp/><sp/><sp/><sp/><sp/></highlight><highlight class="keywordtype">int</highlight><highlight class="normal"><sp/>source_y,</highlight></codeline>
<codeline lineno="23"><highlight class="normal"><sp/><sp/><sp/><sp/><sp/><sp/><sp/><sp/><sp/><sp/><sp/><sp/><sp/><sp/><sp/><sp/><sp/><sp/><sp/><sp/><sp/><sp/><sp/><sp/><sp/><sp/><sp/><sp/><sp/><sp/><sp/><sp/><sp/><sp/><sp/><sp/><sp/><sp/><sp/><sp/></highlight><highlight class="keywordtype">int</highlight><highlight class="normal"><sp/>sprite_WIDTH,</highlight></codeline>
<codeline lineno="24"><highlight class="normal"><sp/><sp/><sp/><sp/><sp/><sp/><sp/><sp/><sp/><sp/><sp/><sp/><sp/><sp/><sp/><sp/><sp/><sp/><sp/><sp/><sp/><sp/><sp/><sp/><sp/><sp/><sp/><sp/><sp/><sp/><sp/><sp/><sp/><sp/><sp/><sp/><sp/><sp/><sp/><sp/></highlight><highlight class="keywordtype">int</highlight><highlight class="normal"><sp/>sprite_HEIGHT,</highlight></codeline>
<codeline lineno="25"><highlight class="normal"><sp/><sp/><sp/><sp/><sp/><sp/><sp/><sp/><sp/><sp/><sp/><sp/><sp/><sp/><sp/><sp/><sp/><sp/><sp/><sp/><sp/><sp/><sp/><sp/><sp/><sp/><sp/><sp/><sp/><sp/><sp/><sp/><sp/><sp/><sp/><sp/><sp/><sp/><sp/><sp/></highlight><highlight class="keywordtype">bool</highlight><highlight class="normal"><sp/>dynamic,</highlight></codeline>
<codeline lineno="26"><highlight class="normal"><sp/><sp/><sp/><sp/><sp/><sp/><sp/><sp/><sp/><sp/><sp/><sp/><sp/><sp/><sp/><sp/><sp/><sp/><sp/><sp/><sp/><sp/><sp/><sp/><sp/><sp/><sp/><sp/><sp/><sp/><sp/><sp/><sp/><sp/><sp/><sp/><sp/><sp/><sp/><sp/></highlight><highlight class="keywordtype">int</highlight><highlight class="normal"><sp/>sprite_X_FRAMES,</highlight></codeline>
<codeline lineno="27"><highlight class="normal"><sp/><sp/><sp/><sp/><sp/><sp/><sp/><sp/><sp/><sp/><sp/><sp/><sp/><sp/><sp/><sp/><sp/><sp/><sp/><sp/><sp/><sp/><sp/><sp/><sp/><sp/><sp/><sp/><sp/><sp/><sp/><sp/><sp/><sp/><sp/><sp/><sp/><sp/><sp/><sp/></highlight><highlight class="keywordtype">int</highlight><highlight class="normal"><sp/>sprite_Y_FRAMES,</highlight></codeline>
<codeline lineno="28"><highlight class="normal"><sp/><sp/><sp/><sp/><sp/><sp/><sp/><sp/><sp/><sp/><sp/><sp/><sp/><sp/><sp/><sp/><sp/><sp/><sp/><sp/><sp/><sp/><sp/><sp/><sp/><sp/><sp/><sp/><sp/><sp/><sp/><sp/><sp/><sp/><sp/><sp/><sp/><sp/><sp/><sp/></highlight><highlight class="keywordtype">float</highlight><highlight class="normal"><sp/>sprite_X_POS,</highlight></codeline>
<codeline lineno="29"><highlight class="normal"><sp/><sp/><sp/><sp/><sp/><sp/><sp/><sp/><sp/><sp/><sp/><sp/><sp/><sp/><sp/><sp/><sp/><sp/><sp/><sp/><sp/><sp/><sp/><sp/><sp/><sp/><sp/><sp/><sp/><sp/><sp/><sp/><sp/><sp/><sp/><sp/><sp/><sp/><sp/><sp/></highlight><highlight class="keywordtype">float</highlight><highlight class="normal"><sp/>sprite_Y_POS,</highlight></codeline>
<codeline lineno="30"><highlight class="normal"><sp/><sp/><sp/><sp/><sp/><sp/><sp/><sp/><sp/><sp/><sp/><sp/><sp/><sp/><sp/><sp/><sp/><sp/><sp/><sp/><sp/><sp/><sp/><sp/><sp/><sp/><sp/><sp/><sp/><sp/><sp/><sp/><sp/><sp/><sp/><sp/><sp/><sp/><sp/><sp/></highlight><highlight class="keywordtype">float</highlight><highlight class="normal"><sp/>sprite_ANGLE<sp/></highlight></codeline>
<codeline lineno="31"><highlight class="normal"><sp/><sp/><sp/><sp/><sp/><sp/><sp/><sp/><sp/><sp/><sp/><sp/><sp/><sp/><sp/><sp/><sp/><sp/><sp/><sp/><sp/><sp/><sp/><sp/><sp/><sp/><sp/><sp/><sp/><sp/><sp/><sp/><sp/><sp/><sp/><sp/><sp/><sp/><sp/><sp/>);</highlight></codeline>
<codeline lineno="32"><highlight class="normal"><sp/><sp/><sp/><sp/><sp/><sp/><sp/><sp/><sp/><sp/><sp/><sp/></highlight></codeline>
<codeline lineno="33"><highlight class="normal"><sp/><sp/><sp/><sp/><sp/><sp/><sp/><sp/><sp/><sp/><sp/><sp/></highlight></codeline>
<codeline lineno="34"><highlight class="normal"><sp/><sp/><sp/><sp/><sp/><sp/><sp/><sp/><sp/><sp/><sp/><sp/></highlight><highlight class="keywordtype">void</highlight><highlight class="normal"><sp/><ref refid="d4/d74/class_sekander_1_1_game_world_1aefbdb2473bee50c10a5380e7a6892a60" kindref="member">Draw</ref>();</highlight></codeline>
<codeline lineno="35"><highlight class="normal"><sp/><sp/><sp/><sp/><sp/><sp/><sp/><sp/><sp/><sp/><sp/><sp/></highlight><highlight class="keywordtype">void</highlight><highlight class="normal"><sp/><ref refid="d4/d74/class_sekander_1_1_game_world_1ad5c3fd7f0c1347d393df075cea46177e" kindref="member">Animate</ref>(</highlight><highlight class="keywordtype">float</highlight><highlight class="normal"><sp/>dt);</highlight></codeline>
<codeline lineno="36"><highlight class="normal"><sp/><sp/><sp/><sp/><sp/><sp/><sp/><sp/><sp/><sp/><sp/><sp/></highlight><highlight class="keywordtype">void</highlight><highlight class="normal"><sp/><ref refid="d4/d74/class_sekander_1_1_game_world_1ad5c3fd7f0c1347d393df075cea46177e" kindref="member">Animate</ref>(</highlight><highlight class="keywordtype">float</highlight><highlight class="normal"><sp/>dt,<sp/></highlight><highlight class="keywordtype">int</highlight><highlight class="normal">);</highlight></codeline>
<codeline lineno="37"><highlight class="normal"><sp/><sp/><sp/><sp/><sp/><sp/><sp/><sp/><sp/><sp/><sp/><sp/></highlight><highlight class="comment">//void<sp/>Animate();</highlight><highlight class="normal"></highlight></codeline>
<codeline lineno="38"><highlight class="normal"><sp/><sp/><sp/><sp/><sp/><sp/><sp/><sp/><sp/><sp/><sp/><sp/></highlight><highlight class="keywordtype">void</highlight><highlight class="normal"><sp/><ref refid="d4/d74/class_sekander_1_1_game_world_1a827c7077336d604dd4854196cc6be334" kindref="member">Update</ref>(</highlight><highlight class="keywordtype">float</highlight><highlight class="normal"><sp/>dt);</highlight></codeline>
<codeline lineno="39"><highlight class="normal"><sp/><sp/><sp/><sp/><sp/><sp/><sp/><sp/><sp/><sp/><sp/><sp/></highlight><highlight class="keyword">const</highlight><highlight class="normal"><sp/></highlight><highlight class="keywordtype">bool</highlight><highlight class="normal"><sp/><ref refid="d4/d74/class_sekander_1_1_game_world_1a0d0376040dc0171aecdbb5b618741b8b" kindref="member">checkKEYPRESS</ref>(sf::Keyboard::Key);</highlight></codeline>
<codeline lineno="40"><highlight class="normal"><sp/><sp/><sp/><sp/><sp/><sp/><sp/><sp/><sp/><sp/><sp/><sp/></highlight><highlight class="keywordtype">bool</highlight><highlight class="normal"><sp/><ref refid="d4/d74/class_sekander_1_1_game_world_1a543c52aad77747a2f34b5927041ac905" kindref="member">pressure_sensitive_KEY_PRESS</ref>(sf::Keyboard::Key);</highlight></codeline>
<codeline lineno="41"><highlight class="normal"></highlight></codeline>
<codeline lineno="42" refid="d4/d74/class_sekander_1_1_game_world_1a658b6f36a3476b2b8ef0f69a2f0ceac3" refkind="member"><highlight class="normal"><sp/><sp/><sp/><sp/><sp/><sp/><sp/><sp/><sp/><sp/><sp/><sp/></highlight><highlight class="keywordtype">void</highlight><highlight class="normal"><sp/><ref refid="d4/d74/class_sekander_1_1_game_world_1a658b6f36a3476b2b8ef0f69a2f0ceac3" kindref="member">StartAnimation</ref>(){_playerState<sp/>=<sp/><ref refid="df/d44/_d_e_f_i_n_i_t_i_o_n_s_8hpp_1ad06cf05af0fa05c51ff78ac4b853293e" kindref="member">BIRD_STATE_FLYING</ref>;}</highlight></codeline>
<codeline lineno="43" refid="d4/d74/class_sekander_1_1_game_world_1a1a6c95bf62b4ebb4a9269ebe4ef8ec8b" refkind="member"><highlight class="normal"><sp/><sp/><sp/><sp/><sp/><sp/><sp/><sp/><sp/><sp/><sp/><sp/></highlight><highlight class="keywordtype">void</highlight><highlight class="normal"><sp/><ref refid="d4/d74/class_sekander_1_1_game_world_1a1a6c95bf62b4ebb4a9269ebe4ef8ec8b" kindref="member">StopAnimation</ref>(){_playerState<sp/>=<sp/><ref refid="df/d44/_d_e_f_i_n_i_t_i_o_n_s_8hpp_1a0bb93e4bcc4fa20ae7420e2e431eaa31" kindref="member">BIRD_STATE_STILL</ref>;}</highlight></codeline>
<codeline lineno="44" refid="d4/d74/class_sekander_1_1_game_world_1a38ce97f68d23c6592bc84971db21354f" refkind="member"><highlight class="normal"><sp/><sp/><sp/><sp/><sp/><sp/><sp/><sp/><sp/><sp/><sp/><sp/></highlight><highlight class="keywordtype">void</highlight><highlight class="normal"><sp/><ref refid="d4/d74/class_sekander_1_1_game_world_1a38ce97f68d23c6592bc84971db21354f" kindref="member">SetPlayerState</ref>(</highlight><highlight class="keywordtype">int</highlight><highlight class="normal"><sp/>playerState){_playerState<sp/>=<sp/>playerState;}</highlight></codeline>
<codeline lineno="45"><highlight class="normal"><sp/><sp/><sp/><sp/><sp/><sp/><sp/><sp/><sp/><sp/><sp/><sp/></highlight><highlight class="keyword">const</highlight><highlight class="normal"><sp/>sf::Sprite<sp/>&amp;<ref refid="d4/d74/class_sekander_1_1_game_world_1ac8b727f77781b0ebeafb3b541bf17a67" kindref="member">GetSprite</ref>()<sp/></highlight><highlight class="keyword">const</highlight><highlight class="normal">;</highlight></codeline>
<codeline lineno="46"><highlight class="normal"></highlight></codeline>
<codeline lineno="47" refid="d4/d74/class_sekander_1_1_game_world_1a59be267007f51217d7f9739029e966cd" refkind="member"><highlight class="normal"><sp/><sp/><sp/><sp/><sp/><sp/><sp/><sp/><sp/><sp/><sp/><sp/></highlight><highlight class="keyword">inline</highlight><highlight class="normal"><sp/></highlight><highlight class="keyword">static</highlight><highlight class="normal"><sp/></highlight><highlight class="keywordtype">bool</highlight><highlight class="normal"><sp/><ref refid="d4/d74/class_sekander_1_1_game_world_1a59be267007f51217d7f9739029e966cd" kindref="member">is_key_pressed</ref>;</highlight></codeline>
<codeline lineno="48" refid="d4/d74/class_sekander_1_1_game_world_1a8b5e8a9e12e49fcd66361a83837c2b30" refkind="member"><highlight class="normal"><sp/><sp/><sp/><sp/><sp/><sp/><sp/><sp/><sp/><sp/><sp/><sp/></highlight><highlight class="keyword">inline</highlight><highlight class="normal"><sp/></highlight><highlight class="keyword">static</highlight><highlight class="normal"><sp/></highlight><highlight class="keywordtype">unsigned</highlight><highlight class="normal"><sp/></highlight><highlight class="keywordtype">short</highlight><highlight class="normal"><sp/></highlight><highlight class="keywordtype">int</highlight><highlight class="normal"><sp/><ref refid="d4/d74/class_sekander_1_1_game_world_1a8b5e8a9e12e49fcd66361a83837c2b30" kindref="member">counter</ref>;</highlight></codeline>
<codeline lineno="49" refid="d4/d74/class_sekander_1_1_game_world_1a0253519bdc4bb36ae9b1c835ecdcedc6" refkind="member"><highlight class="normal"><sp/><sp/><sp/><sp/><sp/><sp/><sp/><sp/><sp/><sp/><sp/><sp/></highlight><highlight class="keyword">inline</highlight><highlight class="normal"><sp/></highlight><highlight class="keyword">static</highlight><highlight class="normal"><sp/></highlight><highlight class="keywordtype">float</highlight><highlight class="normal"><sp/><ref refid="d4/d74/class_sekander_1_1_game_world_1a0253519bdc4bb36ae9b1c835ecdcedc6" kindref="member">input_counter</ref>;</highlight></codeline>
<codeline lineno="50" refid="d4/d74/class_sekander_1_1_game_world_1ad6495d2d0423201c931a147682104417" refkind="member"><highlight class="normal"><sp/><sp/><sp/><sp/><sp/><sp/><sp/><sp/><sp/><sp/><sp/><sp/></highlight><highlight class="keyword">inline</highlight><highlight class="normal"><sp/></highlight><highlight class="keyword">static</highlight><highlight class="normal"><sp/></highlight><highlight class="keywordtype">bool</highlight><highlight class="normal"><sp/><ref refid="d4/d74/class_sekander_1_1_game_world_1ad6495d2d0423201c931a147682104417" kindref="member">m_OnFloor</ref><sp/>=<sp/></highlight><highlight class="keyword">true</highlight><highlight class="normal">;</highlight></codeline>
<codeline lineno="51" refid="d4/d74/class_sekander_1_1_game_world_1a2392a1e2b5d6ff4fb352144bf426ae45" refkind="member"><highlight class="normal"><sp/><sp/><sp/><sp/><sp/><sp/><sp/><sp/><sp/><sp/><sp/><sp/></highlight><highlight class="keyword">inline</highlight><highlight class="normal"><sp/></highlight><highlight class="keyword">static</highlight><highlight class="normal"><sp/></highlight><highlight class="keywordtype">bool</highlight><highlight class="normal"><sp/><ref refid="d4/d74/class_sekander_1_1_game_world_1a2392a1e2b5d6ff4fb352144bf426ae45" kindref="member">m_In_the_Air</ref><sp/>=<sp/></highlight><highlight class="keyword">false</highlight><highlight class="normal">;</highlight></codeline>
<codeline lineno="52"><highlight class="normal"></highlight></codeline>
<codeline lineno="53" refid="d4/d74/class_sekander_1_1_game_world_1a8b21f915363199319728a893715d684d" refkind="member"><highlight class="normal"><sp/><sp/><sp/><sp/><sp/><sp/><sp/><sp/><sp/><sp/><sp/><sp/><ref refid="d8/d6a/namespace_sekander_1a1d69b002ba2d23020901c28f0def5e16" kindref="member">GameDataRef</ref>&amp;<sp/><ref refid="d4/d74/class_sekander_1_1_game_world_1a8b21f915363199319728a893715d684d" kindref="member">retrieveData</ref>(){</highlight><highlight class="keywordflow">return</highlight><highlight class="normal"><sp/>_data;}</highlight></codeline>
<codeline lineno="54"><highlight class="normal"></highlight></codeline>
<codeline lineno="55" refid="d4/d74/class_sekander_1_1_game_world_1aaa990ab4fb0cc708a7f12ec798ba90ef" refkind="member"><highlight class="normal"><sp/><sp/><sp/><sp/><sp/><sp/><sp/><sp/><sp/><sp/><sp/><sp/></highlight><highlight class="keywordtype">void</highlight><highlight class="normal"><sp/><ref refid="d4/d74/class_sekander_1_1_game_world_1aaa990ab4fb0cc708a7f12ec798ba90ef" kindref="member">Set_Y_Frame</ref>(</highlight><highlight class="keywordtype">int</highlight><highlight class="normal"><sp/>change_Frame){this-&gt;_sprite_Y_FRAMES<sp/>=<sp/>change_Frame;}</highlight></codeline>
<codeline lineno="56"><highlight class="normal"></highlight></codeline>
<codeline lineno="57"><highlight class="normal"></highlight></codeline>
<codeline lineno="58" refid="d4/d74/class_sekander_1_1_game_world_1a060069f1527245efc49cc4bae9306c8d" refkind="member"><highlight class="normal"><sp/><sp/><sp/><sp/><sp/><sp/><sp/><sp/><sp/><sp/><sp/><sp/>sf::IntRect<sp/><ref refid="d4/d74/class_sekander_1_1_game_world_1a060069f1527245efc49cc4bae9306c8d" kindref="member">return_entity_rect</ref>(){</highlight></codeline>
<codeline lineno="59"><highlight class="normal"><sp/><sp/><sp/><sp/><sp/><sp/><sp/><sp/><sp/><sp/><sp/><sp/><sp/><sp/><sp/><sp/></highlight><highlight class="keywordflow">return</highlight><highlight class="normal"><sp/>this-&gt;<ref refid="d4/d74/class_sekander_1_1_game_world_1ac8b727f77781b0ebeafb3b541bf17a67" kindref="member">GetSprite</ref>().getTextureRect();</highlight></codeline>
<codeline lineno="60"><highlight class="normal"><sp/><sp/><sp/><sp/><sp/><sp/><sp/><sp/><sp/><sp/><sp/><sp/>}</highlight></codeline>
<codeline lineno="61"><highlight class="normal"></highlight></codeline>
<codeline lineno="62"><highlight class="normal"><sp/><sp/><sp/><sp/><sp/><sp/><sp/><sp/></highlight><highlight class="keyword">protected</highlight><highlight class="normal">:</highlight></codeline>
<codeline lineno="63"><highlight class="normal"><sp/><sp/><sp/><sp/><sp/><sp/><sp/><sp/></highlight><highlight class="comment">//<sp/><sp/>GameDataRef<sp/>_data;</highlight><highlight class="normal"></highlight></codeline>
<codeline lineno="64"><highlight class="normal"></highlight></codeline>
<codeline lineno="65"><highlight class="normal"></highlight></codeline>
<codeline lineno="66"><highlight class="normal"></highlight></codeline>
<codeline lineno="67"><highlight class="normal"><sp/><sp/><sp/><sp/><sp/><sp/><sp/><sp/></highlight><highlight class="keyword">private</highlight><highlight class="normal">:</highlight></codeline>
<codeline lineno="68"><highlight class="normal"><sp/><sp/><sp/><sp/><sp/><sp/><sp/><sp/><sp/><sp/><sp/><sp/><ref refid="d8/d6a/namespace_sekander_1a1d69b002ba2d23020901c28f0def5e16" kindref="member">GameDataRef</ref><sp/>_data;</highlight></codeline>
<codeline lineno="69"><highlight class="normal"><sp/><sp/><sp/><sp/><sp/><sp/><sp/><sp/><sp/><sp/><sp/><sp/>sf::Sprite<sp/>_playerSprite;</highlight></codeline>
<codeline lineno="70"><highlight class="normal"><sp/><sp/><sp/><sp/><sp/><sp/><sp/><sp/><sp/><sp/><sp/><sp/></highlight><highlight class="keywordtype">unsigned</highlight><highlight class="normal"><sp/></highlight><highlight class="keywordtype">int</highlight><highlight class="normal"><sp/>_animationIterator;</highlight></codeline>
<codeline lineno="71"><highlight class="normal"><sp/><sp/><sp/><sp/><sp/><sp/><sp/><sp/><sp/><sp/><sp/><sp/>std::string<sp/>_key;</highlight></codeline>
<codeline lineno="72"><highlight class="normal"><sp/><sp/><sp/><sp/><sp/><sp/><sp/><sp/><sp/><sp/><sp/><sp/>sf::Clock<sp/>_clock;</highlight></codeline>
<codeline lineno="73"><highlight class="normal"><sp/><sp/><sp/><sp/><sp/><sp/><sp/><sp/><sp/><sp/><sp/><sp/>sf::IntRect<sp/>_playerRect;</highlight></codeline>
<codeline lineno="74"><highlight class="normal"><sp/><sp/><sp/><sp/><sp/><sp/><sp/><sp/><sp/><sp/><sp/><sp/></highlight><highlight class="keywordtype">int</highlight><highlight class="normal"><sp/>_playerState;</highlight></codeline>
<codeline lineno="75"><highlight class="normal"><sp/><sp/><sp/><sp/><sp/><sp/><sp/><sp/><sp/><sp/><sp/><sp/>sf::Vector2i<sp/>source;</highlight></codeline>
<codeline lineno="76"><highlight class="normal"><sp/><sp/><sp/><sp/><sp/><sp/><sp/><sp/><sp/><sp/><sp/><sp/></highlight><highlight class="keywordtype">int</highlight><highlight class="normal"><sp/>_sprite_WIDTH;</highlight></codeline>
<codeline lineno="77"><highlight class="normal"><sp/><sp/><sp/><sp/><sp/><sp/><sp/><sp/><sp/><sp/><sp/><sp/></highlight><highlight class="keywordtype">int</highlight><highlight class="normal"><sp/>_sprite_HEIGHT;</highlight></codeline>
<codeline lineno="78"><highlight class="normal"><sp/><sp/><sp/><sp/><sp/><sp/><sp/><sp/><sp/><sp/><sp/><sp/></highlight><highlight class="keywordtype">int</highlight><highlight class="normal"><sp/>_sprite_X_FRAMES;</highlight></codeline>
<codeline lineno="79"><highlight class="normal"><sp/><sp/><sp/><sp/><sp/><sp/><sp/><sp/><sp/><sp/><sp/><sp/></highlight><highlight class="keywordtype">int</highlight><highlight class="normal"><sp/>_sprite_Y_FRAMES;</highlight></codeline>
<codeline lineno="80"><highlight class="normal"><sp/><sp/><sp/><sp/><sp/><sp/><sp/><sp/><sp/><sp/><sp/><sp/></highlight><highlight class="keywordtype">float</highlight><highlight class="normal"><sp/>_sprite_X_POS;</highlight></codeline>
<codeline lineno="81"><highlight class="normal"><sp/><sp/><sp/><sp/><sp/><sp/><sp/><sp/><sp/><sp/><sp/><sp/></highlight><highlight class="keywordtype">float</highlight><highlight class="normal"><sp/>_sprite_Y_POS;</highlight></codeline>
<codeline lineno="82"><highlight class="normal"></highlight></codeline>
<codeline lineno="83"><highlight class="normal"></highlight></codeline>
<codeline lineno="84"><highlight class="normal"></highlight></codeline>
<codeline lineno="85"><highlight class="normal"></highlight></codeline>
<codeline lineno="86"><highlight class="normal"><sp/><sp/><sp/><sp/><sp/><sp/><sp/><sp/><sp/><sp/><sp/><sp/>b2PolygonShape*<sp/>polygonShape;</highlight></codeline>
<codeline lineno="87"><highlight class="normal"><sp/><sp/><sp/><sp/><sp/><sp/><sp/><sp/><sp/><sp/><sp/><sp/>b2EdgeShape*<sp/>poly;</highlight></codeline>
<codeline lineno="88"><highlight class="normal"></highlight></codeline>
<codeline lineno="89"><highlight class="normal"></highlight></codeline>
<codeline lineno="90"><highlight class="normal"><sp/><sp/><sp/><sp/><sp/><sp/><sp/><sp/><sp/><sp/><sp/><sp/>b2Body*<sp/>player;</highlight></codeline>
<codeline lineno="91"><highlight class="normal"><sp/><sp/><sp/><sp/><sp/><sp/><sp/><sp/><sp/><sp/><sp/><sp/>b2Body*<sp/>bullet;</highlight></codeline>
<codeline lineno="92"><highlight class="normal"><sp/><sp/><sp/><sp/><sp/><sp/><sp/><sp/><sp/><sp/><sp/><sp/>b2Body*<sp/>enemy;</highlight></codeline>
<codeline lineno="93"><highlight class="normal"><sp/><sp/><sp/><sp/><sp/><sp/><sp/><sp/><sp/><sp/><sp/><sp/>b2Body*<sp/>floor;</highlight></codeline>
<codeline lineno="94"><highlight class="normal"><sp/><sp/><sp/><sp/><sp/><sp/><sp/><sp/><sp/><sp/><sp/><sp/>b2Body*<sp/>wall;</highlight></codeline>
<codeline lineno="95"><highlight class="normal"></highlight></codeline>
<codeline lineno="96"><highlight class="normal"></highlight></codeline>
<codeline lineno="97"><highlight class="normal"></highlight></codeline>
<codeline lineno="98"><highlight class="normal"></highlight></codeline>
<codeline lineno="99"><highlight class="normal"></highlight></codeline>
<codeline lineno="100"><highlight class="normal"><sp/><sp/><sp/><sp/>};</highlight></codeline>
<codeline lineno="101"><highlight class="normal">}</highlight></codeline>
    </programlisting>
    <location file="GameWorld.hpp"/>
  </compounddef>
</doxygen>
