<?xml version='1.0' encoding='UTF-8' standalone='no'?>
<doxygen xmlns:xsi="http://www.w3.org/2001/XMLSchema-instance" xsi:noNamespaceSchemaLocation="compound.xsd" version="1.9.2" xml:lang="en-US">
  <compounddef id="d1/d46/class_sekander_1_1_game" kind="class" language="C++" prot="public">
    <compoundname>Sekander::Game</compoundname>
    <includes refid="d2/d07/_game_8hpp" local="no">Game.hpp</includes>
      <sectiondef kind="private-attrib">
      <memberdef kind="variable" id="d1/d46/class_sekander_1_1_game_1ad38a233b0015262e84bd4f200378c295" prot="private" static="no" mutable="no">
        <type>const float</type>
        <definition>const float Sekander::Game::dt</definition>
        <argsstring></argsstring>
        <name>dt</name>
        <initializer>= 1.0f / 60.0f</initializer>
        <briefdescription>
        </briefdescription>
        <detaileddescription>
        </detaileddescription>
        <inbodydescription>
        </inbodydescription>
        <location file="Game.hpp" line="38" column="13" bodyfile="Game.hpp" bodystart="38" bodyend="-1"/>
      </memberdef>
      <memberdef kind="variable" id="d1/d46/class_sekander_1_1_game_1a834d5264e03e48eb2cf4fbc11e46b58d" prot="private" static="no" mutable="no">
        <type>sf::Clock</type>
        <definition>sf::Clock Sekander::Game::_clock</definition>
        <argsstring></argsstring>
        <name>_clock</name>
        <briefdescription>
        </briefdescription>
        <detaileddescription>
        </detaileddescription>
        <inbodydescription>
        </inbodydescription>
        <location file="Game.hpp" line="39" column="11" bodyfile="Game.hpp" bodystart="39" bodyend="-1"/>
      </memberdef>
      <memberdef kind="variable" id="d1/d46/class_sekander_1_1_game_1a2a48d9df37ee8bb23b687a7f9c83a471" prot="private" static="no" mutable="no">
        <type><ref refid="d8/d6a/namespace_sekander_1a1d69b002ba2d23020901c28f0def5e16" kindref="member">GameDataRef</ref></type>
        <definition>GameDataRef Sekander::Game::_data</definition>
        <argsstring></argsstring>
        <name>_data</name>
        <initializer>= std::make_shared&lt;<ref refid="d3/d90/struct_sekander_1_1_game_data" kindref="compound">GameData</ref>&gt;()</initializer>
        <briefdescription>
        </briefdescription>
        <detaileddescription>
        </detaileddescription>
        <inbodydescription>
        </inbodydescription>
        <location file="Game.hpp" line="41" column="13" bodyfile="Game.hpp" bodystart="41" bodyend="-1"/>
      </memberdef>
      <memberdef kind="variable" id="d1/d46/class_sekander_1_1_game_1a416e310b39c99a719a9429b8366e7a0b" prot="private" static="no" mutable="no">
        <type>bool</type>
        <definition>bool Sekander::Game::m_isFullscreen</definition>
        <argsstring></argsstring>
        <name>m_isFullscreen</name>
        <briefdescription>
        </briefdescription>
        <detaileddescription>
        </detaileddescription>
        <inbodydescription>
        </inbodydescription>
        <location file="Game.hpp" line="44" column="10" bodyfile="Game.hpp" bodystart="44" bodyend="-1"/>
      </memberdef>
      </sectiondef>
      <sectiondef kind="public-func">
      <memberdef kind="function" id="d1/d46/class_sekander_1_1_game_1a53c182b8b8b63723740aaef1b0cc25a0" prot="public" static="no" const="no" explicit="no" inline="no" virt="non-virtual">
        <type></type>
        <definition>Sekander::Game::Game</definition>
        <argsstring>(int width, int height, std::string title)</argsstring>
        <name>Game</name>
        <param>
          <type>int</type>
          <declname>width</declname>
        </param>
        <param>
          <type>int</type>
          <declname>height</declname>
        </param>
        <param>
          <type>std::string</type>
          <declname>title</declname>
        </param>
        <briefdescription>
        </briefdescription>
        <detaileddescription>
        </detaileddescription>
        <inbodydescription>
        </inbodydescription>
        <location file="Game.hpp" line="29" column="1" bodyfile="Game.cpp" bodystart="10" bodyend="20"/>
        <referencedby refid="d1/d46/class_sekander_1_1_game_1a2bf4207f57e28e619fcdf383079c3a9d" compoundref="d7/db5/_game_8cpp" startline="111" endline="116">ToggleFullscreen</referencedby>
      </memberdef>
      <memberdef kind="function" id="d1/d46/class_sekander_1_1_game_1afe9c8ee4d47148de8fed696efe7bd9ac" prot="public" static="no" const="no" explicit="no" inline="no" virt="non-virtual">
        <type></type>
        <definition>Sekander::Game::Game</definition>
        <argsstring>(int width, int height, std::string title, bool)</argsstring>
        <name>Game</name>
        <param>
          <type>int</type>
          <declname>width</declname>
        </param>
        <param>
          <type>int</type>
          <declname>height</declname>
        </param>
        <param>
          <type>std::string</type>
          <declname>title</declname>
        </param>
        <param>
          <type>bool</type>
          <defname>fullScreen</defname>
        </param>
        <briefdescription>
        </briefdescription>
        <detaileddescription>
        </detaileddescription>
        <inbodydescription>
        </inbodydescription>
        <location file="Game.hpp" line="30" column="1" bodyfile="Game.cpp" bodystart="22" bodyend="46"/>
      </memberdef>
      <memberdef kind="function" id="d1/d46/class_sekander_1_1_game_1a187c141c1b8b70416dccfbfb15d2a3db" prot="public" static="no" const="no" explicit="no" inline="no" virt="non-virtual">
        <type></type>
        <definition>Sekander::Game::Game</definition>
        <argsstring>(int width, int height, std::string title, bool, const char *xml_DOC)</argsstring>
        <name>Game</name>
        <param>
          <type>int</type>
          <declname>width</declname>
        </param>
        <param>
          <type>int</type>
          <declname>height</declname>
        </param>
        <param>
          <type>std::string</type>
          <declname>title</declname>
        </param>
        <param>
          <type>bool</type>
          <defname>fullScreen</defname>
        </param>
        <param>
          <type>const char *</type>
          <declname>xml_DOC</declname>
        </param>
        <briefdescription>
        </briefdescription>
        <detaileddescription>
        </detaileddescription>
        <inbodydescription>
        </inbodydescription>
        <location file="Game.hpp" line="31" column="1" bodyfile="Game.cpp" bodystart="48" bodyend="74"/>
      </memberdef>
      <memberdef kind="function" id="d1/d46/class_sekander_1_1_game_1a2bf4207f57e28e619fcdf383079c3a9d" prot="public" static="no" const="no" explicit="no" inline="no" virt="non-virtual">
        <type>void</type>
        <definition>void Sekander::Game::ToggleFullscreen</definition>
        <argsstring>()</argsstring>
        <name>ToggleFullscreen</name>
        <briefdescription>
        </briefdescription>
        <detaileddescription>
        </detaileddescription>
        <inbodydescription>
        </inbodydescription>
        <location file="Game.hpp" line="33" column="10" bodyfile="Game.cpp" bodystart="111" bodyend="116"/>
        <references refid="d1/d46/class_sekander_1_1_game_1a53c182b8b8b63723740aaef1b0cc25a0" compoundref="d7/db5/_game_8cpp" startline="10" endline="20">Game</references>
        <references refid="df/d44/_d_e_f_i_n_i_t_i_o_n_s_8hpp_1a6974d08a74da681b3957b2fead2608b8" compoundref="df/d44/_d_e_f_i_n_i_t_i_o_n_s_8hpp" startline="4">SCREEN_HEIGHT</references>
        <references refid="df/d44/_d_e_f_i_n_i_t_i_o_n_s_8hpp_1a2cd109632a6dcccaa80b43561b1ab700" compoundref="df/d44/_d_e_f_i_n_i_t_i_o_n_s_8hpp" startline="3">SCREEN_WIDTH</references>
      </memberdef>
      <memberdef kind="function" id="d1/d46/class_sekander_1_1_game_1a70fe3c4cc2af6708dc19ffd54a782283" prot="public" static="no" const="no" explicit="no" inline="no" virt="non-virtual">
        <type>bool</type>
        <definition>bool Sekander::Game::IsDone</definition>
        <argsstring>()</argsstring>
        <name>IsDone</name>
        <briefdescription>
        </briefdescription>
        <detaileddescription>
        </detaileddescription>
        <inbodydescription>
        </inbodydescription>
        <location file="Game.hpp" line="34" column="7"/>
      </memberdef>
      <memberdef kind="function" id="d1/d46/class_sekander_1_1_game_1aa919e9a5695d21c1ab19b2c8abe54041" prot="public" static="no" const="no" explicit="no" inline="no" virt="non-virtual">
        <type>bool</type>
        <definition>bool Sekander::Game::IsFullscreen</definition>
        <argsstring>()</argsstring>
        <name>IsFullscreen</name>
        <briefdescription>
        </briefdescription>
        <detaileddescription>
        </detaileddescription>
        <inbodydescription>
        </inbodydescription>
        <location file="Game.hpp" line="34" column="22"/>
      </memberdef>
      </sectiondef>
      <sectiondef kind="private-func">
      <memberdef kind="function" id="d1/d46/class_sekander_1_1_game_1ac944cfcfb5783b7788e591cd748ee51e" prot="private" static="no" const="no" explicit="no" inline="no" virt="non-virtual">
        <type>void</type>
        <definition>void Sekander::Game::Run</definition>
        <argsstring>()</argsstring>
        <name>Run</name>
        <briefdescription>
        </briefdescription>
        <detaileddescription>
        </detaileddescription>
        <inbodydescription>
        </inbodydescription>
        <location file="Game.hpp" line="43" column="6" bodyfile="Game.cpp" bodystart="76" bodyend="109"/>
      </memberdef>
      </sectiondef>
    <briefdescription>
    </briefdescription>
    <detaileddescription>
    </detaileddescription>
    <collaborationgraph>
      <node id="1">
        <label>Sekander::Game</label>
        <link refid="d1/d46/class_sekander_1_1_game"/>
      </node>
    </collaborationgraph>
    <location file="Game.hpp" line="26" column="1" bodyfile="Game.hpp" bodystart="27" bodyend="45"/>
    <listofallmembers>
      <member refid="d1/d46/class_sekander_1_1_game_1a834d5264e03e48eb2cf4fbc11e46b58d" prot="private" virt="non-virtual"><scope>Sekander::Game</scope><name>_clock</name></member>
      <member refid="d1/d46/class_sekander_1_1_game_1a2a48d9df37ee8bb23b687a7f9c83a471" prot="private" virt="non-virtual"><scope>Sekander::Game</scope><name>_data</name></member>
      <member refid="d1/d46/class_sekander_1_1_game_1ad38a233b0015262e84bd4f200378c295" prot="private" virt="non-virtual"><scope>Sekander::Game</scope><name>dt</name></member>
      <member refid="d1/d46/class_sekander_1_1_game_1a53c182b8b8b63723740aaef1b0cc25a0" prot="public" virt="non-virtual"><scope>Sekander::Game</scope><name>Game</name></member>
      <member refid="d1/d46/class_sekander_1_1_game_1afe9c8ee4d47148de8fed696efe7bd9ac" prot="public" virt="non-virtual"><scope>Sekander::Game</scope><name>Game</name></member>
      <member refid="d1/d46/class_sekander_1_1_game_1a187c141c1b8b70416dccfbfb15d2a3db" prot="public" virt="non-virtual"><scope>Sekander::Game</scope><name>Game</name></member>
      <member refid="d1/d46/class_sekander_1_1_game_1a70fe3c4cc2af6708dc19ffd54a782283" prot="public" virt="non-virtual"><scope>Sekander::Game</scope><name>IsDone</name></member>
      <member refid="d1/d46/class_sekander_1_1_game_1aa919e9a5695d21c1ab19b2c8abe54041" prot="public" virt="non-virtual"><scope>Sekander::Game</scope><name>IsFullscreen</name></member>
      <member refid="d1/d46/class_sekander_1_1_game_1a416e310b39c99a719a9429b8366e7a0b" prot="private" virt="non-virtual"><scope>Sekander::Game</scope><name>m_isFullscreen</name></member>
      <member refid="d1/d46/class_sekander_1_1_game_1ac944cfcfb5783b7788e591cd748ee51e" prot="private" virt="non-virtual"><scope>Sekander::Game</scope><name>Run</name></member>
      <member refid="d1/d46/class_sekander_1_1_game_1a2bf4207f57e28e619fcdf383079c3a9d" prot="public" virt="non-virtual"><scope>Sekander::Game</scope><name>ToggleFullscreen</name></member>
    </listofallmembers>
  </compounddef>
</doxygen>
