<?xml version='1.0' encoding='UTF-8' standalone='no'?>
<doxygen xmlns:xsi="http://www.w3.org/2001/XMLSchema-instance" xsi:noNamespaceSchemaLocation="compound.xsd" version="1.9.2" xml:lang="en-US">
  <compounddef id="d8/df4/class_tile_map" kind="class" language="C++" prot="public">
    <compoundname>TileMap</compoundname>
    <basecompoundref prot="public" virt="non-virtual">sf::Drawable</basecompoundref>
    <basecompoundref prot="public" virt="non-virtual">sf::Transformable</basecompoundref>
    <includes refid="dd/d11/_tile_map_8hpp" local="no">TileMap.hpp</includes>
      <sectiondef kind="private-attrib">
      <memberdef kind="variable" id="d8/df4/class_tile_map_1a1070824d191a06562a31df73cbe7fe99" prot="private" static="no" mutable="no">
        <type>sf::VertexArray</type>
        <definition>sf::VertexArray TileMap::m_vertices</definition>
        <argsstring></argsstring>
        <name>m_vertices</name>
        <briefdescription>
        </briefdescription>
        <detaileddescription>
        </detaileddescription>
        <inbodydescription>
        </inbodydescription>
        <location file="TileMap.hpp" line="63" column="21" bodyfile="TileMap.hpp" bodystart="63" bodyend="-1"/>
      </memberdef>
      <memberdef kind="variable" id="d8/df4/class_tile_map_1a8be6cb9e600cfd213ba6499aabbcc50b" prot="private" static="no" mutable="no">
        <type>sf::Texture</type>
        <definition>sf::Texture TileMap::m_tileset</definition>
        <argsstring></argsstring>
        <name>m_tileset</name>
        <briefdescription>
        </briefdescription>
        <detaileddescription>
        </detaileddescription>
        <inbodydescription>
        </inbodydescription>
        <location file="TileMap.hpp" line="64" column="17" bodyfile="TileMap.hpp" bodystart="64" bodyend="-1"/>
      </memberdef>
      </sectiondef>
      <sectiondef kind="public-func">
      <memberdef kind="function" id="d8/df4/class_tile_map_1a5bc3325e2382599c3f986ac64481e832" prot="public" static="no" const="no" explicit="no" inline="yes" virt="non-virtual">
        <type>bool</type>
        <definition>bool TileMap::load</definition>
        <argsstring>(const std::string &amp;tileset, sf::Vector2u tileSize, const int *tiles, unsigned int width, unsigned int height)</argsstring>
        <name>load</name>
        <param>
          <type>const std::string &amp;</type>
          <declname>tileset</declname>
        </param>
        <param>
          <type>sf::Vector2u</type>
          <declname>tileSize</declname>
        </param>
        <param>
          <type>const int *</type>
          <declname>tiles</declname>
        </param>
        <param>
          <type>unsigned int</type>
          <declname>width</declname>
        </param>
        <param>
          <type>unsigned int</type>
          <declname>height</declname>
        </param>
        <briefdescription>
        </briefdescription>
        <detaileddescription>
        </detaileddescription>
        <inbodydescription>
        </inbodydescription>
        <location file="TileMap.hpp" line="9" column="10" bodyfile="TileMap.hpp" bodystart="9" bodyend="47"/>
        <referencedby refid="d3/db6/class_sekander_1_1_game_state_1af27f06a5535b1fbc2f52299a1eb3bee2" compoundref="d7/d85/_game_state_8cpp" startline="30" endline="223">Sekander::GameState::Init</referencedby>
      </memberdef>
      </sectiondef>
      <sectiondef kind="private-func">
      <memberdef kind="function" id="d8/df4/class_tile_map_1a52562e9fb37f32fc482d7d64a2e48630" prot="private" static="no" const="yes" explicit="no" inline="yes" virt="virtual">
        <type>void</type>
        <definition>virtual void TileMap::draw</definition>
        <argsstring>(sf::RenderTarget &amp;target, sf::RenderStates states) const</argsstring>
        <name>draw</name>
        <param>
          <type>sf::RenderTarget &amp;</type>
          <declname>target</declname>
        </param>
        <param>
          <type>sf::RenderStates</type>
          <declname>states</declname>
        </param>
        <briefdescription>
        </briefdescription>
        <detaileddescription>
        </detaileddescription>
        <inbodydescription>
        </inbodydescription>
        <location file="TileMap.hpp" line="51" column="18" bodyfile="TileMap.hpp" bodystart="51" bodyend="61"/>
      </memberdef>
      </sectiondef>
    <briefdescription>
    </briefdescription>
    <detaileddescription>
    </detaileddescription>
    <inheritancegraph>
      <node id="1">
        <label>TileMap</label>
        <link refid="d8/df4/class_tile_map"/>
        <childnode refid="2" relation="public-inheritance">
        </childnode>
        <childnode refid="3" relation="public-inheritance">
        </childnode>
      </node>
      <node id="2">
        <label>sf::Drawable</label>
      </node>
      <node id="3">
        <label>sf::Transformable</label>
      </node>
    </inheritancegraph>
    <collaborationgraph>
      <node id="1">
        <label>TileMap</label>
        <link refid="d8/df4/class_tile_map"/>
        <childnode refid="2" relation="public-inheritance">
        </childnode>
        <childnode refid="3" relation="public-inheritance">
        </childnode>
      </node>
      <node id="2">
        <label>sf::Drawable</label>
      </node>
      <node id="3">
        <label>sf::Transformable</label>
      </node>
    </collaborationgraph>
    <location file="TileMap.hpp" line="5" column="1" bodyfile="TileMap.hpp" bodystart="6" bodyend="65"/>
    <listofallmembers>
      <member refid="d8/df4/class_tile_map_1a52562e9fb37f32fc482d7d64a2e48630" prot="private" virt="virtual"><scope>TileMap</scope><name>draw</name></member>
      <member refid="d8/df4/class_tile_map_1a5bc3325e2382599c3f986ac64481e832" prot="public" virt="non-virtual"><scope>TileMap</scope><name>load</name></member>
      <member refid="d8/df4/class_tile_map_1a8be6cb9e600cfd213ba6499aabbcc50b" prot="private" virt="non-virtual"><scope>TileMap</scope><name>m_tileset</name></member>
      <member refid="d8/df4/class_tile_map_1a1070824d191a06562a31df73cbe7fe99" prot="private" virt="non-virtual"><scope>TileMap</scope><name>m_vertices</name></member>
    </listofallmembers>
  </compounddef>
</doxygen>
