<?xml version='1.0' encoding='UTF-8' standalone='no'?>
<doxygen xmlns:xsi="http://www.w3.org/2001/XMLSchema-instance" xsi:noNamespaceSchemaLocation="compound.xsd" version="1.9.2" xml:lang="en-US">
  <compounddef id="da/d68/class_sekander_1_1_bullet" kind="class" language="C++" prot="public">
    <compoundname>Sekander::Bullet</compoundname>
    <basecompoundref refid="d4/d74/class_sekander_1_1_game_world" prot="private" virt="non-virtual">Sekander::GameWorld</basecompoundref>
    <includes refid="d6/d65/_bullet_8hpp" local="no">Bullet.hpp</includes>
      <sectiondef kind="private-attrib">
      <memberdef kind="variable" id="da/d68/class_sekander_1_1_bullet_1a8364cf9123fa3cef559b728365e5dfbd" prot="private" static="no" mutable="no">
        <type><ref refid="d8/d6a/namespace_sekander_1a1d69b002ba2d23020901c28f0def5e16" kindref="member">GameDataRef</ref></type>
        <definition>GameDataRef Sekander::Bullet::_data</definition>
        <argsstring></argsstring>
        <name>_data</name>
        <briefdescription>
        </briefdescription>
        <detaileddescription>
        </detaileddescription>
        <inbodydescription>
        </inbodydescription>
        <location file="Bullet.hpp" line="230" column="13" bodyfile="Bullet.hpp" bodystart="230" bodyend="-1"/>
      </memberdef>
      <memberdef kind="variable" id="da/d68/class_sekander_1_1_bullet_1a9bfd31dd2969cb13c030e4855ad6e941" prot="private" static="no" mutable="no">
        <type>std::string</type>
        <definition>std::string Sekander::Bullet::m_key</definition>
        <argsstring></argsstring>
        <name>m_key</name>
        <briefdescription>
        </briefdescription>
        <detaileddescription>
        </detaileddescription>
        <inbodydescription>
        </inbodydescription>
        <location file="Bullet.hpp" line="231" column="13" bodyfile="Bullet.hpp" bodystart="231" bodyend="-1"/>
      </memberdef>
      <memberdef kind="variable" id="da/d68/class_sekander_1_1_bullet_1a812362902ae2d81e34d422da1236effb" prot="private" static="no" mutable="no">
        <type>float</type>
        <definition>float Sekander::Bullet::m_sprite_X_POS</definition>
        <argsstring></argsstring>
        <name>m_sprite_X_POS</name>
        <briefdescription>
        </briefdescription>
        <detaileddescription>
        </detaileddescription>
        <inbodydescription>
        </inbodydescription>
        <location file="Bullet.hpp" line="232" column="7" bodyfile="Bullet.hpp" bodystart="232" bodyend="-1"/>
      </memberdef>
      <memberdef kind="variable" id="da/d68/class_sekander_1_1_bullet_1ad02929665b73be5d20513a2b2dd0aa25" prot="private" static="no" mutable="no">
        <type>float</type>
        <definition>float Sekander::Bullet::m_sprite_Y_POS</definition>
        <argsstring></argsstring>
        <name>m_sprite_Y_POS</name>
        <briefdescription>
        </briefdescription>
        <detaileddescription>
        </detaileddescription>
        <inbodydescription>
        </inbodydescription>
        <location file="Bullet.hpp" line="233" column="7" bodyfile="Bullet.hpp" bodystart="233" bodyend="-1"/>
      </memberdef>
      <memberdef kind="variable" id="da/d68/class_sekander_1_1_bullet_1a053f4f8f61626e60764502601db6910e" prot="private" static="no" mutable="no">
        <type>bool</type>
        <definition>bool Sekander::Bullet::m_is_Moving</definition>
        <argsstring></argsstring>
        <name>m_is_Moving</name>
        <briefdescription>
        </briefdescription>
        <detaileddescription>
        </detaileddescription>
        <inbodydescription>
        </inbodydescription>
        <location file="Bullet.hpp" line="234" column="6" bodyfile="Bullet.hpp" bodystart="234" bodyend="-1"/>
      </memberdef>
      <memberdef kind="variable" id="da/d68/class_sekander_1_1_bullet_1a3ffffd748d6b7c0e7afd88a1c2603642" prot="private" static="no" mutable="no">
        <type>float</type>
        <definition>float Sekander::Bullet::update_speed</definition>
        <argsstring></argsstring>
        <name>update_speed</name>
        <briefdescription>
        </briefdescription>
        <detaileddescription>
        </detaileddescription>
        <inbodydescription>
        </inbodydescription>
        <location file="Bullet.hpp" line="236" column="7" bodyfile="Bullet.hpp" bodystart="236" bodyend="-1"/>
      </memberdef>
      </sectiondef>
      <sectiondef kind="public-func">
      <memberdef kind="function" id="da/d68/class_sekander_1_1_bullet_1aa01f203963a28b68470ad288d1fd37f7" prot="public" static="no" const="no" explicit="yes" inline="yes" virt="non-virtual">
        <type></type>
        <definition>Sekander::Bullet::Bullet</definition>
        <argsstring>()</argsstring>
        <name>Bullet</name>
        <briefdescription>
        </briefdescription>
        <detaileddescription>
        </detaileddescription>
        <inbodydescription>
        </inbodydescription>
        <location file="Bullet.hpp" line="16" column="10" bodyfile="Bullet.hpp" bodystart="16" bodyend="16"/>
      </memberdef>
      <memberdef kind="function" id="da/d68/class_sekander_1_1_bullet_1a003f538d802703d9a85898f4c7c9aabd" prot="public" static="no" const="no" explicit="yes" inline="yes" virt="non-virtual">
        <type></type>
        <definition>Sekander::Bullet::Bullet</definition>
        <argsstring>(GameDataRef data, std::string key, std::string file_name, int source_x, int source_y, int sprite_WIDTH, int sprite_HEIGHT, bool dynamic, int sprite_X_FRAMES, int sprite_Y_FRAMES, float sprite_X_POS, float sprite_Y_POS, float sprite_ANGLE)</argsstring>
        <name>Bullet</name>
        <param>
          <type><ref refid="d8/d6a/namespace_sekander_1a1d69b002ba2d23020901c28f0def5e16" kindref="member">GameDataRef</ref></type>
          <declname>data</declname>
        </param>
        <param>
          <type>std::string</type>
          <declname>key</declname>
        </param>
        <param>
          <type>std::string</type>
          <declname>file_name</declname>
        </param>
        <param>
          <type>int</type>
          <declname>source_x</declname>
        </param>
        <param>
          <type>int</type>
          <declname>source_y</declname>
        </param>
        <param>
          <type>int</type>
          <declname>sprite_WIDTH</declname>
        </param>
        <param>
          <type>int</type>
          <declname>sprite_HEIGHT</declname>
        </param>
        <param>
          <type>bool</type>
          <declname>dynamic</declname>
        </param>
        <param>
          <type>int</type>
          <declname>sprite_X_FRAMES</declname>
        </param>
        <param>
          <type>int</type>
          <declname>sprite_Y_FRAMES</declname>
        </param>
        <param>
          <type>float</type>
          <declname>sprite_X_POS</declname>
        </param>
        <param>
          <type>float</type>
          <declname>sprite_Y_POS</declname>
        </param>
        <param>
          <type>float</type>
          <declname>sprite_ANGLE</declname>
        </param>
        <briefdescription>
        </briefdescription>
        <detaileddescription>
        </detaileddescription>
        <inbodydescription>
        </inbodydescription>
        <location file="Bullet.hpp" line="19" column="10" bodyfile="Bullet.hpp" bodystart="19" bodyend="64"/>
      </memberdef>
      <memberdef kind="function" id="da/d68/class_sekander_1_1_bullet_1a7b55b501f075c0e647e36d9027c5a6e0" prot="public" static="no" const="no" explicit="no" inline="yes" virt="non-virtual">
        <type>void</type>
        <definition>void Sekander::Bullet::SetOrigin</definition>
        <argsstring>(float x, float y)</argsstring>
        <name>SetOrigin</name>
        <param>
          <type>float</type>
          <declname>x</declname>
        </param>
        <param>
          <type>float</type>
          <declname>y</declname>
        </param>
        <briefdescription>
        </briefdescription>
        <detaileddescription>
        </detaileddescription>
        <inbodydescription>
        </inbodydescription>
        <location file="Bullet.hpp" line="65" column="6" bodyfile="Bullet.hpp" bodystart="65" bodyend="74"/>
        <referencedby refid="d1/d17/class_sekander_1_1_gun_1aad6f4af76435694e0115bb1d702707bd" compoundref="d7/d7e/_gun_8cpp" startline="11" endline="36">Sekander::Gun::Shoot_Gun</referencedby>
        <referencedby refid="d4/d7c/class_sekander_1_1_enemy_1a96b8ac3dfecca684c03179f01606ba38" compoundref="de/d34/_enemy_8cpp" startline="29" endline="134">Sekander::Enemy::Shoot_Gun</referencedby>
      </memberdef>
      <memberdef kind="function" id="da/d68/class_sekander_1_1_bullet_1ad44291d034b112d561ec65d9b57b3fe6" prot="public" static="no" const="no" explicit="no" inline="yes" virt="non-virtual">
        <type>void</type>
        <definition>void Sekander::Bullet::SetSpeed</definition>
        <argsstring>(float speedX, float speedY)</argsstring>
        <name>SetSpeed</name>
        <param>
          <type>float</type>
          <declname>speedX</declname>
        </param>
        <param>
          <type>float</type>
          <declname>speedY</declname>
        </param>
        <briefdescription>
        </briefdescription>
        <detaileddescription>
        </detaileddescription>
        <inbodydescription>
        </inbodydescription>
        <location file="Bullet.hpp" line="76" column="6" bodyfile="Bullet.hpp" bodystart="76" bodyend="83"/>
        <referencedby refid="d1/d17/class_sekander_1_1_gun_1aad6f4af76435694e0115bb1d702707bd" compoundref="d7/d7e/_gun_8cpp" startline="11" endline="36">Sekander::Gun::Shoot_Gun</referencedby>
        <referencedby refid="d4/d7c/class_sekander_1_1_enemy_1a96b8ac3dfecca684c03179f01606ba38" compoundref="de/d34/_enemy_8cpp" startline="29" endline="134">Sekander::Enemy::Shoot_Gun</referencedby>
      </memberdef>
      <memberdef kind="function" id="da/d68/class_sekander_1_1_bullet_1a149639cae1ad1f688a3ba3fcef0b3985" prot="public" static="no" const="no" explicit="no" inline="yes" virt="non-virtual">
        <type>float</type>
        <definition>float Sekander::Bullet::Get_X_POS</definition>
        <argsstring>()</argsstring>
        <name>Get_X_POS</name>
        <briefdescription>
        </briefdescription>
        <detaileddescription>
        </detaileddescription>
        <inbodydescription>
        </inbodydescription>
        <location file="Bullet.hpp" line="85" column="7" bodyfile="Bullet.hpp" bodystart="85" bodyend="85"/>
      </memberdef>
      <memberdef kind="function" id="da/d68/class_sekander_1_1_bullet_1a2ba3aa653350110aad9552b3b7b9d4a5" prot="public" static="no" const="no" explicit="no" inline="yes" virt="non-virtual">
        <type>float</type>
        <definition>float Sekander::Bullet::Get_Y_POS</definition>
        <argsstring>()</argsstring>
        <name>Get_Y_POS</name>
        <briefdescription>
        </briefdescription>
        <detaileddescription>
        </detaileddescription>
        <inbodydescription>
        </inbodydescription>
        <location file="Bullet.hpp" line="86" column="7" bodyfile="Bullet.hpp" bodystart="86" bodyend="86"/>
      </memberdef>
      <memberdef kind="function" id="da/d68/class_sekander_1_1_bullet_1af301fa12205fe6c3068fffde3a79168f" prot="public" static="no" const="no" explicit="no" inline="yes" virt="non-virtual">
        <type>void</type>
        <definition>void Sekander::Bullet::Set_X_POS</definition>
        <argsstring>(float x)</argsstring>
        <name>Set_X_POS</name>
        <param>
          <type>float</type>
          <declname>x</declname>
        </param>
        <briefdescription>
        </briefdescription>
        <detaileddescription>
        </detaileddescription>
        <inbodydescription>
        </inbodydescription>
        <location file="Bullet.hpp" line="88" column="6" bodyfile="Bullet.hpp" bodystart="88" bodyend="88"/>
      </memberdef>
      <memberdef kind="function" id="da/d68/class_sekander_1_1_bullet_1a463b5aa21e128bd022c38989cef6280b" prot="public" static="no" const="no" explicit="no" inline="yes" virt="non-virtual">
        <type>void</type>
        <definition>void Sekander::Bullet::Set_Y_POS</definition>
        <argsstring>(float y)</argsstring>
        <name>Set_Y_POS</name>
        <param>
          <type>float</type>
          <declname>y</declname>
        </param>
        <briefdescription>
        </briefdescription>
        <detaileddescription>
        </detaileddescription>
        <inbodydescription>
        </inbodydescription>
        <location file="Bullet.hpp" line="89" column="6" bodyfile="Bullet.hpp" bodystart="89" bodyend="89"/>
      </memberdef>
      <memberdef kind="function" id="da/d68/class_sekander_1_1_bullet_1a0014d85f72f42816b9e095c4d2fe8199" prot="public" static="no" const="no" explicit="no" inline="yes" virt="non-virtual">
        <type>std::string</type>
        <definition>std::string Sekander::Bullet::Get_Name</definition>
        <argsstring>()</argsstring>
        <name>Get_Name</name>
        <briefdescription>
        </briefdescription>
        <detaileddescription>
        </detaileddescription>
        <inbodydescription>
        </inbodydescription>
        <location file="Bullet.hpp" line="91" column="13" bodyfile="Bullet.hpp" bodystart="91" bodyend="91"/>
      </memberdef>
      <memberdef kind="function" id="da/d68/class_sekander_1_1_bullet_1a12294c6407f43a86cf9d937e54554712" prot="public" static="no" const="no" explicit="no" inline="yes" virt="non-virtual">
        <type>void</type>
        <definition>void Sekander::Bullet::IsBulletAlive</definition>
        <argsstring>(sf::View v)</argsstring>
        <name>IsBulletAlive</name>
        <param>
          <type>sf::View</type>
          <declname>v</declname>
        </param>
        <briefdescription>
        </briefdescription>
        <detaileddescription>
        </detaileddescription>
        <inbodydescription>
<para>std::cout &lt;&lt; windowSpace.getSize().x &lt;&lt; std::endl;</para>
        </inbodydescription>
        <location file="Bullet.hpp" line="93" column="6" bodyfile="Bullet.hpp" bodystart="93" bodyend="220"/>
      </memberdef>
      <memberdef kind="function" id="da/d68/class_sekander_1_1_bullet_1addf91b40d0c5f045226f853615079ac0" prot="public" static="no" const="no" explicit="no" inline="yes" virt="non-virtual">
        <type>void</type>
        <definition>void Sekander::Bullet::Update</definition>
        <argsstring>(float dt)</argsstring>
        <name>Update</name>
        <param>
          <type>float</type>
          <declname>dt</declname>
        </param>
        <briefdescription>
        </briefdescription>
        <detaileddescription>
        </detaileddescription>
        <inbodydescription>
        </inbodydescription>
        <location file="Bullet.hpp" line="222" column="6" bodyfile="Bullet.hpp" bodystart="222" bodyend="225"/>
      </memberdef>
      </sectiondef>
    <briefdescription>
    </briefdescription>
    <detaileddescription>
    </detaileddescription>
    <inheritancegraph>
      <node id="1">
        <label>Sekander::Bullet</label>
        <link refid="da/d68/class_sekander_1_1_bullet"/>
        <childnode refid="2" relation="private-inheritance">
        </childnode>
      </node>
      <node id="2">
        <label>Sekander::GameWorld</label>
        <link refid="d4/d74/class_sekander_1_1_game_world"/>
      </node>
    </inheritancegraph>
    <collaborationgraph>
      <node id="1">
        <label>Sekander::Bullet</label>
        <link refid="da/d68/class_sekander_1_1_bullet"/>
        <childnode refid="2" relation="private-inheritance">
        </childnode>
      </node>
      <node id="2">
        <label>Sekander::GameWorld</label>
        <link refid="d4/d74/class_sekander_1_1_game_world"/>
      </node>
    </collaborationgraph>
    <location file="Bullet.hpp" line="11" column="1" bodyfile="Bullet.hpp" bodystart="12" bodyend="242"/>
    <listofallmembers>
      <member refid="da/d68/class_sekander_1_1_bullet_1a8364cf9123fa3cef559b728365e5dfbd" prot="private" virt="non-virtual"><scope>Sekander::Bullet</scope><name>_data</name></member>
      <member refid="da/d68/class_sekander_1_1_bullet_1aa01f203963a28b68470ad288d1fd37f7" prot="public" virt="non-virtual"><scope>Sekander::Bullet</scope><name>Bullet</name></member>
      <member refid="da/d68/class_sekander_1_1_bullet_1a003f538d802703d9a85898f4c7c9aabd" prot="public" virt="non-virtual"><scope>Sekander::Bullet</scope><name>Bullet</name></member>
      <member refid="da/d68/class_sekander_1_1_bullet_1a0014d85f72f42816b9e095c4d2fe8199" prot="public" virt="non-virtual"><scope>Sekander::Bullet</scope><name>Get_Name</name></member>
      <member refid="da/d68/class_sekander_1_1_bullet_1a149639cae1ad1f688a3ba3fcef0b3985" prot="public" virt="non-virtual"><scope>Sekander::Bullet</scope><name>Get_X_POS</name></member>
      <member refid="da/d68/class_sekander_1_1_bullet_1a2ba3aa653350110aad9552b3b7b9d4a5" prot="public" virt="non-virtual"><scope>Sekander::Bullet</scope><name>Get_Y_POS</name></member>
      <member refid="da/d68/class_sekander_1_1_bullet_1a12294c6407f43a86cf9d937e54554712" prot="public" virt="non-virtual"><scope>Sekander::Bullet</scope><name>IsBulletAlive</name></member>
      <member refid="da/d68/class_sekander_1_1_bullet_1a053f4f8f61626e60764502601db6910e" prot="private" virt="non-virtual"><scope>Sekander::Bullet</scope><name>m_is_Moving</name></member>
      <member refid="da/d68/class_sekander_1_1_bullet_1a9bfd31dd2969cb13c030e4855ad6e941" prot="private" virt="non-virtual"><scope>Sekander::Bullet</scope><name>m_key</name></member>
      <member refid="da/d68/class_sekander_1_1_bullet_1a812362902ae2d81e34d422da1236effb" prot="private" virt="non-virtual"><scope>Sekander::Bullet</scope><name>m_sprite_X_POS</name></member>
      <member refid="da/d68/class_sekander_1_1_bullet_1ad02929665b73be5d20513a2b2dd0aa25" prot="private" virt="non-virtual"><scope>Sekander::Bullet</scope><name>m_sprite_Y_POS</name></member>
      <member refid="da/d68/class_sekander_1_1_bullet_1af301fa12205fe6c3068fffde3a79168f" prot="public" virt="non-virtual"><scope>Sekander::Bullet</scope><name>Set_X_POS</name></member>
      <member refid="da/d68/class_sekander_1_1_bullet_1a463b5aa21e128bd022c38989cef6280b" prot="public" virt="non-virtual"><scope>Sekander::Bullet</scope><name>Set_Y_POS</name></member>
      <member refid="da/d68/class_sekander_1_1_bullet_1a7b55b501f075c0e647e36d9027c5a6e0" prot="public" virt="non-virtual"><scope>Sekander::Bullet</scope><name>SetOrigin</name></member>
      <member refid="da/d68/class_sekander_1_1_bullet_1ad44291d034b112d561ec65d9b57b3fe6" prot="public" virt="non-virtual"><scope>Sekander::Bullet</scope><name>SetSpeed</name></member>
      <member refid="da/d68/class_sekander_1_1_bullet_1addf91b40d0c5f045226f853615079ac0" prot="public" virt="non-virtual"><scope>Sekander::Bullet</scope><name>Update</name></member>
      <member refid="da/d68/class_sekander_1_1_bullet_1a3ffffd748d6b7c0e7afd88a1c2603642" prot="private" virt="non-virtual"><scope>Sekander::Bullet</scope><name>update_speed</name></member>
    </listofallmembers>
  </compounddef>
</doxygen>
