<?xml version='1.0' encoding='UTF-8' standalone='no'?>
<doxygen xmlns:xsi="http://www.w3.org/2001/XMLSchema-instance" xsi:noNamespaceSchemaLocation="compound.xsd" version="1.9.2" xml:lang="en-US">
  <compounddef id="d8/d91/_state_machine_8hpp" kind="file" language="C++">
    <compoundname>StateMachine.hpp</compoundname>
    <includes local="no">memory</includes>
    <includes local="no">stack</includes>
    <includes refid="d5/d5d/_state_8hpp" local="yes">State.hpp</includes>
    <includedby refid="d2/d07/_game_8hpp" local="yes">Game.hpp</includedby>
    <includedby refid="d7/d33/_state_machine_8cpp" local="yes">StateMachine.cpp</includedby>
    <incdepgraph>
      <node id="4">
        <label>State.hpp</label>
        <link refid="d5/d5d/_state_8hpp"/>
      </node>
      <node id="1">
        <label>StateMachine.hpp</label>
        <link refid="d8/d91/_state_machine_8hpp"/>
        <childnode refid="2" relation="include">
        </childnode>
        <childnode refid="3" relation="include">
        </childnode>
        <childnode refid="4" relation="include">
        </childnode>
      </node>
      <node id="2">
        <label>memory</label>
      </node>
      <node id="3">
        <label>stack</label>
      </node>
    </incdepgraph>
    <invincdepgraph>
      <node id="12">
        <label>Bullet.cpp</label>
        <link refid="d7/dcd/_bullet_8cpp"/>
      </node>
      <node id="11">
        <label>Bullet.hpp</label>
        <link refid="d6/d65/_bullet_8hpp"/>
        <childnode refid="12" relation="include">
        </childnode>
        <childnode refid="13" relation="include">
        </childnode>
        <childnode refid="8" relation="include">
        </childnode>
        <childnode refid="20" relation="include">
        </childnode>
        <childnode refid="15" relation="include">
        </childnode>
        <childnode refid="22" relation="include">
        </childnode>
      </node>
      <node id="3">
        <label>Button.hpp</label>
        <link refid="d2/df0/_button_8hpp"/>
      </node>
      <node id="14">
        <label>Enemy.cpp</label>
        <link refid="de/d34/_enemy_8cpp"/>
      </node>
      <node id="13">
        <label>Enemy.hpp</label>
        <link refid="da/dda/_enemy_8hpp"/>
        <childnode refid="14" relation="include">
        </childnode>
        <childnode refid="15" relation="include">
        </childnode>
      </node>
      <node id="4">
        <label>Game.cpp</label>
        <link refid="d7/db5/_game_8cpp"/>
      </node>
      <node id="2">
        <label>Game.hpp</label>
        <link refid="d2/d07/_game_8hpp"/>
        <childnode refid="3" relation="include">
        </childnode>
        <childnode refid="4" relation="include">
        </childnode>
        <childnode refid="5" relation="include">
        </childnode>
        <childnode refid="7" relation="include">
        </childnode>
        <childnode refid="8" relation="include">
        </childnode>
        <childnode refid="10" relation="include">
        </childnode>
        <childnode refid="25" relation="include">
        </childnode>
        <childnode refid="15" relation="include">
        </childnode>
        <childnode refid="17" relation="include">
        </childnode>
        <childnode refid="19" relation="include">
        </childnode>
        <childnode refid="27" relation="include">
        </childnode>
      </node>
      <node id="6">
        <label>GameOverState.cpp</label>
        <link refid="d1/db6/_game_over_state_8cpp"/>
      </node>
      <node id="5">
        <label>GameOverState.hpp</label>
        <link refid="d7/dd1/_game_over_state_8hpp"/>
        <childnode refid="6" relation="include">
        </childnode>
        <childnode refid="7" relation="include">
        </childnode>
      </node>
      <node id="7">
        <label>GameState.cpp</label>
        <link refid="d7/d85/_game_state_8cpp"/>
      </node>
      <node id="8">
        <label>GameState.hpp</label>
        <link refid="d2/d86/_game_state_8hpp"/>
        <childnode refid="4" relation="include">
        </childnode>
        <childnode refid="6" relation="include">
        </childnode>
        <childnode refid="7" relation="include">
        </childnode>
        <childnode refid="9" relation="include">
        </childnode>
      </node>
      <node id="24">
        <label>GameWorld.cpp</label>
        <link refid="db/d7a/_game_world_8cpp"/>
      </node>
      <node id="10">
        <label>GameWorld.hpp</label>
        <link refid="d4/db1/_game_world_8hpp"/>
        <childnode refid="11" relation="include">
        </childnode>
        <childnode refid="13" relation="include">
        </childnode>
        <childnode refid="8" relation="include">
        </childnode>
        <childnode refid="24" relation="include">
        </childnode>
        <childnode refid="20" relation="include">
        </childnode>
        <childnode refid="22" relation="include">
        </childnode>
      </node>
      <node id="21">
        <label>Gun.cpp</label>
        <link refid="d7/d7e/_gun_8cpp"/>
      </node>
      <node id="20">
        <label>Gun.hpp</label>
        <link refid="d0/d06/_gun_8hpp"/>
        <childnode refid="13" relation="include">
        </childnode>
        <childnode refid="21" relation="include">
        </childnode>
        <childnode refid="22" relation="include">
        </childnode>
      </node>
      <node id="26">
        <label>HUD.cpp</label>
        <link refid="d9/d2a/_h_u_d_8cpp"/>
      </node>
      <node id="25">
        <label>HUD.hpp</label>
        <link refid="db/df6/_h_u_d_8hpp"/>
        <childnode refid="8" relation="include">
        </childnode>
        <childnode refid="26" relation="include">
        </childnode>
      </node>
      <node id="16">
        <label>LoadingGameObjects.cpp</label>
        <link refid="df/dec/_loading_game_objects_8cpp"/>
      </node>
      <node id="15">
        <label>LoadingGameObjects.hpp</label>
        <link refid="db/db5/_loading_game_objects_8hpp"/>
        <childnode refid="5" relation="include">
        </childnode>
        <childnode refid="8" relation="include">
        </childnode>
        <childnode refid="16" relation="include">
        </childnode>
        <childnode refid="17" relation="include">
        </childnode>
        <childnode refid="19" relation="include">
        </childnode>
      </node>
      <node id="9">
        <label>MainMenuState.cpp</label>
        <link refid="df/d24/_main_menu_state_8cpp"/>
      </node>
      <node id="17">
        <label>MainMenuState.hpp</label>
        <link refid="db/d83/_main_menu_state_8hpp"/>
        <childnode refid="9" relation="include">
        </childnode>
        <childnode refid="18" relation="include">
        </childnode>
      </node>
      <node id="23">
        <label>Main_Player.cpp</label>
        <link refid="d0/db2/_main___player_8cpp"/>
      </node>
      <node id="22">
        <label>Main_Player.hpp</label>
        <link refid="dc/dea/_main___player_8hpp"/>
        <childnode refid="8" relation="include">
        </childnode>
        <childnode refid="15" relation="include">
        </childnode>
        <childnode refid="23" relation="include">
        </childnode>
      </node>
      <node id="18">
        <label>SplashState.cpp</label>
        <link refid="da/dfb/_splash_state_8cpp"/>
      </node>
      <node id="19">
        <label>SplashState.hpp</label>
        <link refid="d1/d76/_splash_state_8hpp"/>
        <childnode refid="4" relation="include">
        </childnode>
        <childnode refid="18" relation="include">
        </childnode>
      </node>
      <node id="28">
        <label>StateMachine.cpp</label>
        <link refid="d7/d33/_state_machine_8cpp"/>
      </node>
      <node id="1">
        <label>StateMachine.hpp</label>
        <link refid="d8/d91/_state_machine_8hpp"/>
        <childnode refid="2" relation="include">
        </childnode>
        <childnode refid="28" relation="include">
        </childnode>
      </node>
      <node id="27">
        <label>main.cpp</label>
        <link refid="df/d0a/main_8cpp"/>
      </node>
    </invincdepgraph>
    <innerclass refid="d4/d51/class_sekander_1_1_state_machine" prot="public">Sekander::StateMachine</innerclass>
    <innernamespace refid="d8/d6a/namespace_sekander">Sekander</innernamespace>
    <briefdescription>
    </briefdescription>
    <detaileddescription>
    </detaileddescription>
    <programlisting>
<codeline lineno="1"><highlight class="preprocessor">#pragma<sp/>once</highlight><highlight class="normal"></highlight></codeline>
<codeline lineno="2"><highlight class="normal"></highlight></codeline>
<codeline lineno="3"><highlight class="normal"></highlight><highlight class="preprocessor">#include<sp/>&lt;memory&gt;</highlight><highlight class="normal"></highlight></codeline>
<codeline lineno="4"><highlight class="normal"></highlight><highlight class="preprocessor">#include<sp/>&lt;stack&gt;</highlight><highlight class="normal"></highlight></codeline>
<codeline lineno="5"><highlight class="normal"></highlight></codeline>
<codeline lineno="6"><highlight class="normal"></highlight></codeline>
<codeline lineno="7"><highlight class="normal"></highlight><highlight class="preprocessor">#include<sp/>&quot;<ref refid="d5/d5d/_state_8hpp" kindref="compound">State.hpp</ref>&quot;</highlight><highlight class="normal"></highlight></codeline>
<codeline lineno="8"><highlight class="normal"></highlight></codeline>
<codeline lineno="9"><highlight class="normal"></highlight><highlight class="keyword">namespace<sp/></highlight><highlight class="normal"><ref refid="d8/d6a/namespace_sekander" kindref="compound">Sekander</ref></highlight></codeline>
<codeline lineno="10"><highlight class="normal">{</highlight></codeline>
<codeline lineno="11"><highlight class="normal"></highlight></codeline>
<codeline lineno="12"><highlight class="normal"><sp/><sp/><sp/><sp/></highlight><highlight class="comment">//A<sp/>unique<sp/>pointer<sp/>with<sp/>a<sp/>State<sp/>object</highlight><highlight class="normal"></highlight></codeline>
<codeline lineno="13" refid="d8/d6a/namespace_sekander_1a8503cedf9c863e9f6986eb29f2296f1a" refkind="member"><highlight class="normal"><sp/><sp/><sp/><sp/></highlight><highlight class="keyword">typedef</highlight><highlight class="normal"><sp/>std::unique_ptr&lt;State&gt;<sp/><ref refid="d8/d6a/namespace_sekander_1a8503cedf9c863e9f6986eb29f2296f1a" kindref="member">StateRef</ref>;</highlight></codeline>
<codeline lineno="14"><highlight class="normal"></highlight></codeline>
<codeline lineno="15" refid="d4/d51/class_sekander_1_1_state_machine" refkind="compound"><highlight class="normal"><sp/><sp/><sp/><sp/></highlight><highlight class="keyword">class<sp/></highlight><highlight class="normal"><ref refid="d4/d51/class_sekander_1_1_state_machine" kindref="compound">StateMachine</ref></highlight></codeline>
<codeline lineno="16"><highlight class="normal"><sp/><sp/><sp/><sp/>{</highlight></codeline>
<codeline lineno="17"><highlight class="normal"><sp/><sp/><sp/><sp/></highlight><highlight class="keyword">public</highlight><highlight class="normal">:</highlight></codeline>
<codeline lineno="18"><highlight class="normal"></highlight></codeline>
<codeline lineno="19" refid="d4/d51/class_sekander_1_1_state_machine_1a6cfaf697fb22c18fb44c58577b63639d" refkind="member"><highlight class="normal"><sp/><sp/><sp/><sp/><sp/><sp/><sp/><sp/><ref refid="d4/d51/class_sekander_1_1_state_machine_1a6cfaf697fb22c18fb44c58577b63639d" kindref="member">StateMachine</ref>()<sp/>{<sp/>}</highlight></codeline>
<codeline lineno="20" refid="d4/d51/class_sekander_1_1_state_machine_1a886e7903bb1c77ba62ec43cc07059a75" refkind="member"><highlight class="normal"><sp/><sp/><sp/><sp/><sp/><sp/><sp/><sp/><ref refid="d4/d51/class_sekander_1_1_state_machine_1a886e7903bb1c77ba62ec43cc07059a75" kindref="member">~StateMachine</ref>()<sp/>{<sp/>}</highlight></codeline>
<codeline lineno="21"><highlight class="normal"></highlight></codeline>
<codeline lineno="22"><highlight class="normal"></highlight></codeline>
<codeline lineno="23"><highlight class="normal"><sp/><sp/><sp/><sp/><sp/><sp/><sp/><sp/></highlight><highlight class="comment">//Add<sp/>a<sp/>state<sp/>onto<sp/>the<sp/>stack</highlight><highlight class="normal"></highlight></codeline>
<codeline lineno="24"><highlight class="normal"><sp/><sp/><sp/><sp/><sp/><sp/><sp/><sp/></highlight><highlight class="comment">//This<sp/>will<sp/>be<sp/>the<sp/>current<sp/>state<sp/>that<sp/>will<sp/>be<sp/>running</highlight><highlight class="normal"></highlight></codeline>
<codeline lineno="25"><highlight class="normal"><sp/><sp/><sp/><sp/><sp/><sp/><sp/><sp/></highlight><highlight class="comment">//isReplacing<sp/>:<sp/>replaces<sp/>the<sp/>current<sp/>state<sp/>that<sp/>is<sp/>running<sp/>as<sp/>default<sp/>as<sp/>true</highlight><highlight class="normal"></highlight></codeline>
<codeline lineno="26"><highlight class="normal"><sp/><sp/><sp/><sp/><sp/><sp/><sp/><sp/></highlight><highlight class="keywordtype">void</highlight><highlight class="normal"><sp/><ref refid="d4/d51/class_sekander_1_1_state_machine_1aae2cbc1386cfe4e71d91474536ba25c8" kindref="member">AddState</ref>(<ref refid="d8/d6a/namespace_sekander_1a8503cedf9c863e9f6986eb29f2296f1a" kindref="member">StateRef</ref><sp/>newState,<sp/></highlight><highlight class="keywordtype">bool</highlight><highlight class="normal"><sp/>isReplacing<sp/>=<sp/></highlight><highlight class="keyword">true</highlight><highlight class="normal">);</highlight></codeline>
<codeline lineno="27"><highlight class="normal"></highlight></codeline>
<codeline lineno="28"><highlight class="normal"><sp/><sp/><sp/><sp/><sp/><sp/><sp/><sp/></highlight><highlight class="comment">//Manually<sp/>remove<sp/>the<sp/>top<sp/>state</highlight><highlight class="normal"></highlight></codeline>
<codeline lineno="29"><highlight class="normal"><sp/><sp/><sp/><sp/><sp/><sp/><sp/><sp/></highlight><highlight class="keywordtype">void</highlight><highlight class="normal"><sp/><ref refid="d4/d51/class_sekander_1_1_state_machine_1a96961de2424fde705186da0ccd3bac70" kindref="member">RemoveState</ref>();</highlight></codeline>
<codeline lineno="30"><highlight class="normal"><sp/><sp/><sp/><sp/><sp/><sp/><sp/><sp/></highlight></codeline>
<codeline lineno="31"><highlight class="normal"><sp/><sp/><sp/><sp/><sp/><sp/><sp/><sp/></highlight><highlight class="comment">//<sp/>Run<sp/>at<sp/>start<sp/>of<sp/>each<sp/>loop<sp/>in<sp/>Game<sp/>object</highlight><highlight class="normal"></highlight></codeline>
<codeline lineno="32"><highlight class="normal"><sp/><sp/><sp/><sp/><sp/><sp/><sp/><sp/></highlight><highlight class="keywordtype">void</highlight><highlight class="normal"><sp/><ref refid="d4/d51/class_sekander_1_1_state_machine_1ad8b749d452acc69abd7c6a64c3e74983" kindref="member">ProcessStateChanges</ref>();</highlight></codeline>
<codeline lineno="33"><highlight class="normal"></highlight></codeline>
<codeline lineno="34"><highlight class="normal"><sp/><sp/><sp/><sp/><sp/><sp/><sp/><sp/></highlight><highlight class="comment">//Returns<sp/>a<sp/>refecernce<sp/>of<sp/>the<sp/>top<sp/>level<sp/>state<sp/></highlight><highlight class="normal"></highlight></codeline>
<codeline lineno="35"><highlight class="normal"><sp/><sp/><sp/><sp/><sp/><sp/><sp/><sp/><ref refid="d8/d6a/namespace_sekander_1a8503cedf9c863e9f6986eb29f2296f1a" kindref="member">StateRef</ref><sp/>&amp;<ref refid="d4/d51/class_sekander_1_1_state_machine_1ae1501a43739f33ae0739532b0f2737b1" kindref="member">GetActiveState</ref>();</highlight></codeline>
<codeline lineno="36"><highlight class="normal"></highlight></codeline>
<codeline lineno="37"><highlight class="normal"><sp/><sp/><sp/><sp/></highlight><highlight class="keyword">private</highlight><highlight class="normal">:</highlight></codeline>
<codeline lineno="38"><highlight class="normal"></highlight></codeline>
<codeline lineno="39"><highlight class="normal"><sp/><sp/><sp/><sp/><sp/><sp/><sp/><sp/></highlight><highlight class="comment">//Create<sp/>a<sp/>stack<sp/>with<sp/>a<sp/>type<sp/>a<sp/>unique<sp/>pointer<sp/>to<sp/>a<sp/>state</highlight><highlight class="normal"></highlight></codeline>
<codeline lineno="40"><highlight class="normal"><sp/><sp/><sp/><sp/><sp/><sp/><sp/><sp/></highlight><highlight class="comment">//All<sp/>states<sp/>in<sp/>stack<sp/></highlight><highlight class="normal"></highlight></codeline>
<codeline lineno="41"><highlight class="normal"><sp/><sp/><sp/><sp/><sp/><sp/><sp/><sp/>std::stack&lt;StateRef&gt;<sp/>_states;</highlight></codeline>
<codeline lineno="42"><highlight class="normal"></highlight></codeline>
<codeline lineno="43"><highlight class="normal"><sp/><sp/><sp/><sp/><sp/><sp/><sp/><sp/></highlight><highlight class="comment">//The<sp/>latest<sp/>state<sp/>to<sp/>add<sp/></highlight><highlight class="normal"></highlight></codeline>
<codeline lineno="44"><highlight class="normal"><sp/><sp/><sp/><sp/><sp/><sp/><sp/><sp/><ref refid="d8/d6a/namespace_sekander_1a8503cedf9c863e9f6986eb29f2296f1a" kindref="member">StateRef</ref><sp/>_newState;</highlight></codeline>
<codeline lineno="45"><highlight class="normal"></highlight></codeline>
<codeline lineno="46"><highlight class="normal"></highlight></codeline>
<codeline lineno="47"><highlight class="normal"></highlight></codeline>
<codeline lineno="48"><highlight class="normal"><sp/><sp/><sp/><sp/><sp/><sp/><sp/><sp/></highlight><highlight class="comment">//Tracks<sp/>if<sp/>a<sp/>state<sp/>is<sp/>being<sp/>removed,<sp/>added,<sp/>or<sp/>replaced</highlight><highlight class="normal"></highlight></codeline>
<codeline lineno="49"><highlight class="normal"><sp/><sp/><sp/><sp/><sp/><sp/><sp/><sp/></highlight><highlight class="keywordtype">bool</highlight><highlight class="normal"><sp/>_isRemoving;</highlight></codeline>
<codeline lineno="50"><highlight class="normal"><sp/><sp/><sp/><sp/><sp/><sp/><sp/><sp/></highlight><highlight class="keywordtype">bool</highlight><highlight class="normal"><sp/>_isAdding,<sp/>_isReplacing;</highlight></codeline>
<codeline lineno="51"><highlight class="normal"><sp/><sp/><sp/><sp/>};</highlight></codeline>
<codeline lineno="52"><highlight class="normal">}</highlight></codeline>
    </programlisting>
    <location file="StateMachine.hpp"/>
  </compounddef>
</doxygen>
