<?xml version='1.0' encoding='UTF-8'?>

<Splash_State>
	<head>
		<version>1.0</version>
	</head>
	<body>
		<tx>
			<param  key='NEWkirbySTAR'
						file_name="Resources/res/red.png"
						source_x="0"
						source_y="0"
						sprite_WIDTH="32"
						sprite_HEIGHT="32"
						sprite_X_FRAMES="8"
						sprite_Y_FRAMES="12"
						sprite_X_POS="100"
						sprite_Y_POS="100"
						sprite_ANGLE="0"
	    		/>




			<param  key="NEWkirbySTA"
						file_name="Resources/res/red.png"
						source_x="0"
						source_y="0"
						sprite_WIDTH="32"
						sprite_HEIGHT="32"
						sprite_X_FRAMES="8"
						sprite_Y_FRAMES="12"
						sprite_X_POS="150"
						sprite_Y_POS="100"
						sprite_ANGLE="0"
	    		/>


			<param  key="NEWkirbyST"
					file_name="Resources/res/kirby.png"
					source_x="4"
					source_y="4"
					sprite_WIDTH="38"
					sprite_HEIGHT="36"
					sprite_X_FRAMES="8"
					sprite_Y_FRAMES="12"
					sprite_X_POS="200"
					sprite_Y_POS="95"
					sprite_ANGLE="0"
	    		/>
			<param  key="NEWkirbyS"
					file_name="Resources/res/kirby.png"
					source_x="4"
					source_y="4"
					sprite_WIDTH="38"
					sprite_HEIGHT="36"
					sprite_X_FRAMES="8"
					sprite_Y_FRAMES="12"
					sprite_X_POS="300"
					sprite_Y_POS="95"
					sprite_ANGLE="0"
	    		/>






		</tx>

	</body>
</Splash_State>



<Main_Menu_State>
	<head>
		<version>1.0</version>
	</head>
	<body>
		<tx>


			<param  key="NEWkirbySTAR"
					file_name="Resources/res/kirby.png"
					source_x="4"
					source_y="4"
					sprite_WIDTH="38"
					sprite_HEIGHT="36"
					sprite_X_FRAMES="8"
					sprite_Y_FRAMES="12"
					sprite_X_POS="200"
					sprite_Y_POS="95"
					sprite_ANGLE="0"
	    		/>



			<param  key="settings"
			file_name="Resources/res/Setting_Button.png"
			source_x="0"
			source_y="0"
			sprite_WIDTH="500"
			sprite_HEIGHT="200"
			sprite_X_FRAMES="1"
			sprite_Y_FRAMES="1"
			sprite_X_POS="579"
			sprite_Y_POS="505"
			sprite_ANGLE="0"
	    		/>



			<param  key="SETTINGS"
			file_name="Resources/res/Setting_Button.png"
			source_x="0"
			source_y="0"
			sprite_WIDTH="500"
			sprite_HEIGHT="200"
			sprite_X_FRAMES="1"
			sprite_Y_FRAMES="1"
			sprite_X_POS="579"
			sprite_Y_POS="1273"
			sprite_ANGLE="0"
	    		/>


			<param  key="exit"
			file_name="Resources/res/Exit_button.png"
			source_x="0"
			source_y="0"
			sprite_WIDTH="209"
			sprite_HEIGHT="154"
			sprite_X_FRAMES="1"
			sprite_Y_FRAMES="1"
			sprite_X_POS="579"
			sprite_Y_POS="605"
			sprite_ANGLE="0"
	    		/>

			<param  key="exit2"
		   		file_name="Resources/res/Exit_button.png"
		   		source_x="0"
		   		source_y="0"
		   		sprite_WIDTH="209"
		   		sprite_HEIGHT="154"
		   		sprite_X_FRAMES="1"
		   		sprite_Y_FRAMES="1"
		   		sprite_X_POS="579"
		   		sprite_Y_POS="1373"
		    	sprite_ANGLE="0"
	    		/>







		</tx>

		<gw>


			<param  key="kirby"
		   		file_name="Resources/res/kirby.png"
		   		source_x="4"
		   		source_y="4"
		   		sprite_WIDTH="38"
		   		sprite_HEIGHT="36"
		   		dynamic="true"
		   		sprite_X_FRAMES="8"
		   		sprite_Y_FRAMES="12"
		   		sprite_X_POS="20"
		   		sprite_Y_POS="-95"
		    	sprite_ANGLE="0"
	    		/>

		</gw>


	</body>
</Main_Menu_State>


<GameWorld>
	<head>
		<version>1.0</version>
	</head>
	<body>
		<gw>




			<param  key="kirby"
					file_name="Resources/res/kirby.png"
					source_x="4"
					source_y="4"
					sprite_WIDTH="38"
					sprite_HEIGHT="36"
					dynamic="true"
					sprite_X_FRAMES="8"
					sprite_Y_FRAMES="12"
					sprite_X_POS="20"
					sprite_Y_POS="-95"
					sprite_ANGLE="0"
	    		/>









			<param  key="kirby_player"
		file_name="Resources/res/kirby_player.png"
		source_x="0"
		source_y="0"
		sprite_WIDTH="32"
		sprite_HEIGHT="32"
		dynamic="true"
		sprite_X_FRAMES="11"
		sprite_Y_FRAMES="7"
		sprite_X_POS="20"
		sprite_Y_POS="-95"
		sprite_ANGLE="0"
	    		/>







			<param  key="pl"
			file_name="Resources/res/sprite_sheet.png"
			source_x="0"
			source_y="0"
			sprite_WIDTH="33"
			sprite_HEIGHT="32"
			dynamic="true"
			sprite_X_FRAMES="3"
			sprite_Y_FRAMES="4"
			sprite_X_POS="55"
			sprite_Y_POS="-95"
			sprite_ANGLE="0"
	    		/>









		</gw>

		<em>







			<param  key="enemygtori"
			file_name="Resources/res/tori.png"
			source_x="0"
			source_y="0"
			sprite_WIDTH="32"
			sprite_HEIGHT="48"
			dynamic="true"
			sprite_X_FRAMES="4"
			sprite_Y_FRAMES="4"
			sprite_X_POS="300"
			sprite_Y_POS="-440"
			sprite_ANGLE="0"
			enemy_walking_distance="50"
			attack_square_x = "500"
			attack_square_y = "2000"
			bullet_speed_x = "100"
			bullet_speed_y = "100"
			enemy_speed_x = "50"
			enemy_speed_y = "50"
	    		/>



			<param  key="enemygtori1"
			file_name="Resources/res/tori.png"
			source_x="0"
			source_y="0"
			sprite_WIDTH="32"
			sprite_HEIGHT="48"
			dynamic="true"
			sprite_X_FRAMES="4"
			sprite_Y_FRAMES="4"
			sprite_X_POS="600"
			sprite_Y_POS="-440"
			sprite_ANGLE="0"
			enemy_walking_distance="100"
			attack_square_x = "200"
			attack_square_y = "100"
			bullet_speed_x = "0"
			bullet_speed_y = "100"
			enemy_speed_x = "100"
			enemy_speed_y = "0"

	    		/>







			<!--
	
		<param  key=enemygohan
		   		file_name="Resources/res/gohan.gif"
		   		source_x=0
		   		source_y=1
		   		sprite_WIDTH=47
		   		sprite_HEIGHT=80
		   		dynamic=true 
		   		sprite_X_FRAMES=12
		   		sprite_Y_FRAMES=6
		   		sprite_X_POS=50
		   		sprite_Y_POS=-440
		    	sprite_ANGLE=0
	    		/>



	-->








		</em>




		<pw>




			<param  key="red"
			file_name="Resources/res/red.png"
			source_x="0"
			source_y="0"
			sprite_WIDTH="31"
			sprite_HEIGHT="32"
			dynamic="true"
			sprite_X_FRAMES="3"
			sprite_Y_FRAMES="4"
			sprite_X_POS="500"
			sprite_Y_POS="-440"
			sprite_ANGLE="0"
	    		/>





		</pw>


		<bw>


			<param  key="bullet0"
		   		file_name="Resources/res/bullet-s_b.png"
		   		source_x="0"
		   		source_y="0"
		   		sprite_WIDTH="13"
		   		sprite_HEIGHT="8"
		   		dynamic="true"
		   		sprite_X_FRAMES="1"
		   		sprite_Y_FRAMES="1"
		   		sprite_X_POS="-10"
		   		sprite_Y_POS="10"
		    	sprite_ANGLE="0"
	    		/>


		</bw>

		<e_bw>


			<param  key="e_bullet0"
				file_name="Resources/res/enemy_bullet.png"
				source_x="0"
				source_y="0"
				sprite_WIDTH="13"
				sprite_HEIGHT="8"
				dynamic="true"
				sprite_X_FRAMES="1"
				sprite_Y_FRAMES="1"
				sprite_X_POS="-10"
				sprite_Y_POS="10"
				sprite_ANGLE="0"
	    			/>


		</e_bw>

		<gun>


			<param	key="p_gun"
		   		file_name="Resources/res/gun.png"
		   		source_x="0"
		   		source_y="0"
		   		sprite_WIDTH="33"
		   		sprite_HEIGHT="18"
		   		dynamic="true"
		   		sprite_X_FRAMES="1"
		   		sprite_Y_FRAMES="1"
		   		sprite_X_POS="100"
		   		sprite_Y_POS="-400"
		    	sprite_ANGLE="0"
	    		/>

			<param	key="e_gun"
			file_name="Resources/res/ship.png"
			source_x="0"
			source_y="0"
			sprite_WIDTH="16"
			sprite_HEIGHT="16"
			dynamic="true"
			sprite_X_FRAMES="1"
			sprite_Y_FRAMES="1"
			sprite_X_POS="100"
			sprite_Y_POS="-400"
			sprite_ANGLE="0"
	    		/>

			<param	key="e_gun2"
file_name="Resources/res/ship.png"
source_x="0"
source_y="0"
sprite_WIDTH="16"
sprite_HEIGHT="16"
dynamic="true"
sprite_X_FRAMES="1"
sprite_Y_FRAMES="1"
sprite_X_POS="200"
sprite_Y_POS="-400"
sprite_ANGLE="0"
	    		/>



		</gun>











	</body>
</GameWorld>

<Game_Over_State>
	<head>
		<version>1.0</version>
	</head>
	<body>
		<tx>


			<param  key="NEWkirbyGAMEOVER"
			file_name="Resources/res/kirby.png"
			source_x="4"
			source_y="4"
			sprite_WIDTH="38"
			sprite_HEIGHT="36"
			sprite_X_FRAMES="8"
			sprite_Y_FRAMES="12"
			sprite_X_POS="20"
			sprite_Y_POS="95"
			sprite_ANGLE="0"
	    		/>




			<param  key="NEWkirbyGAMEOVE"
			file_name="Resources/res/kirby.png"
			source_x="4"
			source_y="4"
			sprite_WIDTH="38"
			sprite_HEIGHT="36"
			sprite_X_FRAMES="8"
			sprite_Y_FRAMES="12"
			sprite_X_POS="20"
			sprite_Y_POS="-100"
			sprite_ANGLE="0"
	    		/>


			<param  key="NEWkirbyGAME"
			file_name="Resources/res/kirby.png"
			source_x="4"
			source_y="4"
			sprite_WIDTH="38"
			sprite_HEIGHT="36"
			sprite_X_FRAMES="8"
			sprite_Y_FRAMES="12"
			sprite_X_POS="20"
			sprite_Y_POS="120"
			sprite_ANGLE="0"
	    		/>



			<param  key="NEWkirbyGA"
			file_name="Resources/res/kirby.png"
			source_x="4"
			source_y="4"
			sprite_WIDTH="38"
			sprite_HEIGHT="36"
			sprite_X_FRAMES="8"
			sprite_Y_FRAMES="12"
			sprite_X_POS="20"
			sprite_Y_POS="200"
			sprite_ANGLE="0"
	    		/>


		</tx>

	</body>
</Game_Over_State>


