<?xml version='1.0' encoding='UTF-8' standalone='no'?>
<doxygen xmlns:xsi="http://www.w3.org/2001/XMLSchema-instance" xsi:noNamespaceSchemaLocation="compound.xsd" version="1.9.2" xml:lang="en-US">
  <compounddef id="d7/d7e/_gun_8cpp" kind="file" language="C++">
    <compoundname>Gun.cpp</compoundname>
    <includes refid="d0/d06/_gun_8hpp" local="yes">Gun.hpp</includes>
    <incdepgraph>
      <node id="12">
        <label>AssetManager.hpp</label>
        <link refid="d2/d03/_asset_manager_8hpp"/>
        <childnode refid="13" relation="include">
        </childnode>
        <childnode refid="4" relation="include">
        </childnode>
      </node>
      <node id="21">
        <label>Bullet.hpp</label>
        <link refid="d6/d65/_bullet_8hpp"/>
        <childnode refid="3" relation="include">
        </childnode>
        <childnode refid="20" relation="include">
        </childnode>
      </node>
      <node id="5">
        <label>DEFINITIONS.hpp</label>
        <link refid="df/d44/_d_e_f_i_n_i_t_i_o_n_s_8hpp"/>
      </node>
      <node id="6">
        <label>Game.hpp</label>
        <link refid="d2/d07/_game_8hpp"/>
        <childnode refid="7" relation="include">
        </childnode>
        <childnode refid="8" relation="include">
        </childnode>
        <childnode refid="4" relation="include">
        </childnode>
        <childnode refid="9" relation="include">
        </childnode>
        <childnode refid="12" relation="include">
        </childnode>
        <childnode refid="14" relation="include">
        </childnode>
        <childnode refid="15" relation="include">
        </childnode>
      </node>
      <node id="3">
        <label>GameWorld.hpp</label>
        <link refid="d4/db1/_game_world_8hpp"/>
        <childnode refid="4" relation="include">
        </childnode>
        <childnode refid="5" relation="include">
        </childnode>
        <childnode refid="6" relation="include">
        </childnode>
        <childnode refid="15" relation="include">
        </childnode>
        <childnode refid="17" relation="include">
        </childnode>
      </node>
      <node id="1">
        <label>Gun.cpp</label>
        <link refid="d7/d7e/_gun_8cpp"/>
        <childnode refid="2" relation="include">
        </childnode>
      </node>
      <node id="2">
        <label>Gun.hpp</label>
        <link refid="d0/d06/_gun_8hpp"/>
        <childnode refid="3" relation="include">
        </childnode>
        <childnode refid="21" relation="include">
        </childnode>
        <childnode refid="20" relation="include">
        </childnode>
      </node>
      <node id="14">
        <label>InputManager.hpp</label>
        <link refid="dc/d9f/_input_manager_8hpp"/>
        <childnode refid="4" relation="include">
        </childnode>
      </node>
      <node id="11">
        <label>State.hpp</label>
        <link refid="d5/d5d/_state_8hpp"/>
      </node>
      <node id="9">
        <label>StateMachine.hpp</label>
        <link refid="d8/d91/_state_machine_8hpp"/>
        <childnode refid="7" relation="include">
        </childnode>
        <childnode refid="10" relation="include">
        </childnode>
        <childnode refid="11" relation="include">
        </childnode>
      </node>
      <node id="19">
        <label>entity.h</label>
        <link refid="d8/d83/entity_8h"/>
        <childnode refid="4" relation="include">
        </childnode>
        <childnode refid="8" relation="include">
        </childnode>
        <childnode refid="18" relation="include">
        </childnode>
        <childnode refid="20" relation="include">
        </childnode>
      </node>
      <node id="15">
        <label>entity_manager.h</label>
        <link refid="df/d8c/entity__manager_8h"/>
        <childnode refid="16" relation="include">
        </childnode>
        <childnode refid="17" relation="include">
        </childnode>
        <childnode refid="18" relation="include">
        </childnode>
        <childnode refid="19" relation="include">
        </childnode>
      </node>
      <node id="4">
        <label>SFML/Graphics.hpp</label>
      </node>
      <node id="18">
        <label>box2d/box2d.h</label>
      </node>
      <node id="20">
        <label>iostream</label>
      </node>
      <node id="13">
        <label>map</label>
      </node>
      <node id="7">
        <label>memory</label>
      </node>
      <node id="10">
        <label>stack</label>
      </node>
      <node id="8">
        <label>string</label>
      </node>
      <node id="16">
        <label>unordered_map</label>
      </node>
      <node id="17">
        <label>vector</label>
      </node>
    </incdepgraph>
    <innernamespace refid="d8/d6a/namespace_sekander">Sekander</innernamespace>
    <briefdescription>
    </briefdescription>
    <detaileddescription>
    </detaileddescription>
    <programlisting>
<codeline lineno="1"><highlight class="preprocessor">#include<sp/>&quot;<ref refid="d0/d06/_gun_8hpp" kindref="compound">Gun.hpp</ref>&quot;</highlight><highlight class="normal"></highlight></codeline>
<codeline lineno="2"><highlight class="normal"></highlight></codeline>
<codeline lineno="3"><highlight class="normal"></highlight><highlight class="keyword">namespace<sp/></highlight><highlight class="normal"><ref refid="d8/d6a/namespace_sekander" kindref="compound">Sekander</ref><sp/>{</highlight></codeline>
<codeline lineno="4"><highlight class="normal"></highlight></codeline>
<codeline lineno="5"><highlight class="normal"></highlight></codeline>
<codeline lineno="6"><highlight class="normal"><sp/><sp/><sp/><sp/></highlight><highlight class="comment">//void<sp/>Gun::Load_Gun(Bullet&amp;<sp/>bw)</highlight><highlight class="normal"></highlight></codeline>
<codeline lineno="7"><highlight class="normal"><sp/><sp/><sp/><sp/></highlight><highlight class="comment">//{</highlight></codeline>
<codeline lineno="9"><highlight class="comment"></highlight><highlight class="normal"><sp/><sp/><sp/><sp/></highlight><highlight class="comment">//}</highlight><highlight class="normal"></highlight></codeline>
<codeline lineno="10"><highlight class="normal"></highlight></codeline>
<codeline lineno="11" refid="d1/d17/class_sekander_1_1_gun_1aad6f4af76435694e0115bb1d702707bd" refkind="member"><highlight class="normal"></highlight><highlight class="keywordtype">void</highlight><highlight class="normal"><sp/><ref refid="d1/d17/class_sekander_1_1_gun_1a748d795cb18ae0fe6ecc6cb4f5841273" kindref="member">Gun::Shoot_Gun</ref>(<ref refid="da/d68/class_sekander_1_1_bullet" kindref="compound">Bullet</ref>*<sp/>bw,<sp/></highlight><highlight class="keywordtype">bool</highlight><highlight class="normal"><sp/>left_direction)</highlight></codeline>
<codeline lineno="12"><highlight class="normal">{</highlight></codeline>
<codeline lineno="13"><highlight class="normal"><sp/><sp/><sp/><sp/><sp/><sp/><sp/><sp/><sp/><sp/><sp/><sp/>this-&gt;m_gun_direction_backwards<sp/>=<sp/>left_direction;</highlight></codeline>
<codeline lineno="14"><highlight class="normal"></highlight></codeline>
<codeline lineno="15"><highlight class="normal"><sp/><sp/><sp/><sp/><sp/><sp/><sp/><sp/><sp/><sp/><sp/><sp/><sp/><sp/><sp/><sp/><sp/><sp/><sp/><sp/><sp/><sp/><sp/><sp/>this-&gt;delay++;</highlight></codeline>
<codeline lineno="16"><highlight class="normal"><sp/><sp/><sp/><sp/><sp/><sp/><sp/><sp/><sp/><sp/><sp/><sp/></highlight><highlight class="keywordtype">bool</highlight><highlight class="normal"><sp/>neutral_shot<sp/>=<sp/></highlight><highlight class="keyword">true</highlight><highlight class="normal">;</highlight></codeline>
<codeline lineno="17"><highlight class="normal"><sp/><sp/><sp/><sp/><sp/><sp/><sp/><sp/><sp/><sp/><sp/><sp/></highlight><highlight class="keywordtype">bool</highlight><highlight class="normal"><sp/>pull_trigger<sp/>=<sp/></highlight><highlight class="keyword">false</highlight><highlight class="normal">;</highlight></codeline>
<codeline lineno="18"><highlight class="normal"></highlight></codeline>
<codeline lineno="19"><highlight class="normal"></highlight></codeline>
<codeline lineno="20"><highlight class="normal"><sp/><sp/><sp/><sp/><sp/><sp/><sp/><sp/><sp/><sp/><sp/><sp/><sp/><sp/><sp/><sp/></highlight><highlight class="keywordflow">if</highlight><highlight class="normal">(this-&gt;delay<sp/>&gt;=<sp/>400)</highlight></codeline>
<codeline lineno="21"><highlight class="normal"><sp/><sp/><sp/><sp/><sp/><sp/><sp/><sp/><sp/><sp/><sp/><sp/><sp/><sp/><sp/><sp/>{</highlight></codeline>
<codeline lineno="22"><highlight class="normal"><sp/><sp/><sp/><sp/><sp/><sp/><sp/><sp/><sp/><sp/><sp/><sp/><sp/><sp/><sp/><sp/><sp/><sp/><sp/><sp/></highlight><highlight class="keywordflow">if</highlight><highlight class="normal">(this-&gt;m_gun_direction_backwards)</highlight></codeline>
<codeline lineno="23"><highlight class="normal"><sp/><sp/><sp/><sp/><sp/><sp/><sp/><sp/><sp/><sp/><sp/><sp/><sp/><sp/><sp/><sp/><sp/><sp/><sp/><sp/>{</highlight></codeline>
<codeline lineno="24"><highlight class="normal"><sp/><sp/><sp/><sp/><sp/><sp/><sp/><sp/><sp/><sp/><sp/><sp/><sp/><sp/><sp/><sp/><sp/><sp/><sp/><sp/><sp/><sp/><sp/><sp/>bw-&gt;<ref refid="da/d68/class_sekander_1_1_bullet_1a7b55b501f075c0e647e36d9027c5a6e0" kindref="member">SetOrigin</ref>(this-&gt;_data-&gt;manager.Get(this-&gt;m_key)-&gt;body-&gt;GetPosition().x<sp/>-<sp/>10,</highlight></codeline>
<codeline lineno="25"><highlight class="normal"><sp/><sp/><sp/><sp/><sp/><sp/><sp/><sp/><sp/><sp/><sp/><sp/><sp/><sp/><sp/><sp/><sp/><sp/><sp/><sp/><sp/><sp/><sp/><sp/><sp/><sp/><sp/><sp/><sp/><sp/><sp/><sp/><sp/><sp/><sp/><sp/><sp/>this-&gt;_data-&gt;manager.Get(this-&gt;m_key)-&gt;body-&gt;GetPosition().y);</highlight></codeline>
<codeline lineno="26"><highlight class="normal"><sp/><sp/><sp/><sp/><sp/><sp/><sp/><sp/><sp/><sp/><sp/><sp/><sp/><sp/><sp/><sp/><sp/><sp/><sp/><sp/><sp/><sp/><sp/><sp/>bw-&gt;<ref refid="da/d68/class_sekander_1_1_bullet_1ad44291d034b112d561ec65d9b57b3fe6" kindref="member">SetSpeed</ref>(-500.0f,<sp/>0);</highlight></codeline>
<codeline lineno="27"><highlight class="normal"><sp/><sp/><sp/><sp/><sp/><sp/><sp/><sp/><sp/><sp/><sp/><sp/><sp/><sp/><sp/><sp/><sp/><sp/><sp/><sp/><sp/><sp/><sp/><sp/></highlight><highlight class="comment">//sf::sleep(sf::milliseconds(250));</highlight><highlight class="normal"></highlight></codeline>
<codeline lineno="28"><highlight class="normal"><sp/><sp/><sp/><sp/><sp/><sp/><sp/><sp/><sp/><sp/><sp/><sp/><sp/><sp/><sp/><sp/><sp/><sp/><sp/><sp/><sp/><sp/><sp/><sp/></highlight><highlight class="comment">//this-&gt;m_trigger_Press<sp/>=<sp/>true;</highlight><highlight class="normal"></highlight></codeline>
<codeline lineno="29"><highlight class="normal"><sp/><sp/><sp/><sp/><sp/><sp/><sp/><sp/><sp/><sp/><sp/><sp/><sp/><sp/><sp/><sp/><sp/><sp/><sp/><sp/><sp/><sp/><sp/><sp/><ref refid="d1/d17/class_sekander_1_1_gun_1aabbbbdf814ee725561dd603f0d406c22" kindref="member">Set_Trigger</ref>(</highlight><highlight class="keyword">true</highlight><highlight class="normal">);</highlight></codeline>
<codeline lineno="30"><highlight class="normal"><sp/><sp/><sp/><sp/><sp/><sp/><sp/><sp/><sp/><sp/><sp/><sp/><sp/><sp/><sp/><sp/><sp/><sp/><sp/><sp/><sp/><sp/><sp/><sp/>this-&gt;delay<sp/>=<sp/>0;</highlight></codeline>
<codeline lineno="31"><highlight class="normal"></highlight></codeline>
<codeline lineno="32"><highlight class="normal"><sp/><sp/><sp/><sp/><sp/><sp/><sp/><sp/><sp/><sp/><sp/><sp/><sp/><sp/><sp/><sp/><sp/><sp/><sp/><sp/>}</highlight></codeline>
<codeline lineno="33"><highlight class="normal"><sp/><sp/><sp/><sp/><sp/><sp/><sp/><sp/><sp/><sp/><sp/><sp/><sp/><sp/><sp/><sp/>}</highlight></codeline>
<codeline lineno="34"><highlight class="normal"></highlight></codeline>
<codeline lineno="35"><highlight class="normal"></highlight></codeline>
<codeline lineno="36"><highlight class="normal">}</highlight></codeline>
<codeline lineno="37"><highlight class="normal"></highlight></codeline>
<codeline lineno="38"><highlight class="normal"></highlight></codeline>
<codeline lineno="39"><highlight class="normal"></highlight></codeline>
<codeline lineno="40"><highlight class="normal"></highlight></codeline>
<codeline lineno="41" refid="d1/d17/class_sekander_1_1_gun_1a748d795cb18ae0fe6ecc6cb4f5841273" refkind="member"><highlight class="normal"></highlight><highlight class="keywordtype">void</highlight><highlight class="normal"><sp/><ref refid="d1/d17/class_sekander_1_1_gun_1a748d795cb18ae0fe6ecc6cb4f5841273" kindref="member">Gun::Shoot_Gun</ref>(<ref refid="da/d68/class_sekander_1_1_bullet" kindref="compound">Bullet</ref>*<sp/>bw,</highlight><highlight class="keywordtype">bool</highlight><highlight class="normal"><sp/>right_direction,<sp/></highlight><highlight class="keywordtype">bool</highlight><highlight class="normal"><sp/>left_direction,<sp/></highlight><highlight class="keywordtype">bool</highlight><highlight class="normal"><sp/>up_direction,<sp/></highlight><highlight class="keywordtype">bool</highlight><highlight class="normal"><sp/>down_direction)</highlight></codeline>
<codeline lineno="42"><highlight class="normal"></highlight><highlight class="comment">//<sp/><sp/><sp/><sp/>void<sp/>Gun::Shoot_Gun(bool<sp/>direction)</highlight><highlight class="normal"></highlight></codeline>
<codeline lineno="43"><highlight class="normal"><sp/><sp/><sp/><sp/>{</highlight></codeline>
<codeline lineno="44"><highlight class="normal"><sp/><sp/><sp/><sp/><sp/><sp/><sp/><sp/></highlight><highlight class="comment">//for(auto&amp;<sp/>bw<sp/>:<sp/>_ammo)</highlight><highlight class="normal"></highlight></codeline>
<codeline lineno="45"><highlight class="normal"><sp/><sp/><sp/><sp/><sp/><sp/><sp/><sp/></highlight><highlight class="comment">//{</highlight><highlight class="normal"></highlight></codeline>
<codeline lineno="46"><highlight class="normal"></highlight></codeline>
<codeline lineno="47"><highlight class="normal"><sp/><sp/><sp/><sp/><sp/><sp/><sp/><sp/><sp/><sp/><sp/><sp/>this-&gt;m_gun_direction_rightwards<sp/>=<sp/>right_direction;</highlight></codeline>
<codeline lineno="48"><highlight class="normal"><sp/><sp/><sp/><sp/><sp/><sp/><sp/><sp/><sp/><sp/><sp/><sp/>this-&gt;m_gun_direction_backwards<sp/>=<sp/>left_direction;</highlight></codeline>
<codeline lineno="49"><highlight class="normal"><sp/><sp/><sp/><sp/><sp/><sp/><sp/><sp/><sp/><sp/><sp/><sp/>this-&gt;m_gun_direction_upwards<sp/>=<sp/>up_direction;</highlight></codeline>
<codeline lineno="50"><highlight class="normal"><sp/><sp/><sp/><sp/><sp/><sp/><sp/><sp/><sp/><sp/><sp/><sp/>this-&gt;m_gun_direction_downwards<sp/>=<sp/>down_direction;</highlight></codeline>
<codeline lineno="51"><highlight class="normal"></highlight></codeline>
<codeline lineno="52"><highlight class="normal"></highlight></codeline>
<codeline lineno="53"><highlight class="normal"><sp/><sp/><sp/><sp/><sp/><sp/><sp/><sp/><sp/><sp/><sp/><sp/>this-&gt;delay++;</highlight></codeline>
<codeline lineno="54"><highlight class="normal"><sp/><sp/><sp/><sp/><sp/><sp/><sp/><sp/><sp/><sp/><sp/><sp/></highlight><highlight class="keywordtype">bool</highlight><highlight class="normal"><sp/>neutral_shot<sp/>=<sp/></highlight><highlight class="keyword">true</highlight><highlight class="normal">;</highlight></codeline>
<codeline lineno="55"><highlight class="normal"><sp/><sp/><sp/><sp/><sp/><sp/><sp/><sp/><sp/><sp/><sp/><sp/></highlight><highlight class="keywordtype">bool</highlight><highlight class="normal"><sp/>pull_trigger<sp/>=<sp/></highlight><highlight class="keyword">false</highlight><highlight class="normal">;</highlight></codeline>
<codeline lineno="56"><highlight class="normal"></highlight></codeline>
<codeline lineno="57"><highlight class="normal"></highlight></codeline>
<codeline lineno="58"><highlight class="normal"></highlight></codeline>
<codeline lineno="59"><highlight class="normal"><sp/><sp/><sp/><sp/><sp/><sp/><sp/><sp/><sp/><sp/><sp/><sp/></highlight><highlight class="comment">//std::cout<sp/>&lt;&lt;<sp/>&quot;Bullet<sp/>::<sp/>&quot;<sp/>&lt;&lt;<sp/>bw-&gt;Get_Name()<sp/>&lt;&lt;<sp/>std::endl;</highlight><highlight class="normal"></highlight></codeline>
<codeline lineno="60"><highlight class="normal"><sp/><sp/><sp/><sp/><sp/><sp/><sp/><sp/><sp/><sp/><sp/><sp/></highlight><highlight class="comment">//std::cout<sp/>&lt;&lt;<sp/>&quot;Delay<sp/>::<sp/>&quot;<sp/>&lt;&lt;<sp/>this-&gt;delay<sp/>&lt;&lt;<sp/>std::endl;</highlight><highlight class="normal"></highlight></codeline>
<codeline lineno="61"><highlight class="normal"></highlight></codeline>
<codeline lineno="62"><highlight class="normal"></highlight></codeline>
<codeline lineno="63"><highlight class="normal"></highlight></codeline>
<codeline lineno="64"><highlight class="normal"><sp/><sp/><sp/><sp/><sp/><sp/><sp/><sp/><sp/><sp/><sp/><sp/><sp/><sp/><sp/><sp/></highlight><highlight class="comment">//if(!pull_trigger<sp/>&amp;&amp;<sp/>neutral_shot<sp/>||<sp/>this-&gt;delay<sp/>&gt;=<sp/>500)</highlight><highlight class="normal"></highlight></codeline>
<codeline lineno="65"><highlight class="normal"><sp/><sp/><sp/><sp/><sp/><sp/><sp/><sp/><sp/><sp/><sp/><sp/><sp/><sp/><sp/><sp/></highlight><highlight class="keywordflow">if</highlight><highlight class="normal">(this-&gt;delay<sp/>&gt;=<sp/>600)</highlight></codeline>
<codeline lineno="66"><highlight class="normal"><sp/><sp/><sp/><sp/><sp/><sp/><sp/><sp/><sp/><sp/><sp/><sp/><sp/><sp/><sp/><sp/>{</highlight></codeline>
<codeline lineno="67"><highlight class="normal"><sp/><sp/><sp/><sp/><sp/><sp/><sp/><sp/><sp/><sp/><sp/><sp/><sp/><sp/><sp/><sp/><sp/><sp/><sp/><sp/></highlight><highlight class="keywordflow">if</highlight><highlight class="normal">(this-&gt;m_gun_direction_rightwards)</highlight></codeline>
<codeline lineno="68"><highlight class="normal"><sp/><sp/><sp/><sp/><sp/><sp/><sp/><sp/><sp/><sp/><sp/><sp/><sp/><sp/><sp/><sp/><sp/><sp/><sp/><sp/>{</highlight></codeline>
<codeline lineno="69"><highlight class="normal"><sp/><sp/><sp/><sp/><sp/><sp/><sp/><sp/><sp/><sp/><sp/><sp/><sp/><sp/><sp/><sp/><sp/><sp/><sp/><sp/><sp/><sp/><sp/><sp/>bw-&gt;<ref refid="da/d68/class_sekander_1_1_bullet_1a7b55b501f075c0e647e36d9027c5a6e0" kindref="member">SetOrigin</ref>(this-&gt;_data-&gt;manager.Get(this-&gt;m_key)-&gt;body-&gt;GetPosition().x<sp/>+<sp/>10,</highlight></codeline>
<codeline lineno="70"><highlight class="normal"><sp/><sp/><sp/><sp/><sp/><sp/><sp/><sp/><sp/><sp/><sp/><sp/><sp/><sp/><sp/><sp/><sp/><sp/><sp/><sp/><sp/><sp/><sp/><sp/><sp/><sp/><sp/><sp/><sp/><sp/><sp/><sp/><sp/><sp/><sp/><sp/><sp/>this-&gt;_data-&gt;manager.Get(this-&gt;m_key)-&gt;body-&gt;GetPosition().y);</highlight></codeline>
<codeline lineno="71"><highlight class="normal"><sp/><sp/><sp/><sp/><sp/><sp/><sp/><sp/><sp/><sp/><sp/><sp/><sp/><sp/><sp/><sp/><sp/><sp/><sp/><sp/><sp/><sp/><sp/><sp/></highlight></codeline>
<codeline lineno="72"><highlight class="normal"><sp/><sp/><sp/><sp/><sp/><sp/><sp/><sp/><sp/><sp/><sp/><sp/><sp/><sp/><sp/><sp/><sp/><sp/><sp/><sp/><sp/><sp/><sp/><sp/></highlight></codeline>
<codeline lineno="73"><highlight class="normal"><sp/><sp/><sp/><sp/><sp/><sp/><sp/><sp/><sp/><sp/><sp/><sp/><sp/><sp/><sp/><sp/><sp/><sp/><sp/><sp/><sp/><sp/><sp/><sp/></highlight></codeline>
<codeline lineno="74"><highlight class="normal"><sp/><sp/><sp/><sp/><sp/><sp/><sp/><sp/><sp/><sp/><sp/><sp/><sp/><sp/><sp/><sp/><sp/><sp/><sp/><sp/><sp/><sp/><sp/><sp/></highlight><highlight class="comment">//bw-&gt;SetSpeed(10000.0f<sp/>+<sp/>this-&gt;_data-&gt;manager.Get(&quot;gun&quot;)-&gt;body-&gt;GetLinearVelocity().x,<sp/>0);</highlight><highlight class="normal"></highlight></codeline>
<codeline lineno="75"><highlight class="normal"><sp/><sp/><sp/><sp/><sp/><sp/><sp/><sp/><sp/><sp/><sp/><sp/><sp/><sp/><sp/><sp/><sp/><sp/><sp/><sp/><sp/><sp/><sp/><sp/>bw-&gt;<ref refid="da/d68/class_sekander_1_1_bullet_1ad44291d034b112d561ec65d9b57b3fe6" kindref="member">SetSpeed</ref>(10000.0f<sp/>,<sp/>0);</highlight></codeline>
<codeline lineno="76"><highlight class="normal"><sp/><sp/><sp/><sp/><sp/><sp/><sp/><sp/><sp/><sp/><sp/><sp/><sp/><sp/><sp/><sp/><sp/><sp/><sp/><sp/><sp/><sp/><sp/><sp/>neutral_shot<sp/>=<sp/></highlight><highlight class="keyword">false</highlight><highlight class="normal">;</highlight></codeline>
<codeline lineno="77"><highlight class="normal"><sp/><sp/><sp/><sp/><sp/><sp/><sp/><sp/><sp/><sp/><sp/><sp/><sp/><sp/><sp/><sp/><sp/><sp/><sp/><sp/><sp/><sp/><sp/><sp/>pull_trigger<sp/>=<sp/></highlight><highlight class="keyword">true</highlight><highlight class="normal">;</highlight></codeline>
<codeline lineno="78"><highlight class="normal"><sp/><sp/><sp/><sp/><sp/><sp/><sp/><sp/><sp/><sp/><sp/><sp/><sp/><sp/><sp/><sp/><sp/><sp/><sp/><sp/><sp/><sp/><sp/><sp/></highlight><highlight class="comment">//sf::sleep(sf::milliseconds(250));</highlight><highlight class="normal"></highlight></codeline>
<codeline lineno="79"><highlight class="normal"><sp/><sp/><sp/><sp/><sp/><sp/><sp/><sp/><sp/><sp/><sp/><sp/><sp/><sp/><sp/><sp/><sp/><sp/><sp/><sp/><sp/><sp/><sp/><sp/></highlight><highlight class="comment">//this-&gt;m_trigger_Press<sp/>=<sp/>true;</highlight><highlight class="normal"></highlight></codeline>
<codeline lineno="80"><highlight class="normal"><sp/><sp/><sp/><sp/><sp/><sp/><sp/><sp/><sp/><sp/><sp/><sp/><sp/><sp/><sp/><sp/><sp/><sp/><sp/><sp/><sp/><sp/><sp/><sp/><ref refid="d1/d17/class_sekander_1_1_gun_1aabbbbdf814ee725561dd603f0d406c22" kindref="member">Set_Trigger</ref>(</highlight><highlight class="keyword">true</highlight><highlight class="normal">);</highlight></codeline>
<codeline lineno="81"><highlight class="normal"><sp/><sp/><sp/><sp/><sp/><sp/><sp/><sp/><sp/><sp/><sp/><sp/><sp/><sp/><sp/><sp/><sp/><sp/><sp/><sp/><sp/><sp/><sp/><sp/>this-&gt;delay<sp/>=<sp/>0;</highlight></codeline>
<codeline lineno="82"><highlight class="normal"><sp/><sp/><sp/><sp/><sp/><sp/><sp/><sp/><sp/><sp/><sp/><sp/><sp/><sp/><sp/><sp/><sp/><sp/><sp/><sp/><sp/><sp/><sp/><sp/></highlight><highlight class="comment">//bw-&gt;IsBulletAlive();</highlight><highlight class="normal"></highlight></codeline>
<codeline lineno="83"><highlight class="normal"></highlight></codeline>
<codeline lineno="84"><highlight class="normal"></highlight></codeline>
<codeline lineno="85"><highlight class="normal"><sp/><sp/><sp/><sp/><sp/><sp/><sp/><sp/><sp/><sp/><sp/><sp/><sp/><sp/><sp/><sp/><sp/><sp/><sp/><sp/>}</highlight></codeline>
<codeline lineno="86"><highlight class="normal"></highlight></codeline>
<codeline lineno="87"><highlight class="normal"><sp/><sp/><sp/><sp/><sp/><sp/><sp/><sp/><sp/><sp/><sp/><sp/><sp/><sp/><sp/><sp/><sp/><sp/><sp/><sp/></highlight><highlight class="keywordflow">else</highlight><highlight class="normal"><sp/></highlight><highlight class="keywordflow">if</highlight><highlight class="normal">(this-&gt;m_gun_direction_backwards)</highlight></codeline>
<codeline lineno="88"><highlight class="normal"><sp/><sp/><sp/><sp/><sp/><sp/><sp/><sp/><sp/><sp/><sp/><sp/><sp/><sp/><sp/><sp/><sp/><sp/><sp/><sp/>{</highlight></codeline>
<codeline lineno="89"><highlight class="normal"><sp/><sp/><sp/><sp/><sp/><sp/><sp/><sp/><sp/><sp/><sp/><sp/><sp/><sp/><sp/><sp/><sp/><sp/><sp/><sp/><sp/><sp/><sp/><sp/>bw-&gt;<ref refid="da/d68/class_sekander_1_1_bullet_1a7b55b501f075c0e647e36d9027c5a6e0" kindref="member">SetOrigin</ref>(this-&gt;_data-&gt;manager.Get(this-&gt;m_key)-&gt;body-&gt;GetPosition().x<sp/>-<sp/>10,</highlight></codeline>
<codeline lineno="90"><highlight class="normal"><sp/><sp/><sp/><sp/><sp/><sp/><sp/><sp/><sp/><sp/><sp/><sp/><sp/><sp/><sp/><sp/><sp/><sp/><sp/><sp/><sp/><sp/><sp/><sp/><sp/><sp/><sp/><sp/><sp/><sp/><sp/><sp/><sp/><sp/><sp/><sp/><sp/>this-&gt;_data-&gt;manager.Get(this-&gt;m_key)-&gt;body-&gt;GetPosition().y);</highlight></codeline>
<codeline lineno="91"><highlight class="normal"><sp/><sp/><sp/><sp/><sp/><sp/><sp/><sp/><sp/><sp/><sp/><sp/><sp/><sp/><sp/><sp/><sp/><sp/><sp/><sp/><sp/><sp/><sp/><sp/></highlight><highlight class="comment">//bw-&gt;SetSpeed(-10000.0f<sp/>-<sp/>this-&gt;_data-&gt;manager.Get(&quot;gun&quot;)-&gt;body-&gt;GetLinearVelocity().x,<sp/>0);</highlight><highlight class="normal"></highlight></codeline>
<codeline lineno="92"><highlight class="normal"><sp/><sp/><sp/><sp/><sp/><sp/><sp/><sp/><sp/><sp/><sp/><sp/><sp/><sp/><sp/><sp/><sp/><sp/><sp/><sp/><sp/><sp/><sp/><sp/>bw-&gt;<ref refid="da/d68/class_sekander_1_1_bullet_1ad44291d034b112d561ec65d9b57b3fe6" kindref="member">SetSpeed</ref>(-10000.0f<sp/>,<sp/>0);</highlight></codeline>
<codeline lineno="93"><highlight class="normal"><sp/><sp/><sp/><sp/><sp/><sp/><sp/><sp/><sp/><sp/><sp/><sp/><sp/><sp/><sp/><sp/><sp/><sp/><sp/><sp/><sp/><sp/><sp/><sp/></highlight><highlight class="comment">//sf::sleep(sf::milliseconds(250));</highlight><highlight class="normal"></highlight></codeline>
<codeline lineno="94"><highlight class="normal"><sp/><sp/><sp/><sp/><sp/><sp/><sp/><sp/><sp/><sp/><sp/><sp/><sp/><sp/><sp/><sp/><sp/><sp/><sp/><sp/><sp/><sp/><sp/><sp/></highlight><highlight class="comment">//this-&gt;m_trigger_Press<sp/>=<sp/>true;</highlight><highlight class="normal"></highlight></codeline>
<codeline lineno="95"><highlight class="normal"><sp/><sp/><sp/><sp/><sp/><sp/><sp/><sp/><sp/><sp/><sp/><sp/><sp/><sp/><sp/><sp/><sp/><sp/><sp/><sp/><sp/><sp/><sp/><sp/><ref refid="d1/d17/class_sekander_1_1_gun_1aabbbbdf814ee725561dd603f0d406c22" kindref="member">Set_Trigger</ref>(</highlight><highlight class="keyword">true</highlight><highlight class="normal">);</highlight></codeline>
<codeline lineno="96"><highlight class="normal"><sp/><sp/><sp/><sp/><sp/><sp/><sp/><sp/><sp/><sp/><sp/><sp/><sp/><sp/><sp/><sp/><sp/><sp/><sp/><sp/><sp/><sp/><sp/><sp/>this-&gt;delay<sp/>=<sp/>0;</highlight></codeline>
<codeline lineno="97"><highlight class="normal"></highlight></codeline>
<codeline lineno="98"><highlight class="normal"><sp/><sp/><sp/><sp/><sp/><sp/><sp/><sp/><sp/><sp/><sp/><sp/><sp/><sp/><sp/><sp/><sp/><sp/><sp/><sp/>}</highlight></codeline>
<codeline lineno="99"><highlight class="normal"></highlight></codeline>
<codeline lineno="100"><highlight class="normal"><sp/><sp/><sp/><sp/><sp/><sp/><sp/><sp/><sp/><sp/><sp/><sp/><sp/><sp/><sp/><sp/><sp/><sp/><sp/><sp/></highlight><highlight class="keywordflow">else</highlight><highlight class="normal"><sp/></highlight><highlight class="keywordflow">if</highlight><highlight class="normal">(this-&gt;m_gun_direction_upwards)</highlight></codeline>
<codeline lineno="101"><highlight class="normal"><sp/><sp/><sp/><sp/><sp/><sp/><sp/><sp/><sp/><sp/><sp/><sp/><sp/><sp/><sp/><sp/><sp/><sp/><sp/><sp/>{</highlight></codeline>
<codeline lineno="102"><highlight class="normal"><sp/><sp/><sp/><sp/><sp/><sp/><sp/><sp/><sp/><sp/><sp/><sp/><sp/><sp/><sp/><sp/><sp/><sp/><sp/><sp/><sp/><sp/><sp/><sp/>bw-&gt;<ref refid="da/d68/class_sekander_1_1_bullet_1a7b55b501f075c0e647e36d9027c5a6e0" kindref="member">SetOrigin</ref>(this-&gt;_data-&gt;manager.Get(this-&gt;m_key)-&gt;body-&gt;GetPosition().x,</highlight></codeline>
<codeline lineno="103"><highlight class="normal"><sp/><sp/><sp/><sp/><sp/><sp/><sp/><sp/><sp/><sp/><sp/><sp/><sp/><sp/><sp/><sp/><sp/><sp/><sp/><sp/><sp/><sp/><sp/><sp/><sp/><sp/><sp/><sp/><sp/><sp/><sp/><sp/><sp/><sp/><sp/><sp/><sp/>this-&gt;_data-&gt;manager.Get(this-&gt;m_key)-&gt;body-&gt;GetPosition().y<sp/>+<sp/>10);</highlight></codeline>
<codeline lineno="104"><highlight class="normal"><sp/><sp/><sp/><sp/><sp/><sp/><sp/><sp/><sp/><sp/><sp/><sp/><sp/><sp/><sp/><sp/><sp/><sp/><sp/><sp/><sp/><sp/><sp/><sp/>bw-&gt;<ref refid="da/d68/class_sekander_1_1_bullet_1ad44291d034b112d561ec65d9b57b3fe6" kindref="member">SetSpeed</ref>(0.0f,<sp/>1000.0f);</highlight></codeline>
<codeline lineno="105"><highlight class="normal"><sp/><sp/><sp/><sp/><sp/><sp/><sp/><sp/><sp/><sp/><sp/><sp/><sp/><sp/><sp/><sp/><sp/><sp/><sp/><sp/><sp/><sp/><sp/><sp/></highlight><highlight class="comment">//sf::sleep(sf::milliseconds(250));</highlight><highlight class="normal"></highlight></codeline>
<codeline lineno="106"><highlight class="normal"><sp/><sp/><sp/><sp/><sp/><sp/><sp/><sp/><sp/><sp/><sp/><sp/><sp/><sp/><sp/><sp/><sp/><sp/><sp/><sp/><sp/><sp/><sp/><sp/></highlight><highlight class="comment">//this-&gt;m_trigger_Press<sp/>=<sp/>true;</highlight><highlight class="normal"></highlight></codeline>
<codeline lineno="107"><highlight class="normal"><sp/><sp/><sp/><sp/><sp/><sp/><sp/><sp/><sp/><sp/><sp/><sp/><sp/><sp/><sp/><sp/><sp/><sp/><sp/><sp/><sp/><sp/><sp/><sp/><ref refid="d1/d17/class_sekander_1_1_gun_1aabbbbdf814ee725561dd603f0d406c22" kindref="member">Set_Trigger</ref>(</highlight><highlight class="keyword">true</highlight><highlight class="normal">);</highlight></codeline>
<codeline lineno="108"><highlight class="normal"><sp/><sp/><sp/><sp/><sp/><sp/><sp/><sp/><sp/><sp/><sp/><sp/><sp/><sp/><sp/><sp/><sp/><sp/><sp/><sp/><sp/><sp/><sp/><sp/>this-&gt;delay<sp/>=<sp/>0;</highlight></codeline>
<codeline lineno="109"><highlight class="normal"></highlight></codeline>
<codeline lineno="110"><highlight class="normal"><sp/><sp/><sp/><sp/><sp/><sp/><sp/><sp/><sp/><sp/><sp/><sp/><sp/><sp/><sp/><sp/><sp/><sp/><sp/><sp/>}</highlight></codeline>
<codeline lineno="111"><highlight class="normal"></highlight></codeline>
<codeline lineno="112"><highlight class="normal"><sp/><sp/><sp/><sp/><sp/><sp/><sp/><sp/><sp/><sp/><sp/><sp/><sp/><sp/><sp/><sp/><sp/><sp/><sp/><sp/></highlight><highlight class="keywordflow">else</highlight><highlight class="normal"><sp/></highlight><highlight class="keywordflow">if</highlight><highlight class="normal">(this-&gt;m_gun_direction_downwards)</highlight></codeline>
<codeline lineno="113"><highlight class="normal"><sp/><sp/><sp/><sp/><sp/><sp/><sp/><sp/><sp/><sp/><sp/><sp/><sp/><sp/><sp/><sp/><sp/><sp/><sp/><sp/>{</highlight></codeline>
<codeline lineno="114"><highlight class="normal"><sp/><sp/><sp/><sp/><sp/><sp/><sp/><sp/><sp/><sp/><sp/><sp/><sp/><sp/><sp/><sp/><sp/><sp/><sp/><sp/><sp/><sp/><sp/><sp/>bw-&gt;<ref refid="da/d68/class_sekander_1_1_bullet_1a7b55b501f075c0e647e36d9027c5a6e0" kindref="member">SetOrigin</ref>(this-&gt;_data-&gt;manager.Get(this-&gt;m_key)-&gt;body-&gt;GetPosition().x,</highlight></codeline>
<codeline lineno="115"><highlight class="normal"><sp/><sp/><sp/><sp/><sp/><sp/><sp/><sp/><sp/><sp/><sp/><sp/><sp/><sp/><sp/><sp/><sp/><sp/><sp/><sp/><sp/><sp/><sp/><sp/><sp/><sp/><sp/><sp/><sp/><sp/><sp/><sp/><sp/><sp/><sp/><sp/><sp/>this-&gt;_data-&gt;manager.Get(this-&gt;m_key)-&gt;body-&gt;GetPosition().y<sp/>-<sp/>10);</highlight></codeline>
<codeline lineno="116"><highlight class="normal"><sp/><sp/><sp/><sp/><sp/><sp/><sp/><sp/><sp/><sp/><sp/><sp/><sp/><sp/><sp/><sp/><sp/><sp/><sp/><sp/><sp/><sp/><sp/><sp/>bw-&gt;<ref refid="da/d68/class_sekander_1_1_bullet_1ad44291d034b112d561ec65d9b57b3fe6" kindref="member">SetSpeed</ref>(0.0f,<sp/>-1000.0f);</highlight></codeline>
<codeline lineno="117"><highlight class="normal"><sp/><sp/><sp/><sp/><sp/><sp/><sp/><sp/><sp/><sp/><sp/><sp/><sp/><sp/><sp/><sp/><sp/><sp/><sp/><sp/><sp/><sp/><sp/><sp/></highlight><highlight class="comment">//sf::sleep(sf::milliseconds(250));</highlight><highlight class="normal"></highlight></codeline>
<codeline lineno="118"><highlight class="normal"><sp/><sp/><sp/><sp/><sp/><sp/><sp/><sp/><sp/><sp/><sp/><sp/><sp/><sp/><sp/><sp/><sp/><sp/><sp/><sp/><sp/><sp/><sp/><sp/></highlight><highlight class="comment">//this-&gt;m_trigger_Press<sp/>=<sp/>true;</highlight><highlight class="normal"></highlight></codeline>
<codeline lineno="119"><highlight class="normal"><sp/><sp/><sp/><sp/><sp/><sp/><sp/><sp/><sp/><sp/><sp/><sp/><sp/><sp/><sp/><sp/><sp/><sp/><sp/><sp/><sp/><sp/><sp/><sp/><ref refid="d1/d17/class_sekander_1_1_gun_1aabbbbdf814ee725561dd603f0d406c22" kindref="member">Set_Trigger</ref>(</highlight><highlight class="keyword">true</highlight><highlight class="normal">);</highlight></codeline>
<codeline lineno="120"><highlight class="normal"><sp/><sp/><sp/><sp/><sp/><sp/><sp/><sp/><sp/><sp/><sp/><sp/><sp/><sp/><sp/><sp/><sp/><sp/><sp/><sp/><sp/><sp/><sp/><sp/>this-&gt;delay<sp/>=<sp/>0;</highlight></codeline>
<codeline lineno="121"><highlight class="normal"></highlight></codeline>
<codeline lineno="122"><highlight class="normal"><sp/><sp/><sp/><sp/><sp/><sp/><sp/><sp/><sp/><sp/><sp/><sp/><sp/><sp/><sp/><sp/><sp/><sp/><sp/><sp/>}</highlight></codeline>
<codeline lineno="123"><highlight class="normal"></highlight></codeline>
<codeline lineno="124"><highlight class="normal"><sp/><sp/><sp/><sp/><sp/><sp/><sp/><sp/><sp/><sp/><sp/><sp/><sp/><sp/><sp/><sp/><sp/><sp/><sp/><sp/></highlight><highlight class="keywordflow">else</highlight><highlight class="normal"><sp/></highlight><highlight class="keywordflow">if</highlight><highlight class="normal">(this-&gt;m_gun_direction_upwards<sp/>&amp;&amp;<sp/>this-&gt;m_gun_direction_rightwards)</highlight></codeline>
<codeline lineno="125"><highlight class="normal"><sp/><sp/><sp/><sp/><sp/><sp/><sp/><sp/><sp/><sp/><sp/><sp/><sp/><sp/><sp/><sp/><sp/><sp/><sp/><sp/>{</highlight></codeline>
<codeline lineno="126"><highlight class="normal"><sp/><sp/><sp/><sp/><sp/><sp/><sp/><sp/><sp/><sp/><sp/><sp/><sp/><sp/><sp/><sp/><sp/><sp/><sp/><sp/><sp/><sp/><sp/><sp/>bw-&gt;<ref refid="da/d68/class_sekander_1_1_bullet_1a7b55b501f075c0e647e36d9027c5a6e0" kindref="member">SetOrigin</ref>(this-&gt;_data-&gt;manager.Get(this-&gt;m_key)-&gt;body-&gt;GetPosition().x<sp/>+<sp/>10,</highlight></codeline>
<codeline lineno="127"><highlight class="normal"><sp/><sp/><sp/><sp/><sp/><sp/><sp/><sp/><sp/><sp/><sp/><sp/><sp/><sp/><sp/><sp/><sp/><sp/><sp/><sp/><sp/><sp/><sp/><sp/>this-&gt;_data-&gt;manager.Get(this-&gt;m_key)-&gt;body-&gt;GetPosition().y<sp/>+<sp/>10);</highlight></codeline>
<codeline lineno="128"><highlight class="normal"><sp/><sp/><sp/><sp/><sp/><sp/><sp/><sp/><sp/><sp/><sp/><sp/><sp/><sp/><sp/><sp/><sp/><sp/><sp/><sp/><sp/><sp/><sp/><sp/>bw-&gt;<ref refid="da/d68/class_sekander_1_1_bullet_1ad44291d034b112d561ec65d9b57b3fe6" kindref="member">SetSpeed</ref>(1000.0f,<sp/>1000.0f);</highlight></codeline>
<codeline lineno="129"><highlight class="normal"><sp/><sp/><sp/><sp/><sp/><sp/><sp/><sp/><sp/><sp/><sp/><sp/><sp/><sp/><sp/><sp/><sp/><sp/><sp/><sp/><sp/><sp/><sp/><sp/></highlight><highlight class="comment">//sf::sleep(sf::milliseconds(250));</highlight><highlight class="normal"></highlight></codeline>
<codeline lineno="130"><highlight class="normal"><sp/><sp/><sp/><sp/><sp/><sp/><sp/><sp/><sp/><sp/><sp/><sp/><sp/><sp/><sp/><sp/><sp/><sp/><sp/><sp/><sp/><sp/><sp/><sp/></highlight><highlight class="comment">//this-&gt;m_trigger_Press<sp/>=<sp/>true;</highlight><highlight class="normal"></highlight></codeline>
<codeline lineno="131"><highlight class="normal"><sp/><sp/><sp/><sp/><sp/><sp/><sp/><sp/><sp/><sp/><sp/><sp/><sp/><sp/><sp/><sp/><sp/><sp/><sp/><sp/><sp/><sp/><sp/><sp/><ref refid="d1/d17/class_sekander_1_1_gun_1aabbbbdf814ee725561dd603f0d406c22" kindref="member">Set_Trigger</ref>(</highlight><highlight class="keyword">true</highlight><highlight class="normal">);</highlight></codeline>
<codeline lineno="132"><highlight class="normal"><sp/><sp/><sp/><sp/><sp/><sp/><sp/><sp/><sp/><sp/><sp/><sp/><sp/><sp/><sp/><sp/><sp/><sp/><sp/><sp/>}</highlight></codeline>
<codeline lineno="133"><highlight class="normal"></highlight></codeline>
<codeline lineno="134"><highlight class="normal"><sp/><sp/><sp/><sp/><sp/><sp/><sp/><sp/><sp/><sp/><sp/><sp/><sp/><sp/><sp/><sp/><sp/><sp/><sp/><sp/></highlight><highlight class="keywordflow">else</highlight><highlight class="normal"><sp/></highlight><highlight class="keywordflow">if</highlight><highlight class="normal">(this-&gt;m_gun_direction_upwards<sp/>&amp;&amp;<sp/>this-&gt;m_gun_direction_backwards)</highlight></codeline>
<codeline lineno="135"><highlight class="normal"><sp/><sp/><sp/><sp/><sp/><sp/><sp/><sp/><sp/><sp/><sp/><sp/><sp/><sp/><sp/><sp/><sp/><sp/><sp/><sp/>{</highlight></codeline>
<codeline lineno="136"><highlight class="normal"><sp/><sp/><sp/><sp/><sp/><sp/><sp/><sp/><sp/><sp/><sp/><sp/><sp/><sp/><sp/><sp/><sp/><sp/><sp/><sp/><sp/><sp/><sp/><sp/>bw-&gt;<ref refid="da/d68/class_sekander_1_1_bullet_1a7b55b501f075c0e647e36d9027c5a6e0" kindref="member">SetOrigin</ref>(this-&gt;_data-&gt;manager.Get(this-&gt;m_key)-&gt;body-&gt;GetPosition().x<sp/>-<sp/>10,</highlight></codeline>
<codeline lineno="137"><highlight class="normal"><sp/><sp/><sp/><sp/><sp/><sp/><sp/><sp/><sp/><sp/><sp/><sp/><sp/><sp/><sp/><sp/><sp/><sp/><sp/><sp/><sp/><sp/><sp/><sp/>this-&gt;_data-&gt;manager.Get(this-&gt;m_key)-&gt;body-&gt;GetPosition().y<sp/>+<sp/>10);</highlight></codeline>
<codeline lineno="138"><highlight class="normal"><sp/><sp/><sp/><sp/><sp/><sp/><sp/><sp/><sp/><sp/><sp/><sp/><sp/><sp/><sp/><sp/><sp/><sp/><sp/><sp/><sp/><sp/><sp/><sp/>bw-&gt;<ref refid="da/d68/class_sekander_1_1_bullet_1ad44291d034b112d561ec65d9b57b3fe6" kindref="member">SetSpeed</ref>(-1000.0f,<sp/>1000.0f);</highlight></codeline>
<codeline lineno="139"><highlight class="normal"><sp/><sp/><sp/><sp/><sp/><sp/><sp/><sp/><sp/><sp/><sp/><sp/><sp/><sp/><sp/><sp/><sp/><sp/><sp/><sp/><sp/><sp/><sp/><sp/></highlight><highlight class="comment">//sf::sleep(sf::milliseconds(250));</highlight><highlight class="normal"></highlight></codeline>
<codeline lineno="140"><highlight class="normal"><sp/><sp/><sp/><sp/><sp/><sp/><sp/><sp/><sp/><sp/><sp/><sp/><sp/><sp/><sp/><sp/><sp/><sp/><sp/><sp/><sp/><sp/><sp/><sp/></highlight><highlight class="comment">//this-&gt;m_trigger_Press<sp/>=<sp/>true;</highlight><highlight class="normal"></highlight></codeline>
<codeline lineno="141"><highlight class="normal"><sp/><sp/><sp/><sp/><sp/><sp/><sp/><sp/><sp/><sp/><sp/><sp/><sp/><sp/><sp/><sp/><sp/><sp/><sp/><sp/><sp/><sp/><sp/><sp/><ref refid="d1/d17/class_sekander_1_1_gun_1aabbbbdf814ee725561dd603f0d406c22" kindref="member">Set_Trigger</ref>(</highlight><highlight class="keyword">true</highlight><highlight class="normal">);</highlight></codeline>
<codeline lineno="142"><highlight class="normal"><sp/><sp/><sp/><sp/><sp/><sp/><sp/><sp/><sp/><sp/><sp/><sp/><sp/><sp/><sp/><sp/><sp/><sp/><sp/><sp/><sp/><sp/><sp/><sp/>this-&gt;delay<sp/>=<sp/>0;</highlight></codeline>
<codeline lineno="143"><highlight class="normal"></highlight></codeline>
<codeline lineno="144"><highlight class="normal"><sp/><sp/><sp/><sp/><sp/><sp/><sp/><sp/><sp/><sp/><sp/><sp/><sp/><sp/><sp/><sp/><sp/><sp/><sp/><sp/>}</highlight></codeline>
<codeline lineno="145"><highlight class="normal"></highlight></codeline>
<codeline lineno="146"><highlight class="normal"><sp/><sp/><sp/><sp/><sp/><sp/><sp/><sp/><sp/><sp/><sp/><sp/><sp/><sp/><sp/><sp/><sp/><sp/><sp/><sp/></highlight><highlight class="keywordflow">else</highlight><highlight class="normal"><sp/></highlight><highlight class="keywordflow">if</highlight><highlight class="normal">(this-&gt;m_gun_direction_downwards<sp/>&amp;&amp;<sp/>this-&gt;m_gun_direction_rightwards)</highlight></codeline>
<codeline lineno="147"><highlight class="normal"><sp/><sp/><sp/><sp/><sp/><sp/><sp/><sp/><sp/><sp/><sp/><sp/><sp/><sp/><sp/><sp/><sp/><sp/><sp/><sp/>{</highlight></codeline>
<codeline lineno="148"><highlight class="normal"><sp/><sp/><sp/><sp/><sp/><sp/><sp/><sp/><sp/><sp/><sp/><sp/><sp/><sp/><sp/><sp/><sp/><sp/><sp/><sp/><sp/><sp/><sp/><sp/>bw-&gt;<ref refid="da/d68/class_sekander_1_1_bullet_1a7b55b501f075c0e647e36d9027c5a6e0" kindref="member">SetOrigin</ref>(this-&gt;_data-&gt;manager.Get(this-&gt;m_key)-&gt;body-&gt;GetPosition().x<sp/>+<sp/>10,</highlight></codeline>
<codeline lineno="149"><highlight class="normal"><sp/><sp/><sp/><sp/><sp/><sp/><sp/><sp/><sp/><sp/><sp/><sp/><sp/><sp/><sp/><sp/><sp/><sp/><sp/><sp/><sp/><sp/><sp/><sp/>this-&gt;_data-&gt;manager.Get(this-&gt;m_key)-&gt;body-&gt;GetPosition().y<sp/>-<sp/>10);</highlight></codeline>
<codeline lineno="150"><highlight class="normal"><sp/><sp/><sp/><sp/><sp/><sp/><sp/><sp/><sp/><sp/><sp/><sp/><sp/><sp/><sp/><sp/><sp/><sp/><sp/><sp/><sp/><sp/><sp/><sp/>bw-&gt;<ref refid="da/d68/class_sekander_1_1_bullet_1ad44291d034b112d561ec65d9b57b3fe6" kindref="member">SetSpeed</ref>(500.0f,<sp/>-1000.0f);</highlight></codeline>
<codeline lineno="151"><highlight class="normal"><sp/><sp/><sp/><sp/><sp/><sp/><sp/><sp/><sp/><sp/><sp/><sp/><sp/><sp/><sp/><sp/><sp/><sp/><sp/><sp/><sp/><sp/><sp/><sp/></highlight><highlight class="comment">//sf::sleep(sf::milliseconds(250));</highlight><highlight class="normal"></highlight></codeline>
<codeline lineno="152"><highlight class="normal"><sp/><sp/><sp/><sp/><sp/><sp/><sp/><sp/><sp/><sp/><sp/><sp/><sp/><sp/><sp/><sp/><sp/><sp/><sp/><sp/><sp/><sp/><sp/><sp/></highlight><highlight class="comment">//this-&gt;m_trigger_Press<sp/>=<sp/>true;</highlight><highlight class="normal"></highlight></codeline>
<codeline lineno="153"><highlight class="normal"><sp/><sp/><sp/><sp/><sp/><sp/><sp/><sp/><sp/><sp/><sp/><sp/><sp/><sp/><sp/><sp/><sp/><sp/><sp/><sp/><sp/><sp/><sp/><sp/><ref refid="d1/d17/class_sekander_1_1_gun_1aabbbbdf814ee725561dd603f0d406c22" kindref="member">Set_Trigger</ref>(</highlight><highlight class="keyword">true</highlight><highlight class="normal">);</highlight></codeline>
<codeline lineno="154"><highlight class="normal"><sp/><sp/><sp/><sp/><sp/><sp/><sp/><sp/><sp/><sp/><sp/><sp/><sp/><sp/><sp/><sp/><sp/><sp/><sp/><sp/><sp/><sp/><sp/><sp/>this-&gt;delay<sp/>=<sp/>0;</highlight></codeline>
<codeline lineno="155"><highlight class="normal"></highlight></codeline>
<codeline lineno="156"><highlight class="normal"><sp/><sp/><sp/><sp/><sp/><sp/><sp/><sp/><sp/><sp/><sp/><sp/><sp/><sp/><sp/><sp/><sp/><sp/><sp/><sp/>}</highlight></codeline>
<codeline lineno="157"><highlight class="normal"></highlight></codeline>
<codeline lineno="158"><highlight class="normal"><sp/><sp/><sp/><sp/><sp/><sp/><sp/><sp/><sp/><sp/><sp/><sp/><sp/><sp/><sp/><sp/><sp/><sp/><sp/><sp/></highlight><highlight class="keywordflow">else</highlight><highlight class="normal"><sp/></highlight><highlight class="keywordflow">if</highlight><highlight class="normal">(this-&gt;m_gun_direction_downwards<sp/>&amp;&amp;<sp/>this-&gt;m_gun_direction_backwards)</highlight></codeline>
<codeline lineno="159"><highlight class="normal"><sp/><sp/><sp/><sp/><sp/><sp/><sp/><sp/><sp/><sp/><sp/><sp/><sp/><sp/><sp/><sp/><sp/><sp/><sp/><sp/>{</highlight></codeline>
<codeline lineno="160"><highlight class="normal"><sp/><sp/><sp/><sp/><sp/><sp/><sp/><sp/><sp/><sp/><sp/><sp/><sp/><sp/><sp/><sp/><sp/><sp/><sp/><sp/><sp/><sp/><sp/><sp/>bw-&gt;<ref refid="da/d68/class_sekander_1_1_bullet_1a7b55b501f075c0e647e36d9027c5a6e0" kindref="member">SetOrigin</ref>(this-&gt;_data-&gt;manager.Get(this-&gt;m_key)-&gt;body-&gt;GetPosition().x<sp/>-<sp/>10,</highlight></codeline>
<codeline lineno="161"><highlight class="normal"><sp/><sp/><sp/><sp/><sp/><sp/><sp/><sp/><sp/><sp/><sp/><sp/><sp/><sp/><sp/><sp/><sp/><sp/><sp/><sp/><sp/><sp/><sp/><sp/>this-&gt;_data-&gt;manager.Get(this-&gt;m_key)-&gt;body-&gt;GetPosition().y<sp/>-<sp/>10);</highlight></codeline>
<codeline lineno="162"><highlight class="normal"><sp/><sp/><sp/><sp/><sp/><sp/><sp/><sp/><sp/><sp/><sp/><sp/><sp/><sp/><sp/><sp/><sp/><sp/><sp/><sp/><sp/><sp/><sp/><sp/>bw-&gt;<ref refid="da/d68/class_sekander_1_1_bullet_1ad44291d034b112d561ec65d9b57b3fe6" kindref="member">SetSpeed</ref>(-500.0f,<sp/>-1000.0f);</highlight></codeline>
<codeline lineno="163"><highlight class="normal"><sp/><sp/><sp/><sp/><sp/><sp/><sp/><sp/><sp/><sp/><sp/><sp/><sp/><sp/><sp/><sp/><sp/><sp/><sp/><sp/><sp/><sp/><sp/><sp/></highlight><highlight class="comment">//sf::sleep(sf::milliseconds(250));</highlight><highlight class="normal"></highlight></codeline>
<codeline lineno="164"><highlight class="normal"><sp/><sp/><sp/><sp/><sp/><sp/><sp/><sp/><sp/><sp/><sp/><sp/><sp/><sp/><sp/><sp/><sp/><sp/><sp/><sp/><sp/><sp/><sp/><sp/></highlight><highlight class="comment">//this-&gt;m_trigger_Press<sp/>=<sp/>true;</highlight><highlight class="normal"></highlight></codeline>
<codeline lineno="165"><highlight class="normal"><sp/><sp/><sp/><sp/><sp/><sp/><sp/><sp/><sp/><sp/><sp/><sp/><sp/><sp/><sp/><sp/><sp/><sp/><sp/><sp/><sp/><sp/><sp/><sp/><ref refid="d1/d17/class_sekander_1_1_gun_1aabbbbdf814ee725561dd603f0d406c22" kindref="member">Set_Trigger</ref>(</highlight><highlight class="keyword">true</highlight><highlight class="normal">);</highlight></codeline>
<codeline lineno="166"><highlight class="normal"><sp/><sp/><sp/><sp/><sp/><sp/><sp/><sp/><sp/><sp/><sp/><sp/><sp/><sp/><sp/><sp/><sp/><sp/><sp/><sp/><sp/><sp/><sp/><sp/>this-&gt;delay<sp/>=<sp/>0;</highlight></codeline>
<codeline lineno="167"><highlight class="normal"></highlight></codeline>
<codeline lineno="168"><highlight class="normal"><sp/><sp/><sp/><sp/><sp/><sp/><sp/><sp/><sp/><sp/><sp/><sp/><sp/><sp/><sp/><sp/><sp/><sp/><sp/><sp/>}</highlight></codeline>
<codeline lineno="169"><highlight class="normal"></highlight></codeline>
<codeline lineno="170"><highlight class="normal"><sp/><sp/><sp/><sp/><sp/><sp/><sp/><sp/><sp/><sp/><sp/><sp/><sp/><sp/><sp/><sp/>}</highlight></codeline>
<codeline lineno="171"><highlight class="normal"><sp/><sp/><sp/><sp/><sp/><sp/><sp/><sp/><sp/><sp/><sp/><sp/></highlight><highlight class="comment">//}</highlight><highlight class="normal"></highlight></codeline>
<codeline lineno="172"><highlight class="normal"></highlight></codeline>
<codeline lineno="173"><highlight class="normal"></highlight></codeline>
<codeline lineno="174"><highlight class="normal"><sp/><sp/><sp/><sp/><sp/><sp/><sp/><sp/></highlight><highlight class="comment">//}</highlight><highlight class="normal"></highlight></codeline>
<codeline lineno="175"><highlight class="normal"></highlight></codeline>
<codeline lineno="176"><highlight class="normal"></highlight></codeline>
<codeline lineno="177"><highlight class="normal"></highlight></codeline>
<codeline lineno="178"><highlight class="normal"></highlight></codeline>
<codeline lineno="179"><highlight class="normal"></highlight></codeline>
<codeline lineno="180"><highlight class="normal"><sp/><sp/><sp/><sp/>}</highlight></codeline>
<codeline lineno="181"><highlight class="normal"></highlight></codeline>
<codeline lineno="182" refid="d1/d17/class_sekander_1_1_gun_1a82e57bc14df7f3a92721c79a761435f6" refkind="member"><highlight class="normal"><sp/><sp/><sp/><sp/></highlight><highlight class="keywordtype">void</highlight><highlight class="normal"><sp/><ref refid="d1/d17/class_sekander_1_1_gun_1a748d795cb18ae0fe6ecc6cb4f5841273" kindref="member">Gun::Shoot_Gun</ref>(<ref refid="da/d68/class_sekander_1_1_bullet" kindref="compound">Bullet</ref>*<sp/>bw,</highlight><highlight class="keywordtype">bool</highlight><highlight class="normal"><sp/>right_direction,<sp/></highlight><highlight class="keywordtype">bool</highlight><highlight class="normal"><sp/>left_direction,<sp/></highlight><highlight class="keywordtype">bool</highlight><highlight class="normal"><sp/>up_direction,<sp/></highlight><highlight class="keywordtype">bool</highlight><highlight class="normal"><sp/>down_direction,<sp/></highlight><highlight class="keywordtype">float</highlight><highlight class="normal"><sp/>x,<sp/></highlight><highlight class="keywordtype">float</highlight><highlight class="normal"><sp/>y)</highlight></codeline>
<codeline lineno="183"><highlight class="normal"></highlight><highlight class="comment">//<sp/><sp/><sp/><sp/>void<sp/>Gun::Shoot_Gun(bool<sp/>direction)</highlight><highlight class="normal"></highlight></codeline>
<codeline lineno="184"><highlight class="normal"><sp/><sp/><sp/><sp/>{</highlight></codeline>
<codeline lineno="185"><highlight class="normal"><sp/><sp/><sp/><sp/><sp/><sp/><sp/><sp/></highlight><highlight class="comment">//for(auto&amp;<sp/>bw<sp/>:<sp/>_ammo)</highlight><highlight class="normal"></highlight></codeline>
<codeline lineno="186"><highlight class="normal"><sp/><sp/><sp/><sp/><sp/><sp/><sp/><sp/></highlight><highlight class="comment">//{</highlight><highlight class="normal"></highlight></codeline>
<codeline lineno="187"><highlight class="normal"></highlight></codeline>
<codeline lineno="188"><highlight class="normal"><sp/><sp/><sp/><sp/><sp/><sp/><sp/><sp/><sp/><sp/><sp/><sp/>this-&gt;m_gun_direction_rightwards<sp/>=<sp/>right_direction;</highlight></codeline>
<codeline lineno="189"><highlight class="normal"><sp/><sp/><sp/><sp/><sp/><sp/><sp/><sp/><sp/><sp/><sp/><sp/>this-&gt;m_gun_direction_backwards<sp/>=<sp/>left_direction;</highlight></codeline>
<codeline lineno="190"><highlight class="normal"><sp/><sp/><sp/><sp/><sp/><sp/><sp/><sp/><sp/><sp/><sp/><sp/>this-&gt;m_gun_direction_upwards<sp/>=<sp/>up_direction;</highlight></codeline>
<codeline lineno="191"><highlight class="normal"><sp/><sp/><sp/><sp/><sp/><sp/><sp/><sp/><sp/><sp/><sp/><sp/>this-&gt;m_gun_direction_downwards<sp/>=<sp/>down_direction;</highlight></codeline>
<codeline lineno="192"><highlight class="normal"></highlight></codeline>
<codeline lineno="193"><highlight class="normal"></highlight></codeline>
<codeline lineno="194"><highlight class="normal"><sp/><sp/><sp/><sp/><sp/><sp/><sp/><sp/><sp/><sp/><sp/><sp/>this-&gt;delay++;</highlight></codeline>
<codeline lineno="195"><highlight class="normal"><sp/><sp/><sp/><sp/><sp/><sp/><sp/><sp/><sp/><sp/><sp/><sp/></highlight><highlight class="keywordtype">bool</highlight><highlight class="normal"><sp/>neutral_shot<sp/>=<sp/></highlight><highlight class="keyword">true</highlight><highlight class="normal">;</highlight></codeline>
<codeline lineno="196"><highlight class="normal"><sp/><sp/><sp/><sp/><sp/><sp/><sp/><sp/><sp/><sp/><sp/><sp/></highlight><highlight class="keywordtype">bool</highlight><highlight class="normal"><sp/>pull_trigger<sp/>=<sp/></highlight><highlight class="keyword">false</highlight><highlight class="normal">;</highlight></codeline>
<codeline lineno="197"><highlight class="normal"></highlight></codeline>
<codeline lineno="198"><highlight class="normal"></highlight></codeline>
<codeline lineno="199"><highlight class="normal"></highlight></codeline>
<codeline lineno="200"><highlight class="normal"><sp/><sp/><sp/><sp/><sp/><sp/><sp/><sp/><sp/><sp/><sp/><sp/></highlight><highlight class="comment">//std::cout<sp/>&lt;&lt;<sp/>&quot;Bullet<sp/>::<sp/>&quot;<sp/>&lt;&lt;<sp/>bw-&gt;Get_Name()<sp/>&lt;&lt;<sp/>std::endl;</highlight><highlight class="normal"></highlight></codeline>
<codeline lineno="201"><highlight class="normal"><sp/><sp/><sp/><sp/><sp/><sp/><sp/><sp/><sp/><sp/><sp/><sp/></highlight><highlight class="comment">//std::cout<sp/>&lt;&lt;<sp/>&quot;Delay<sp/>::<sp/>&quot;<sp/>&lt;&lt;<sp/>this-&gt;delay<sp/>&lt;&lt;<sp/>std::endl;</highlight><highlight class="normal"></highlight></codeline>
<codeline lineno="202"><highlight class="normal"></highlight></codeline>
<codeline lineno="203"><highlight class="normal"></highlight></codeline>
<codeline lineno="204"><highlight class="normal"></highlight></codeline>
<codeline lineno="205"><highlight class="normal"><sp/><sp/><sp/><sp/><sp/><sp/><sp/><sp/><sp/><sp/><sp/><sp/><sp/><sp/><sp/><sp/></highlight><highlight class="comment">//if(!pull_trigger<sp/>&amp;&amp;<sp/>neutral_shot<sp/>||<sp/>this-&gt;delay<sp/>&gt;=<sp/>500)</highlight><highlight class="normal"></highlight></codeline>
<codeline lineno="206"><highlight class="normal"><sp/><sp/><sp/><sp/><sp/><sp/><sp/><sp/><sp/><sp/><sp/><sp/><sp/><sp/><sp/><sp/></highlight><highlight class="keywordflow">if</highlight><highlight class="normal">(this-&gt;delay<sp/>&gt;=<sp/>1600)</highlight></codeline>
<codeline lineno="207"><highlight class="normal"><sp/><sp/><sp/><sp/><sp/><sp/><sp/><sp/><sp/><sp/><sp/><sp/><sp/><sp/><sp/><sp/>{</highlight></codeline>
<codeline lineno="208"><highlight class="normal"><sp/><sp/><sp/><sp/><sp/><sp/><sp/><sp/><sp/><sp/><sp/><sp/><sp/><sp/><sp/><sp/><sp/><sp/><sp/><sp/></highlight><highlight class="keywordflow">if</highlight><highlight class="normal">(this-&gt;m_gun_direction_rightwards)</highlight></codeline>
<codeline lineno="209"><highlight class="normal"><sp/><sp/><sp/><sp/><sp/><sp/><sp/><sp/><sp/><sp/><sp/><sp/><sp/><sp/><sp/><sp/><sp/><sp/><sp/><sp/>{</highlight></codeline>
<codeline lineno="210"><highlight class="normal"><sp/><sp/><sp/><sp/><sp/><sp/><sp/><sp/><sp/><sp/><sp/><sp/><sp/><sp/><sp/><sp/><sp/><sp/><sp/><sp/><sp/><sp/><sp/><sp/>bw-&gt;<ref refid="da/d68/class_sekander_1_1_bullet_1a7b55b501f075c0e647e36d9027c5a6e0" kindref="member">SetOrigin</ref>(this-&gt;_data-&gt;manager.Get(this-&gt;m_key)-&gt;body-&gt;GetPosition().x<sp/>+<sp/>10,</highlight></codeline>
<codeline lineno="211"><highlight class="normal"><sp/><sp/><sp/><sp/><sp/><sp/><sp/><sp/><sp/><sp/><sp/><sp/><sp/><sp/><sp/><sp/><sp/><sp/><sp/><sp/><sp/><sp/><sp/><sp/><sp/><sp/><sp/><sp/><sp/><sp/><sp/><sp/><sp/><sp/><sp/><sp/><sp/>this-&gt;_data-&gt;manager.Get(this-&gt;m_key)-&gt;body-&gt;GetPosition().y);</highlight></codeline>
<codeline lineno="212"><highlight class="normal"><sp/><sp/><sp/><sp/><sp/><sp/><sp/><sp/><sp/><sp/><sp/><sp/><sp/><sp/><sp/><sp/><sp/><sp/><sp/><sp/><sp/><sp/><sp/><sp/></highlight></codeline>
<codeline lineno="213"><highlight class="normal"><sp/><sp/><sp/><sp/><sp/><sp/><sp/><sp/><sp/><sp/><sp/><sp/><sp/><sp/><sp/><sp/><sp/><sp/><sp/><sp/><sp/><sp/><sp/><sp/></highlight></codeline>
<codeline lineno="214"><highlight class="normal"><sp/><sp/><sp/><sp/><sp/><sp/><sp/><sp/><sp/><sp/><sp/><sp/><sp/><sp/><sp/><sp/><sp/><sp/><sp/><sp/><sp/><sp/><sp/><sp/></highlight></codeline>
<codeline lineno="215"><highlight class="normal"><sp/><sp/><sp/><sp/><sp/><sp/><sp/><sp/><sp/><sp/><sp/><sp/><sp/><sp/><sp/><sp/><sp/><sp/><sp/><sp/><sp/><sp/><sp/><sp/></highlight><highlight class="comment">//bw-&gt;SetSpeed(10000.0f<sp/>+<sp/>this-&gt;_data-&gt;manager.Get(&quot;gun&quot;)-&gt;body-&gt;GetLinearVelocity().x,<sp/>0);</highlight><highlight class="normal"></highlight></codeline>
<codeline lineno="216"><highlight class="normal"><sp/><sp/><sp/><sp/><sp/><sp/><sp/><sp/><sp/><sp/><sp/><sp/><sp/><sp/><sp/><sp/><sp/><sp/><sp/><sp/><sp/><sp/><sp/><sp/>bw-&gt;<ref refid="da/d68/class_sekander_1_1_bullet_1ad44291d034b112d561ec65d9b57b3fe6" kindref="member">SetSpeed</ref>(x<sp/>,<sp/>y);</highlight></codeline>
<codeline lineno="217"><highlight class="normal"><sp/><sp/><sp/><sp/><sp/><sp/><sp/><sp/><sp/><sp/><sp/><sp/><sp/><sp/><sp/><sp/><sp/><sp/><sp/><sp/><sp/><sp/><sp/><sp/>neutral_shot<sp/>=<sp/></highlight><highlight class="keyword">false</highlight><highlight class="normal">;</highlight></codeline>
<codeline lineno="218"><highlight class="normal"><sp/><sp/><sp/><sp/><sp/><sp/><sp/><sp/><sp/><sp/><sp/><sp/><sp/><sp/><sp/><sp/><sp/><sp/><sp/><sp/><sp/><sp/><sp/><sp/>pull_trigger<sp/>=<sp/></highlight><highlight class="keyword">true</highlight><highlight class="normal">;</highlight></codeline>
<codeline lineno="219"><highlight class="normal"><sp/><sp/><sp/><sp/><sp/><sp/><sp/><sp/><sp/><sp/><sp/><sp/><sp/><sp/><sp/><sp/><sp/><sp/><sp/><sp/><sp/><sp/><sp/><sp/></highlight><highlight class="comment">//sf::sleep(sf::milliseconds(250));</highlight><highlight class="normal"></highlight></codeline>
<codeline lineno="220"><highlight class="normal"><sp/><sp/><sp/><sp/><sp/><sp/><sp/><sp/><sp/><sp/><sp/><sp/><sp/><sp/><sp/><sp/><sp/><sp/><sp/><sp/><sp/><sp/><sp/><sp/></highlight><highlight class="comment">//this-&gt;m_trigger_Press<sp/>=<sp/>true;</highlight><highlight class="normal"></highlight></codeline>
<codeline lineno="221"><highlight class="normal"><sp/><sp/><sp/><sp/><sp/><sp/><sp/><sp/><sp/><sp/><sp/><sp/><sp/><sp/><sp/><sp/><sp/><sp/><sp/><sp/><sp/><sp/><sp/><sp/><ref refid="d1/d17/class_sekander_1_1_gun_1aabbbbdf814ee725561dd603f0d406c22" kindref="member">Set_Trigger</ref>(</highlight><highlight class="keyword">true</highlight><highlight class="normal">);</highlight></codeline>
<codeline lineno="222"><highlight class="normal"><sp/><sp/><sp/><sp/><sp/><sp/><sp/><sp/><sp/><sp/><sp/><sp/><sp/><sp/><sp/><sp/><sp/><sp/><sp/><sp/><sp/><sp/><sp/><sp/>this-&gt;delay<sp/>=<sp/>0;</highlight></codeline>
<codeline lineno="223"><highlight class="normal"><sp/><sp/><sp/><sp/><sp/><sp/><sp/><sp/><sp/><sp/><sp/><sp/><sp/><sp/><sp/><sp/><sp/><sp/><sp/><sp/><sp/><sp/><sp/><sp/></highlight><highlight class="comment">//bw-&gt;IsBulletAlive();</highlight><highlight class="normal"></highlight></codeline>
<codeline lineno="224"><highlight class="normal"></highlight></codeline>
<codeline lineno="225"><highlight class="normal"></highlight></codeline>
<codeline lineno="226"><highlight class="normal"><sp/><sp/><sp/><sp/><sp/><sp/><sp/><sp/><sp/><sp/><sp/><sp/><sp/><sp/><sp/><sp/><sp/><sp/><sp/><sp/>}</highlight></codeline>
<codeline lineno="227"><highlight class="normal"></highlight></codeline>
<codeline lineno="228"><highlight class="normal"><sp/><sp/><sp/><sp/><sp/><sp/><sp/><sp/><sp/><sp/><sp/><sp/><sp/><sp/><sp/><sp/><sp/><sp/><sp/><sp/></highlight><highlight class="keywordflow">else</highlight><highlight class="normal"><sp/></highlight><highlight class="keywordflow">if</highlight><highlight class="normal">(this-&gt;m_gun_direction_backwards)</highlight></codeline>
<codeline lineno="229"><highlight class="normal"><sp/><sp/><sp/><sp/><sp/><sp/><sp/><sp/><sp/><sp/><sp/><sp/><sp/><sp/><sp/><sp/><sp/><sp/><sp/><sp/>{</highlight></codeline>
<codeline lineno="230"><highlight class="normal"><sp/><sp/><sp/><sp/><sp/><sp/><sp/><sp/><sp/><sp/><sp/><sp/><sp/><sp/><sp/><sp/><sp/><sp/><sp/><sp/><sp/><sp/><sp/><sp/>bw-&gt;<ref refid="da/d68/class_sekander_1_1_bullet_1a7b55b501f075c0e647e36d9027c5a6e0" kindref="member">SetOrigin</ref>(this-&gt;_data-&gt;manager.Get(this-&gt;m_key)-&gt;body-&gt;GetPosition().x<sp/>-<sp/>10,</highlight></codeline>
<codeline lineno="231"><highlight class="normal"><sp/><sp/><sp/><sp/><sp/><sp/><sp/><sp/><sp/><sp/><sp/><sp/><sp/><sp/><sp/><sp/><sp/><sp/><sp/><sp/><sp/><sp/><sp/><sp/><sp/><sp/><sp/><sp/><sp/><sp/><sp/><sp/><sp/><sp/><sp/><sp/><sp/>this-&gt;_data-&gt;manager.Get(this-&gt;m_key)-&gt;body-&gt;GetPosition().y);</highlight></codeline>
<codeline lineno="232"><highlight class="normal"><sp/><sp/><sp/><sp/><sp/><sp/><sp/><sp/><sp/><sp/><sp/><sp/><sp/><sp/><sp/><sp/><sp/><sp/><sp/><sp/><sp/><sp/><sp/><sp/></highlight><highlight class="comment">//bw-&gt;SetSpeed(-10000.0f<sp/>-<sp/>this-&gt;_data-&gt;manager.Get(&quot;gun&quot;)-&gt;body-&gt;GetLinearVelocity().x,<sp/>0);</highlight><highlight class="normal"></highlight></codeline>
<codeline lineno="233"><highlight class="normal"><sp/><sp/><sp/><sp/><sp/><sp/><sp/><sp/><sp/><sp/><sp/><sp/><sp/><sp/><sp/><sp/><sp/><sp/><sp/><sp/><sp/><sp/><sp/><sp/>bw-&gt;<ref refid="da/d68/class_sekander_1_1_bullet_1ad44291d034b112d561ec65d9b57b3fe6" kindref="member">SetSpeed</ref>(-x,<sp/>y);</highlight></codeline>
<codeline lineno="234"><highlight class="normal"><sp/><sp/><sp/><sp/><sp/><sp/><sp/><sp/><sp/><sp/><sp/><sp/><sp/><sp/><sp/><sp/><sp/><sp/><sp/><sp/><sp/><sp/><sp/><sp/></highlight><highlight class="comment">//sf::sleep(sf::milliseconds(250));</highlight><highlight class="normal"></highlight></codeline>
<codeline lineno="235"><highlight class="normal"><sp/><sp/><sp/><sp/><sp/><sp/><sp/><sp/><sp/><sp/><sp/><sp/><sp/><sp/><sp/><sp/><sp/><sp/><sp/><sp/><sp/><sp/><sp/><sp/></highlight><highlight class="comment">//this-&gt;m_trigger_Press<sp/>=<sp/>true;</highlight><highlight class="normal"></highlight></codeline>
<codeline lineno="236"><highlight class="normal"><sp/><sp/><sp/><sp/><sp/><sp/><sp/><sp/><sp/><sp/><sp/><sp/><sp/><sp/><sp/><sp/><sp/><sp/><sp/><sp/><sp/><sp/><sp/><sp/><ref refid="d1/d17/class_sekander_1_1_gun_1aabbbbdf814ee725561dd603f0d406c22" kindref="member">Set_Trigger</ref>(</highlight><highlight class="keyword">true</highlight><highlight class="normal">);</highlight></codeline>
<codeline lineno="237"><highlight class="normal"><sp/><sp/><sp/><sp/><sp/><sp/><sp/><sp/><sp/><sp/><sp/><sp/><sp/><sp/><sp/><sp/><sp/><sp/><sp/><sp/><sp/><sp/><sp/><sp/>this-&gt;delay<sp/>=<sp/>0;</highlight></codeline>
<codeline lineno="238"><highlight class="normal"></highlight></codeline>
<codeline lineno="239"><highlight class="normal"><sp/><sp/><sp/><sp/><sp/><sp/><sp/><sp/><sp/><sp/><sp/><sp/><sp/><sp/><sp/><sp/><sp/><sp/><sp/><sp/>}</highlight></codeline>
<codeline lineno="240"><highlight class="normal"></highlight></codeline>
<codeline lineno="241"><highlight class="normal"><sp/><sp/><sp/><sp/><sp/><sp/><sp/><sp/><sp/><sp/><sp/><sp/><sp/><sp/><sp/><sp/><sp/><sp/><sp/><sp/></highlight><highlight class="keywordflow">else</highlight><highlight class="normal"><sp/></highlight><highlight class="keywordflow">if</highlight><highlight class="normal">(this-&gt;m_gun_direction_upwards)</highlight></codeline>
<codeline lineno="242"><highlight class="normal"><sp/><sp/><sp/><sp/><sp/><sp/><sp/><sp/><sp/><sp/><sp/><sp/><sp/><sp/><sp/><sp/><sp/><sp/><sp/><sp/>{</highlight></codeline>
<codeline lineno="243"><highlight class="normal"><sp/><sp/><sp/><sp/><sp/><sp/><sp/><sp/><sp/><sp/><sp/><sp/><sp/><sp/><sp/><sp/><sp/><sp/><sp/><sp/><sp/><sp/><sp/><sp/>bw-&gt;<ref refid="da/d68/class_sekander_1_1_bullet_1a7b55b501f075c0e647e36d9027c5a6e0" kindref="member">SetOrigin</ref>(this-&gt;_data-&gt;manager.Get(this-&gt;m_key)-&gt;body-&gt;GetPosition().x,</highlight></codeline>
<codeline lineno="244"><highlight class="normal"><sp/><sp/><sp/><sp/><sp/><sp/><sp/><sp/><sp/><sp/><sp/><sp/><sp/><sp/><sp/><sp/><sp/><sp/><sp/><sp/><sp/><sp/><sp/><sp/><sp/><sp/><sp/><sp/><sp/><sp/><sp/><sp/><sp/><sp/><sp/><sp/><sp/>this-&gt;_data-&gt;manager.Get(this-&gt;m_key)-&gt;body-&gt;GetPosition().y<sp/>+<sp/>10);</highlight></codeline>
<codeline lineno="245"><highlight class="normal"><sp/><sp/><sp/><sp/><sp/><sp/><sp/><sp/><sp/><sp/><sp/><sp/><sp/><sp/><sp/><sp/><sp/><sp/><sp/><sp/><sp/><sp/><sp/><sp/>bw-&gt;<ref refid="da/d68/class_sekander_1_1_bullet_1ad44291d034b112d561ec65d9b57b3fe6" kindref="member">SetSpeed</ref>(0.0f,<sp/>1000.0f);</highlight></codeline>
<codeline lineno="246"><highlight class="normal"><sp/><sp/><sp/><sp/><sp/><sp/><sp/><sp/><sp/><sp/><sp/><sp/><sp/><sp/><sp/><sp/><sp/><sp/><sp/><sp/><sp/><sp/><sp/><sp/></highlight><highlight class="comment">//sf::sleep(sf::milliseconds(250));</highlight><highlight class="normal"></highlight></codeline>
<codeline lineno="247"><highlight class="normal"><sp/><sp/><sp/><sp/><sp/><sp/><sp/><sp/><sp/><sp/><sp/><sp/><sp/><sp/><sp/><sp/><sp/><sp/><sp/><sp/><sp/><sp/><sp/><sp/></highlight><highlight class="comment">//this-&gt;m_trigger_Press<sp/>=<sp/>true;</highlight><highlight class="normal"></highlight></codeline>
<codeline lineno="248"><highlight class="normal"><sp/><sp/><sp/><sp/><sp/><sp/><sp/><sp/><sp/><sp/><sp/><sp/><sp/><sp/><sp/><sp/><sp/><sp/><sp/><sp/><sp/><sp/><sp/><sp/><ref refid="d1/d17/class_sekander_1_1_gun_1aabbbbdf814ee725561dd603f0d406c22" kindref="member">Set_Trigger</ref>(</highlight><highlight class="keyword">true</highlight><highlight class="normal">);</highlight></codeline>
<codeline lineno="249"><highlight class="normal"><sp/><sp/><sp/><sp/><sp/><sp/><sp/><sp/><sp/><sp/><sp/><sp/><sp/><sp/><sp/><sp/><sp/><sp/><sp/><sp/><sp/><sp/><sp/><sp/>this-&gt;delay<sp/>=<sp/>0;</highlight></codeline>
<codeline lineno="250"><highlight class="normal"></highlight></codeline>
<codeline lineno="251"><highlight class="normal"><sp/><sp/><sp/><sp/><sp/><sp/><sp/><sp/><sp/><sp/><sp/><sp/><sp/><sp/><sp/><sp/><sp/><sp/><sp/><sp/>}</highlight></codeline>
<codeline lineno="252"><highlight class="normal"></highlight></codeline>
<codeline lineno="253"><highlight class="normal"><sp/><sp/><sp/><sp/><sp/><sp/><sp/><sp/><sp/><sp/><sp/><sp/><sp/><sp/><sp/><sp/><sp/><sp/><sp/><sp/></highlight><highlight class="keywordflow">else</highlight><highlight class="normal"><sp/></highlight><highlight class="keywordflow">if</highlight><highlight class="normal">(this-&gt;m_gun_direction_downwards)</highlight></codeline>
<codeline lineno="254"><highlight class="normal"><sp/><sp/><sp/><sp/><sp/><sp/><sp/><sp/><sp/><sp/><sp/><sp/><sp/><sp/><sp/><sp/><sp/><sp/><sp/><sp/>{</highlight></codeline>
<codeline lineno="255"><highlight class="normal"><sp/><sp/><sp/><sp/><sp/><sp/><sp/><sp/><sp/><sp/><sp/><sp/><sp/><sp/><sp/><sp/><sp/><sp/><sp/><sp/><sp/><sp/><sp/><sp/>bw-&gt;<ref refid="da/d68/class_sekander_1_1_bullet_1a7b55b501f075c0e647e36d9027c5a6e0" kindref="member">SetOrigin</ref>(this-&gt;_data-&gt;manager.Get(this-&gt;m_key)-&gt;body-&gt;GetPosition().x,</highlight></codeline>
<codeline lineno="256"><highlight class="normal"><sp/><sp/><sp/><sp/><sp/><sp/><sp/><sp/><sp/><sp/><sp/><sp/><sp/><sp/><sp/><sp/><sp/><sp/><sp/><sp/><sp/><sp/><sp/><sp/><sp/><sp/><sp/><sp/><sp/><sp/><sp/><sp/><sp/><sp/><sp/><sp/><sp/>this-&gt;_data-&gt;manager.Get(this-&gt;m_key)-&gt;body-&gt;GetPosition().y<sp/>-<sp/>10);</highlight></codeline>
<codeline lineno="257"><highlight class="normal"><sp/><sp/><sp/><sp/><sp/><sp/><sp/><sp/><sp/><sp/><sp/><sp/><sp/><sp/><sp/><sp/><sp/><sp/><sp/><sp/><sp/><sp/><sp/><sp/>bw-&gt;<ref refid="da/d68/class_sekander_1_1_bullet_1ad44291d034b112d561ec65d9b57b3fe6" kindref="member">SetSpeed</ref>(0.0f,<sp/>-1000.0f);</highlight></codeline>
<codeline lineno="258"><highlight class="normal"><sp/><sp/><sp/><sp/><sp/><sp/><sp/><sp/><sp/><sp/><sp/><sp/><sp/><sp/><sp/><sp/><sp/><sp/><sp/><sp/><sp/><sp/><sp/><sp/></highlight><highlight class="comment">//sf::sleep(sf::milliseconds(250));</highlight><highlight class="normal"></highlight></codeline>
<codeline lineno="259"><highlight class="normal"><sp/><sp/><sp/><sp/><sp/><sp/><sp/><sp/><sp/><sp/><sp/><sp/><sp/><sp/><sp/><sp/><sp/><sp/><sp/><sp/><sp/><sp/><sp/><sp/></highlight><highlight class="comment">//this-&gt;m_trigger_Press<sp/>=<sp/>true;</highlight><highlight class="normal"></highlight></codeline>
<codeline lineno="260"><highlight class="normal"><sp/><sp/><sp/><sp/><sp/><sp/><sp/><sp/><sp/><sp/><sp/><sp/><sp/><sp/><sp/><sp/><sp/><sp/><sp/><sp/><sp/><sp/><sp/><sp/><ref refid="d1/d17/class_sekander_1_1_gun_1aabbbbdf814ee725561dd603f0d406c22" kindref="member">Set_Trigger</ref>(</highlight><highlight class="keyword">true</highlight><highlight class="normal">);</highlight></codeline>
<codeline lineno="261"><highlight class="normal"><sp/><sp/><sp/><sp/><sp/><sp/><sp/><sp/><sp/><sp/><sp/><sp/><sp/><sp/><sp/><sp/><sp/><sp/><sp/><sp/><sp/><sp/><sp/><sp/>this-&gt;delay<sp/>=<sp/>0;</highlight></codeline>
<codeline lineno="262"><highlight class="normal"></highlight></codeline>
<codeline lineno="263"><highlight class="normal"><sp/><sp/><sp/><sp/><sp/><sp/><sp/><sp/><sp/><sp/><sp/><sp/><sp/><sp/><sp/><sp/><sp/><sp/><sp/><sp/>}</highlight></codeline>
<codeline lineno="264"><highlight class="normal"></highlight></codeline>
<codeline lineno="265"><highlight class="normal"><sp/><sp/><sp/><sp/><sp/><sp/><sp/><sp/><sp/><sp/><sp/><sp/><sp/><sp/><sp/><sp/><sp/><sp/><sp/><sp/></highlight><highlight class="keywordflow">else</highlight><highlight class="normal"><sp/></highlight><highlight class="keywordflow">if</highlight><highlight class="normal">(this-&gt;m_gun_direction_upwards<sp/>&amp;&amp;<sp/>this-&gt;m_gun_direction_rightwards)</highlight></codeline>
<codeline lineno="266"><highlight class="normal"><sp/><sp/><sp/><sp/><sp/><sp/><sp/><sp/><sp/><sp/><sp/><sp/><sp/><sp/><sp/><sp/><sp/><sp/><sp/><sp/>{</highlight></codeline>
<codeline lineno="267"><highlight class="normal"><sp/><sp/><sp/><sp/><sp/><sp/><sp/><sp/><sp/><sp/><sp/><sp/><sp/><sp/><sp/><sp/><sp/><sp/><sp/><sp/><sp/><sp/><sp/><sp/>bw-&gt;<ref refid="da/d68/class_sekander_1_1_bullet_1a7b55b501f075c0e647e36d9027c5a6e0" kindref="member">SetOrigin</ref>(this-&gt;_data-&gt;manager.Get(this-&gt;m_key)-&gt;body-&gt;GetPosition().x<sp/>+<sp/>10,</highlight></codeline>
<codeline lineno="268"><highlight class="normal"><sp/><sp/><sp/><sp/><sp/><sp/><sp/><sp/><sp/><sp/><sp/><sp/><sp/><sp/><sp/><sp/><sp/><sp/><sp/><sp/><sp/><sp/><sp/><sp/>this-&gt;_data-&gt;manager.Get(this-&gt;m_key)-&gt;body-&gt;GetPosition().y<sp/>+<sp/>10);</highlight></codeline>
<codeline lineno="269"><highlight class="normal"><sp/><sp/><sp/><sp/><sp/><sp/><sp/><sp/><sp/><sp/><sp/><sp/><sp/><sp/><sp/><sp/><sp/><sp/><sp/><sp/><sp/><sp/><sp/><sp/>bw-&gt;<ref refid="da/d68/class_sekander_1_1_bullet_1ad44291d034b112d561ec65d9b57b3fe6" kindref="member">SetSpeed</ref>(1000.0f,<sp/>1000.0f);</highlight></codeline>
<codeline lineno="270"><highlight class="normal"><sp/><sp/><sp/><sp/><sp/><sp/><sp/><sp/><sp/><sp/><sp/><sp/><sp/><sp/><sp/><sp/><sp/><sp/><sp/><sp/><sp/><sp/><sp/><sp/></highlight><highlight class="comment">//sf::sleep(sf::milliseconds(250));</highlight><highlight class="normal"></highlight></codeline>
<codeline lineno="271"><highlight class="normal"><sp/><sp/><sp/><sp/><sp/><sp/><sp/><sp/><sp/><sp/><sp/><sp/><sp/><sp/><sp/><sp/><sp/><sp/><sp/><sp/><sp/><sp/><sp/><sp/></highlight><highlight class="comment">//this-&gt;m_trigger_Press<sp/>=<sp/>true;</highlight><highlight class="normal"></highlight></codeline>
<codeline lineno="272"><highlight class="normal"><sp/><sp/><sp/><sp/><sp/><sp/><sp/><sp/><sp/><sp/><sp/><sp/><sp/><sp/><sp/><sp/><sp/><sp/><sp/><sp/><sp/><sp/><sp/><sp/><ref refid="d1/d17/class_sekander_1_1_gun_1aabbbbdf814ee725561dd603f0d406c22" kindref="member">Set_Trigger</ref>(</highlight><highlight class="keyword">true</highlight><highlight class="normal">);</highlight></codeline>
<codeline lineno="273"><highlight class="normal"><sp/><sp/><sp/><sp/><sp/><sp/><sp/><sp/><sp/><sp/><sp/><sp/><sp/><sp/><sp/><sp/><sp/><sp/><sp/><sp/>}</highlight></codeline>
<codeline lineno="274"><highlight class="normal"></highlight></codeline>
<codeline lineno="275"><highlight class="normal"><sp/><sp/><sp/><sp/><sp/><sp/><sp/><sp/><sp/><sp/><sp/><sp/><sp/><sp/><sp/><sp/><sp/><sp/><sp/><sp/></highlight><highlight class="keywordflow">else</highlight><highlight class="normal"><sp/></highlight><highlight class="keywordflow">if</highlight><highlight class="normal">(this-&gt;m_gun_direction_upwards<sp/>&amp;&amp;<sp/>this-&gt;m_gun_direction_backwards)</highlight></codeline>
<codeline lineno="276"><highlight class="normal"><sp/><sp/><sp/><sp/><sp/><sp/><sp/><sp/><sp/><sp/><sp/><sp/><sp/><sp/><sp/><sp/><sp/><sp/><sp/><sp/>{</highlight></codeline>
<codeline lineno="277"><highlight class="normal"><sp/><sp/><sp/><sp/><sp/><sp/><sp/><sp/><sp/><sp/><sp/><sp/><sp/><sp/><sp/><sp/><sp/><sp/><sp/><sp/><sp/><sp/><sp/><sp/>bw-&gt;<ref refid="da/d68/class_sekander_1_1_bullet_1a7b55b501f075c0e647e36d9027c5a6e0" kindref="member">SetOrigin</ref>(this-&gt;_data-&gt;manager.Get(this-&gt;m_key)-&gt;body-&gt;GetPosition().x<sp/>-<sp/>10,</highlight></codeline>
<codeline lineno="278"><highlight class="normal"><sp/><sp/><sp/><sp/><sp/><sp/><sp/><sp/><sp/><sp/><sp/><sp/><sp/><sp/><sp/><sp/><sp/><sp/><sp/><sp/><sp/><sp/><sp/><sp/>this-&gt;_data-&gt;manager.Get(this-&gt;m_key)-&gt;body-&gt;GetPosition().y<sp/>+<sp/>10);</highlight></codeline>
<codeline lineno="279"><highlight class="normal"><sp/><sp/><sp/><sp/><sp/><sp/><sp/><sp/><sp/><sp/><sp/><sp/><sp/><sp/><sp/><sp/><sp/><sp/><sp/><sp/><sp/><sp/><sp/><sp/>bw-&gt;<ref refid="da/d68/class_sekander_1_1_bullet_1ad44291d034b112d561ec65d9b57b3fe6" kindref="member">SetSpeed</ref>(-1000.0f,<sp/>1000.0f);</highlight></codeline>
<codeline lineno="280"><highlight class="normal"><sp/><sp/><sp/><sp/><sp/><sp/><sp/><sp/><sp/><sp/><sp/><sp/><sp/><sp/><sp/><sp/><sp/><sp/><sp/><sp/><sp/><sp/><sp/><sp/></highlight><highlight class="comment">//sf::sleep(sf::milliseconds(250));</highlight><highlight class="normal"></highlight></codeline>
<codeline lineno="281"><highlight class="normal"><sp/><sp/><sp/><sp/><sp/><sp/><sp/><sp/><sp/><sp/><sp/><sp/><sp/><sp/><sp/><sp/><sp/><sp/><sp/><sp/><sp/><sp/><sp/><sp/></highlight><highlight class="comment">//this-&gt;m_trigger_Press<sp/>=<sp/>true;</highlight><highlight class="normal"></highlight></codeline>
<codeline lineno="282"><highlight class="normal"><sp/><sp/><sp/><sp/><sp/><sp/><sp/><sp/><sp/><sp/><sp/><sp/><sp/><sp/><sp/><sp/><sp/><sp/><sp/><sp/><sp/><sp/><sp/><sp/><ref refid="d1/d17/class_sekander_1_1_gun_1aabbbbdf814ee725561dd603f0d406c22" kindref="member">Set_Trigger</ref>(</highlight><highlight class="keyword">true</highlight><highlight class="normal">);</highlight></codeline>
<codeline lineno="283"><highlight class="normal"><sp/><sp/><sp/><sp/><sp/><sp/><sp/><sp/><sp/><sp/><sp/><sp/><sp/><sp/><sp/><sp/><sp/><sp/><sp/><sp/><sp/><sp/><sp/><sp/>this-&gt;delay<sp/>=<sp/>0;</highlight></codeline>
<codeline lineno="284"><highlight class="normal"></highlight></codeline>
<codeline lineno="285"><highlight class="normal"><sp/><sp/><sp/><sp/><sp/><sp/><sp/><sp/><sp/><sp/><sp/><sp/><sp/><sp/><sp/><sp/><sp/><sp/><sp/><sp/>}</highlight></codeline>
<codeline lineno="286"><highlight class="normal"></highlight></codeline>
<codeline lineno="287"><highlight class="normal"><sp/><sp/><sp/><sp/><sp/><sp/><sp/><sp/><sp/><sp/><sp/><sp/><sp/><sp/><sp/><sp/><sp/><sp/><sp/><sp/></highlight><highlight class="keywordflow">else</highlight><highlight class="normal"><sp/></highlight><highlight class="keywordflow">if</highlight><highlight class="normal">(this-&gt;m_gun_direction_downwards<sp/>&amp;&amp;<sp/>this-&gt;m_gun_direction_rightwards)</highlight></codeline>
<codeline lineno="288"><highlight class="normal"><sp/><sp/><sp/><sp/><sp/><sp/><sp/><sp/><sp/><sp/><sp/><sp/><sp/><sp/><sp/><sp/><sp/><sp/><sp/><sp/>{</highlight></codeline>
<codeline lineno="289"><highlight class="normal"><sp/><sp/><sp/><sp/><sp/><sp/><sp/><sp/><sp/><sp/><sp/><sp/><sp/><sp/><sp/><sp/><sp/><sp/><sp/><sp/><sp/><sp/><sp/><sp/>bw-&gt;<ref refid="da/d68/class_sekander_1_1_bullet_1a7b55b501f075c0e647e36d9027c5a6e0" kindref="member">SetOrigin</ref>(this-&gt;_data-&gt;manager.Get(this-&gt;m_key)-&gt;body-&gt;GetPosition().x<sp/>+<sp/>10,</highlight></codeline>
<codeline lineno="290"><highlight class="normal"><sp/><sp/><sp/><sp/><sp/><sp/><sp/><sp/><sp/><sp/><sp/><sp/><sp/><sp/><sp/><sp/><sp/><sp/><sp/><sp/><sp/><sp/><sp/><sp/>this-&gt;_data-&gt;manager.Get(this-&gt;m_key)-&gt;body-&gt;GetPosition().y<sp/>-<sp/>10);</highlight></codeline>
<codeline lineno="291"><highlight class="normal"><sp/><sp/><sp/><sp/><sp/><sp/><sp/><sp/><sp/><sp/><sp/><sp/><sp/><sp/><sp/><sp/><sp/><sp/><sp/><sp/><sp/><sp/><sp/><sp/>bw-&gt;<ref refid="da/d68/class_sekander_1_1_bullet_1ad44291d034b112d561ec65d9b57b3fe6" kindref="member">SetSpeed</ref>(500.0f,<sp/>-1000.0f);</highlight></codeline>
<codeline lineno="292"><highlight class="normal"><sp/><sp/><sp/><sp/><sp/><sp/><sp/><sp/><sp/><sp/><sp/><sp/><sp/><sp/><sp/><sp/><sp/><sp/><sp/><sp/><sp/><sp/><sp/><sp/></highlight><highlight class="comment">//sf::sleep(sf::milliseconds(250));</highlight><highlight class="normal"></highlight></codeline>
<codeline lineno="293"><highlight class="normal"><sp/><sp/><sp/><sp/><sp/><sp/><sp/><sp/><sp/><sp/><sp/><sp/><sp/><sp/><sp/><sp/><sp/><sp/><sp/><sp/><sp/><sp/><sp/><sp/></highlight><highlight class="comment">//this-&gt;m_trigger_Press<sp/>=<sp/>true;</highlight><highlight class="normal"></highlight></codeline>
<codeline lineno="294"><highlight class="normal"><sp/><sp/><sp/><sp/><sp/><sp/><sp/><sp/><sp/><sp/><sp/><sp/><sp/><sp/><sp/><sp/><sp/><sp/><sp/><sp/><sp/><sp/><sp/><sp/><ref refid="d1/d17/class_sekander_1_1_gun_1aabbbbdf814ee725561dd603f0d406c22" kindref="member">Set_Trigger</ref>(</highlight><highlight class="keyword">true</highlight><highlight class="normal">);</highlight></codeline>
<codeline lineno="295"><highlight class="normal"><sp/><sp/><sp/><sp/><sp/><sp/><sp/><sp/><sp/><sp/><sp/><sp/><sp/><sp/><sp/><sp/><sp/><sp/><sp/><sp/><sp/><sp/><sp/><sp/>this-&gt;delay<sp/>=<sp/>0;</highlight></codeline>
<codeline lineno="296"><highlight class="normal"></highlight></codeline>
<codeline lineno="297"><highlight class="normal"><sp/><sp/><sp/><sp/><sp/><sp/><sp/><sp/><sp/><sp/><sp/><sp/><sp/><sp/><sp/><sp/><sp/><sp/><sp/><sp/>}</highlight></codeline>
<codeline lineno="298"><highlight class="normal"></highlight></codeline>
<codeline lineno="299"><highlight class="normal"><sp/><sp/><sp/><sp/><sp/><sp/><sp/><sp/><sp/><sp/><sp/><sp/><sp/><sp/><sp/><sp/><sp/><sp/><sp/><sp/></highlight><highlight class="keywordflow">else</highlight><highlight class="normal"><sp/></highlight><highlight class="keywordflow">if</highlight><highlight class="normal">(this-&gt;m_gun_direction_downwards<sp/>&amp;&amp;<sp/>this-&gt;m_gun_direction_backwards)</highlight></codeline>
<codeline lineno="300"><highlight class="normal"><sp/><sp/><sp/><sp/><sp/><sp/><sp/><sp/><sp/><sp/><sp/><sp/><sp/><sp/><sp/><sp/><sp/><sp/><sp/><sp/>{</highlight></codeline>
<codeline lineno="301"><highlight class="normal"><sp/><sp/><sp/><sp/><sp/><sp/><sp/><sp/><sp/><sp/><sp/><sp/><sp/><sp/><sp/><sp/><sp/><sp/><sp/><sp/><sp/><sp/><sp/><sp/>bw-&gt;<ref refid="da/d68/class_sekander_1_1_bullet_1a7b55b501f075c0e647e36d9027c5a6e0" kindref="member">SetOrigin</ref>(this-&gt;_data-&gt;manager.Get(this-&gt;m_key)-&gt;body-&gt;GetPosition().x<sp/>-<sp/>10,</highlight></codeline>
<codeline lineno="302"><highlight class="normal"><sp/><sp/><sp/><sp/><sp/><sp/><sp/><sp/><sp/><sp/><sp/><sp/><sp/><sp/><sp/><sp/><sp/><sp/><sp/><sp/><sp/><sp/><sp/><sp/>this-&gt;_data-&gt;manager.Get(this-&gt;m_key)-&gt;body-&gt;GetPosition().y<sp/>-<sp/>10);</highlight></codeline>
<codeline lineno="303"><highlight class="normal"><sp/><sp/><sp/><sp/><sp/><sp/><sp/><sp/><sp/><sp/><sp/><sp/><sp/><sp/><sp/><sp/><sp/><sp/><sp/><sp/><sp/><sp/><sp/><sp/>bw-&gt;<ref refid="da/d68/class_sekander_1_1_bullet_1ad44291d034b112d561ec65d9b57b3fe6" kindref="member">SetSpeed</ref>(-500.0f,<sp/>-1000.0f);</highlight></codeline>
<codeline lineno="304"><highlight class="normal"><sp/><sp/><sp/><sp/><sp/><sp/><sp/><sp/><sp/><sp/><sp/><sp/><sp/><sp/><sp/><sp/><sp/><sp/><sp/><sp/><sp/><sp/><sp/><sp/></highlight><highlight class="comment">//sf::sleep(sf::milliseconds(250));</highlight><highlight class="normal"></highlight></codeline>
<codeline lineno="305"><highlight class="normal"><sp/><sp/><sp/><sp/><sp/><sp/><sp/><sp/><sp/><sp/><sp/><sp/><sp/><sp/><sp/><sp/><sp/><sp/><sp/><sp/><sp/><sp/><sp/><sp/></highlight><highlight class="comment">//this-&gt;m_trigger_Press<sp/>=<sp/>true;</highlight><highlight class="normal"></highlight></codeline>
<codeline lineno="306"><highlight class="normal"><sp/><sp/><sp/><sp/><sp/><sp/><sp/><sp/><sp/><sp/><sp/><sp/><sp/><sp/><sp/><sp/><sp/><sp/><sp/><sp/><sp/><sp/><sp/><sp/><ref refid="d1/d17/class_sekander_1_1_gun_1aabbbbdf814ee725561dd603f0d406c22" kindref="member">Set_Trigger</ref>(</highlight><highlight class="keyword">true</highlight><highlight class="normal">);</highlight></codeline>
<codeline lineno="307"><highlight class="normal"><sp/><sp/><sp/><sp/><sp/><sp/><sp/><sp/><sp/><sp/><sp/><sp/><sp/><sp/><sp/><sp/><sp/><sp/><sp/><sp/><sp/><sp/><sp/><sp/>this-&gt;delay<sp/>=<sp/>0;</highlight></codeline>
<codeline lineno="308"><highlight class="normal"></highlight></codeline>
<codeline lineno="309"><highlight class="normal"><sp/><sp/><sp/><sp/><sp/><sp/><sp/><sp/><sp/><sp/><sp/><sp/><sp/><sp/><sp/><sp/><sp/><sp/><sp/><sp/>}</highlight></codeline>
<codeline lineno="310"><highlight class="normal"></highlight></codeline>
<codeline lineno="311"><highlight class="normal"><sp/><sp/><sp/><sp/><sp/><sp/><sp/><sp/><sp/><sp/><sp/><sp/><sp/><sp/><sp/><sp/>}</highlight></codeline>
<codeline lineno="312"><highlight class="normal"><sp/><sp/><sp/><sp/><sp/><sp/><sp/><sp/><sp/><sp/><sp/><sp/></highlight><highlight class="comment">//}</highlight><highlight class="normal"></highlight></codeline>
<codeline lineno="313"><highlight class="normal"></highlight></codeline>
<codeline lineno="314"><highlight class="normal"></highlight></codeline>
<codeline lineno="315"><highlight class="normal"><sp/><sp/><sp/><sp/><sp/><sp/><sp/><sp/></highlight><highlight class="comment">//}</highlight><highlight class="normal"></highlight></codeline>
<codeline lineno="316"><highlight class="normal"></highlight></codeline>
<codeline lineno="317"><highlight class="normal"></highlight></codeline>
<codeline lineno="318"><highlight class="normal"></highlight></codeline>
<codeline lineno="319"><highlight class="normal"></highlight></codeline>
<codeline lineno="320"><highlight class="normal"></highlight></codeline>
<codeline lineno="321"><highlight class="normal"><sp/><sp/><sp/><sp/>}</highlight></codeline>
<codeline lineno="322"><highlight class="normal"></highlight></codeline>
<codeline lineno="323"><highlight class="normal"></highlight></codeline>
<codeline lineno="324"><highlight class="normal"></highlight></codeline>
<codeline lineno="325"><highlight class="normal"></highlight></codeline>
<codeline lineno="326"><highlight class="normal"></highlight></codeline>
<codeline lineno="327"><highlight class="normal"></highlight></codeline>
<codeline lineno="328" refid="d1/d17/class_sekander_1_1_gun_1a3410d2e3352ec9cb6deb21deda8ff160" refkind="member"><highlight class="normal"><sp/><sp/><sp/><sp/></highlight><highlight class="keywordtype">void</highlight><highlight class="normal"><sp/><ref refid="d1/d17/class_sekander_1_1_gun_1a3410d2e3352ec9cb6deb21deda8ff160" kindref="member">Gun::Shoot_Entities</ref>(<ref refid="d1/da9/class_sekander_1_1_entity" kindref="compound">Entity</ref>*<sp/>ew,<sp/></highlight><highlight class="keywordtype">bool</highlight><highlight class="normal"><sp/>left,<sp/></highlight><highlight class="keywordtype">bool</highlight><highlight class="normal"><sp/>right)</highlight></codeline>
<codeline lineno="329"><highlight class="normal"><sp/><sp/><sp/><sp/>{</highlight></codeline>
<codeline lineno="330"><highlight class="normal"></highlight></codeline>
<codeline lineno="331"><highlight class="normal"><sp/><sp/><sp/><sp/><sp/><sp/><sp/><sp/><sp/><sp/><sp/><sp/>this-&gt;m_gun_direction_rightwards<sp/>=<sp/>right;</highlight></codeline>
<codeline lineno="332"><highlight class="normal"><sp/><sp/><sp/><sp/><sp/><sp/><sp/><sp/><sp/><sp/><sp/><sp/>this-&gt;m_gun_direction_backwards<sp/>=<sp/>left;</highlight></codeline>
<codeline lineno="333"><highlight class="normal"><sp/><sp/><sp/><sp/><sp/><sp/><sp/><sp/><sp/><sp/><sp/><sp/></highlight><highlight class="comment">//this-&gt;m_gun_direction_upwards<sp/>=<sp/>up_direction;</highlight><highlight class="normal"></highlight></codeline>
<codeline lineno="334"><highlight class="normal"><sp/><sp/><sp/><sp/><sp/><sp/><sp/><sp/><sp/><sp/><sp/><sp/></highlight><highlight class="comment">//this-&gt;m_gun_direction_downwards<sp/>=<sp/>down_direction;</highlight><highlight class="normal"></highlight></codeline>
<codeline lineno="335"><highlight class="normal"></highlight></codeline>
<codeline lineno="336"><highlight class="normal"></highlight></codeline>
<codeline lineno="337"><highlight class="normal"><sp/><sp/><sp/><sp/><sp/><sp/><sp/><sp/><sp/><sp/><sp/><sp/>this-&gt;delay++;</highlight></codeline>
<codeline lineno="338"><highlight class="normal"><sp/><sp/><sp/><sp/><sp/><sp/><sp/><sp/><sp/><sp/><sp/><sp/></highlight><highlight class="keywordtype">bool</highlight><highlight class="normal"><sp/>neutral_shot<sp/>=<sp/></highlight><highlight class="keyword">true</highlight><highlight class="normal">;</highlight></codeline>
<codeline lineno="339"><highlight class="normal"><sp/><sp/><sp/><sp/><sp/><sp/><sp/><sp/><sp/><sp/><sp/><sp/></highlight><highlight class="keywordtype">bool</highlight><highlight class="normal"><sp/>pull_trigger<sp/>=<sp/></highlight><highlight class="keyword">false</highlight><highlight class="normal">;</highlight></codeline>
<codeline lineno="340"><highlight class="normal"></highlight></codeline>
<codeline lineno="341"><highlight class="normal"></highlight></codeline>
<codeline lineno="342"><highlight class="normal"></highlight></codeline>
<codeline lineno="343"><highlight class="normal"><sp/><sp/><sp/><sp/><sp/><sp/><sp/><sp/><sp/><sp/><sp/><sp/></highlight><highlight class="comment">//std::cout<sp/>&lt;&lt;<sp/>&quot;Bullet<sp/>::<sp/>&quot;<sp/>&lt;&lt;<sp/>bw-&gt;Get_Name()<sp/>&lt;&lt;<sp/>std::endl;</highlight><highlight class="normal"></highlight></codeline>
<codeline lineno="344"><highlight class="normal"><sp/><sp/><sp/><sp/><sp/><sp/><sp/><sp/><sp/><sp/><sp/><sp/></highlight><highlight class="comment">//std::cout<sp/>&lt;&lt;<sp/>&quot;Delay<sp/>::<sp/>&quot;<sp/>&lt;&lt;<sp/>this-&gt;delay<sp/>&lt;&lt;<sp/>std::endl;</highlight><highlight class="normal"></highlight></codeline>
<codeline lineno="345"><highlight class="normal"></highlight></codeline>
<codeline lineno="346"><highlight class="normal"></highlight></codeline>
<codeline lineno="347"><highlight class="normal"></highlight></codeline>
<codeline lineno="348"><highlight class="normal"><sp/><sp/><sp/><sp/><sp/><sp/><sp/><sp/><sp/><sp/><sp/><sp/><sp/><sp/><sp/><sp/></highlight><highlight class="comment">//if(!pull_trigger<sp/>&amp;&amp;<sp/>neutral_shot<sp/>||<sp/>this-&gt;delay<sp/>&gt;=<sp/>500)</highlight><highlight class="normal"></highlight></codeline>
<codeline lineno="349"><highlight class="normal"><sp/><sp/><sp/><sp/><sp/><sp/><sp/><sp/><sp/><sp/><sp/><sp/><sp/><sp/><sp/><sp/></highlight><highlight class="keywordflow">if</highlight><highlight class="normal">(this-&gt;delay<sp/>&gt;=<sp/>100)</highlight></codeline>
<codeline lineno="350"><highlight class="normal"><sp/><sp/><sp/><sp/><sp/><sp/><sp/><sp/><sp/><sp/><sp/><sp/><sp/><sp/><sp/><sp/>{</highlight></codeline>
<codeline lineno="351"><highlight class="normal"><sp/><sp/><sp/><sp/><sp/><sp/><sp/><sp/><sp/><sp/><sp/><sp/><sp/><sp/><sp/><sp/><sp/><sp/><sp/><sp/></highlight><highlight class="keywordflow">if</highlight><highlight class="normal">(this-&gt;m_gun_direction_rightwards)</highlight></codeline>
<codeline lineno="352"><highlight class="normal"><sp/><sp/><sp/><sp/><sp/><sp/><sp/><sp/><sp/><sp/><sp/><sp/><sp/><sp/><sp/><sp/><sp/><sp/><sp/><sp/>{</highlight></codeline>
<codeline lineno="353"><highlight class="normal"><sp/><sp/><sp/><sp/><sp/><sp/><sp/><sp/><sp/><sp/><sp/><sp/><sp/><sp/><sp/><sp/><sp/><sp/><sp/><sp/><sp/><sp/><sp/><sp/></highlight></codeline>
<codeline lineno="354"><highlight class="normal"></highlight></codeline>
<codeline lineno="355"><highlight class="normal"><sp/><sp/><sp/><sp/><sp/><sp/><sp/><sp/><sp/><sp/><sp/><sp/><sp/><sp/><sp/><sp/><sp/><sp/><sp/><sp/><sp/><sp/><sp/><sp/>ew-&gt;setOrigin(this-&gt;_data-&gt;manager.Get(this-&gt;m_key)-&gt;body-&gt;GetPosition().x<sp/>+<sp/>10,</highlight></codeline>
<codeline lineno="356"><highlight class="normal"><sp/><sp/><sp/><sp/><sp/><sp/><sp/><sp/><sp/><sp/><sp/><sp/><sp/><sp/><sp/><sp/><sp/><sp/><sp/><sp/><sp/><sp/><sp/><sp/><sp/><sp/><sp/><sp/><sp/><sp/><sp/><sp/><sp/><sp/><sp/><sp/><sp/>this-&gt;_data-&gt;manager.Get(this-&gt;m_key)-&gt;body-&gt;GetPosition().y);</highlight></codeline>
<codeline lineno="357"><highlight class="normal"><sp/><sp/><sp/><sp/><sp/><sp/><sp/><sp/><sp/><sp/><sp/><sp/><sp/><sp/><sp/><sp/><sp/><sp/><sp/><sp/><sp/><sp/><sp/><sp/></highlight><highlight class="comment">//ew-&gt;SetSpeed(1000.0f,<sp/>0);</highlight><highlight class="normal"></highlight></codeline>
<codeline lineno="358"><highlight class="normal"><sp/><sp/><sp/><sp/><sp/><sp/><sp/><sp/><sp/><sp/><sp/><sp/><sp/><sp/><sp/><sp/><sp/><sp/><sp/><sp/><sp/><sp/><sp/><sp/>ew-&gt;<ref refid="d1/da9/class_sekander_1_1_entity_1a61bec1a7b77dd9b5e08c0908566450d4" kindref="member">body</ref>-&gt;SetLinearVelocity(b2Vec2(10000.0f,<sp/>0));</highlight></codeline>
<codeline lineno="359"><highlight class="normal"><sp/><sp/><sp/><sp/><sp/><sp/><sp/><sp/><sp/><sp/><sp/><sp/><sp/><sp/><sp/><sp/><sp/><sp/><sp/><sp/><sp/><sp/><sp/><sp/>neutral_shot<sp/>=<sp/></highlight><highlight class="keyword">false</highlight><highlight class="normal">;</highlight></codeline>
<codeline lineno="360"><highlight class="normal"><sp/><sp/><sp/><sp/><sp/><sp/><sp/><sp/><sp/><sp/><sp/><sp/><sp/><sp/><sp/><sp/><sp/><sp/><sp/><sp/><sp/><sp/><sp/><sp/>pull_trigger<sp/>=<sp/></highlight><highlight class="keyword">true</highlight><highlight class="normal">;</highlight></codeline>
<codeline lineno="361"><highlight class="normal"><sp/><sp/><sp/><sp/><sp/><sp/><sp/><sp/><sp/><sp/><sp/><sp/><sp/><sp/><sp/><sp/><sp/><sp/><sp/><sp/><sp/><sp/><sp/><sp/></highlight><highlight class="comment">//sf::sleep(sf::milliseconds(250));</highlight><highlight class="normal"></highlight></codeline>
<codeline lineno="362"><highlight class="normal"><sp/><sp/><sp/><sp/><sp/><sp/><sp/><sp/><sp/><sp/><sp/><sp/><sp/><sp/><sp/><sp/><sp/><sp/><sp/><sp/><sp/><sp/><sp/><sp/></highlight><highlight class="comment">//this-&gt;m_trigger_Press<sp/>=<sp/>true;</highlight><highlight class="normal"></highlight></codeline>
<codeline lineno="363"><highlight class="normal"><sp/><sp/><sp/><sp/><sp/><sp/><sp/><sp/><sp/><sp/><sp/><sp/><sp/><sp/><sp/><sp/><sp/><sp/><sp/><sp/><sp/><sp/><sp/><sp/><ref refid="d1/d17/class_sekander_1_1_gun_1aabbbbdf814ee725561dd603f0d406c22" kindref="member">Set_Trigger</ref>(</highlight><highlight class="keyword">true</highlight><highlight class="normal">);</highlight></codeline>
<codeline lineno="364"><highlight class="normal"><sp/><sp/><sp/><sp/><sp/><sp/><sp/><sp/><sp/><sp/><sp/><sp/><sp/><sp/><sp/><sp/><sp/><sp/><sp/><sp/><sp/><sp/><sp/><sp/>this-&gt;delay<sp/>=<sp/>0;</highlight></codeline>
<codeline lineno="365"><highlight class="normal"><sp/><sp/><sp/><sp/><sp/><sp/><sp/><sp/><sp/><sp/><sp/><sp/><sp/><sp/><sp/><sp/><sp/><sp/><sp/><sp/><sp/><sp/><sp/><sp/></highlight><highlight class="comment">//bw-&gt;IsBulletAlive();</highlight><highlight class="normal"></highlight></codeline>
<codeline lineno="366"><highlight class="normal"></highlight></codeline>
<codeline lineno="367"><highlight class="normal"></highlight></codeline>
<codeline lineno="368"><highlight class="normal"><sp/><sp/><sp/><sp/><sp/><sp/><sp/><sp/><sp/><sp/><sp/><sp/><sp/><sp/><sp/><sp/><sp/><sp/><sp/><sp/>}</highlight></codeline>
<codeline lineno="369"><highlight class="normal"></highlight></codeline>
<codeline lineno="370"><highlight class="normal"><sp/><sp/><sp/><sp/><sp/><sp/><sp/><sp/><sp/><sp/><sp/><sp/><sp/><sp/><sp/><sp/><sp/><sp/><sp/><sp/></highlight><highlight class="keywordflow">else</highlight><highlight class="normal"><sp/></highlight><highlight class="keywordflow">if</highlight><highlight class="normal">(this-&gt;m_gun_direction_backwards)</highlight></codeline>
<codeline lineno="371"><highlight class="normal"><sp/><sp/><sp/><sp/><sp/><sp/><sp/><sp/><sp/><sp/><sp/><sp/><sp/><sp/><sp/><sp/><sp/><sp/><sp/><sp/>{</highlight></codeline>
<codeline lineno="372"><highlight class="normal"><sp/><sp/><sp/><sp/><sp/><sp/><sp/><sp/><sp/><sp/><sp/><sp/><sp/><sp/><sp/><sp/><sp/><sp/><sp/><sp/><sp/><sp/><sp/><sp/></highlight><highlight class="comment">//bw-&gt;SetOrigin(this-&gt;_data-&gt;manager.Get(this-&gt;m_key)-&gt;body-&gt;GetPosition().x<sp/>-<sp/>10,</highlight><highlight class="normal"></highlight></codeline>
<codeline lineno="373"><highlight class="normal"><sp/><sp/><sp/><sp/><sp/><sp/><sp/><sp/><sp/><sp/><sp/><sp/><sp/><sp/><sp/><sp/><sp/><sp/><sp/><sp/><sp/><sp/><sp/><sp/></highlight><highlight class="comment">//<sp/><sp/><sp/><sp/><sp/><sp/><sp/><sp/><sp/><sp/><sp/><sp/><sp/>this-&gt;_data-&gt;manager.Get(this-&gt;m_key)-&gt;body-&gt;GetPosition().y);</highlight><highlight class="normal"></highlight></codeline>
<codeline lineno="374"><highlight class="normal"><sp/><sp/><sp/><sp/><sp/><sp/><sp/><sp/><sp/><sp/><sp/><sp/><sp/><sp/><sp/><sp/><sp/><sp/><sp/><sp/><sp/><sp/><sp/><sp/></highlight><highlight class="comment">//bw-&gt;SetSpeed(-1000.0f,<sp/>0);</highlight><highlight class="normal"></highlight></codeline>
<codeline lineno="375"><highlight class="normal"><sp/><sp/><sp/><sp/><sp/><sp/><sp/><sp/><sp/><sp/><sp/><sp/><sp/><sp/><sp/><sp/><sp/><sp/><sp/><sp/><sp/><sp/><sp/><sp/></highlight><highlight class="comment">//sf::sleep(sf::milliseconds(250));</highlight><highlight class="normal"></highlight></codeline>
<codeline lineno="376"><highlight class="normal"><sp/><sp/><sp/><sp/><sp/><sp/><sp/><sp/><sp/><sp/><sp/><sp/><sp/><sp/><sp/><sp/><sp/><sp/><sp/><sp/><sp/><sp/><sp/><sp/></highlight><highlight class="comment">//this-&gt;m_trigger_Press<sp/>=<sp/>true;</highlight><highlight class="normal"></highlight></codeline>
<codeline lineno="377"><highlight class="normal"><sp/><sp/><sp/><sp/><sp/><sp/><sp/><sp/><sp/><sp/><sp/><sp/><sp/><sp/><sp/><sp/><sp/><sp/><sp/><sp/><sp/><sp/><sp/><sp/>ew-&gt;setOrigin(this-&gt;_data-&gt;manager.Get(this-&gt;m_key)-&gt;body-&gt;GetPosition().x<sp/>+<sp/>10,</highlight></codeline>
<codeline lineno="378"><highlight class="normal"><sp/><sp/><sp/><sp/><sp/><sp/><sp/><sp/><sp/><sp/><sp/><sp/><sp/><sp/><sp/><sp/><sp/><sp/><sp/><sp/><sp/><sp/><sp/><sp/>this-&gt;_data-&gt;manager.Get(this-&gt;m_key)-&gt;body-&gt;GetPosition().y);</highlight></codeline>
<codeline lineno="379"><highlight class="normal"><sp/><sp/><sp/><sp/><sp/><sp/><sp/><sp/><sp/><sp/><sp/><sp/><sp/><sp/><sp/><sp/><sp/><sp/><sp/><sp/><sp/><sp/><sp/><sp/></highlight><highlight class="comment">//ew-&gt;SetSpeed(1000.0f,<sp/>0);</highlight><highlight class="normal"></highlight></codeline>
<codeline lineno="380"><highlight class="normal"><sp/><sp/><sp/><sp/><sp/><sp/><sp/><sp/><sp/><sp/><sp/><sp/><sp/><sp/><sp/><sp/><sp/><sp/><sp/><sp/><sp/><sp/><sp/><sp/>ew-&gt;<ref refid="d1/da9/class_sekander_1_1_entity_1a61bec1a7b77dd9b5e08c0908566450d4" kindref="member">body</ref>-&gt;SetLinearVelocity(b2Vec2(-10000.0f,<sp/>0));</highlight></codeline>
<codeline lineno="381"><highlight class="normal"></highlight></codeline>
<codeline lineno="382"><highlight class="normal"><sp/><sp/><sp/><sp/><sp/><sp/><sp/><sp/><sp/><sp/><sp/><sp/><sp/><sp/><sp/><sp/><sp/><sp/><sp/><sp/><sp/><sp/><sp/><sp/></highlight></codeline>
<codeline lineno="383"><highlight class="normal"><sp/><sp/><sp/><sp/><sp/><sp/><sp/><sp/><sp/><sp/><sp/><sp/><sp/><sp/><sp/><sp/><sp/><sp/><sp/><sp/><sp/><sp/><sp/><sp/><ref refid="d1/d17/class_sekander_1_1_gun_1aabbbbdf814ee725561dd603f0d406c22" kindref="member">Set_Trigger</ref>(</highlight><highlight class="keyword">true</highlight><highlight class="normal">);</highlight></codeline>
<codeline lineno="384"><highlight class="normal"><sp/><sp/><sp/><sp/><sp/><sp/><sp/><sp/><sp/><sp/><sp/><sp/><sp/><sp/><sp/><sp/><sp/><sp/><sp/><sp/><sp/><sp/><sp/><sp/>this-&gt;delay<sp/>=<sp/>0;</highlight></codeline>
<codeline lineno="385"><highlight class="normal"></highlight></codeline>
<codeline lineno="386"><highlight class="normal"><sp/><sp/><sp/><sp/><sp/><sp/><sp/><sp/><sp/><sp/><sp/><sp/><sp/><sp/><sp/><sp/><sp/><sp/><sp/><sp/>}</highlight></codeline>
<codeline lineno="387"><highlight class="normal"><sp/><sp/><sp/><sp/><sp/><sp/><sp/><sp/><sp/><sp/><sp/><sp/><sp/><sp/><sp/><sp/>}</highlight></codeline>
<codeline lineno="388"><highlight class="normal"></highlight></codeline>
<codeline lineno="389"><highlight class="normal"></highlight></codeline>
<codeline lineno="390"><highlight class="normal"><sp/><sp/><sp/><sp/>}</highlight></codeline>
<codeline lineno="391"><highlight class="normal"></highlight></codeline>
<codeline lineno="392"><highlight class="normal"></highlight></codeline>
<codeline lineno="393"><highlight class="normal"></highlight></codeline>
<codeline lineno="394"><highlight class="normal"></highlight></codeline>
<codeline lineno="395"><highlight class="normal"></highlight></codeline>
<codeline lineno="396"><highlight class="normal"></highlight></codeline>
<codeline lineno="397"><highlight class="normal">}</highlight></codeline>
    </programlisting>
    <location file="Gun.cpp"/>
  </compounddef>
</doxygen>
