<?xml version='1.0' encoding='UTF-8' standalone='no'?>
<doxygen xmlns:xsi="http://www.w3.org/2001/XMLSchema-instance" xsi:noNamespaceSchemaLocation="compound.xsd" version="1.9.2" xml:lang="en-US">
  <compounddef id="d9/dee/class_sekander_1_1_entity_manager" kind="class" language="C++" prot="public">
    <compoundname>Sekander::EntityManager</compoundname>
    <includes refid="df/d8c/entity__manager_8h" local="no">entity_manager.h</includes>
      <sectiondef kind="private-attrib">
      <memberdef kind="variable" id="d9/dee/class_sekander_1_1_entity_manager_1a8ee9d64c41a23790dc4c1e3f1ce3ea56" prot="private" static="no" mutable="no">
        <type>std::unordered_map&lt; std::string, <ref refid="d1/da9/class_sekander_1_1_entity" kindref="compound">Entity</ref> * &gt;</type>
        <definition>std::unordered_map&lt;std::string, Entity*&gt; Sekander::EntityManager::entities</definition>
        <argsstring></argsstring>
        <name>entities</name>
        <briefdescription>
        </briefdescription>
        <detaileddescription>
        </detaileddescription>
        <inbodydescription>
        </inbodydescription>
        <location file="entity_manager.h" line="57" column="20" bodyfile="entity_manager.h" bodystart="57" bodyend="-1"/>
      </memberdef>
      <memberdef kind="variable" id="d9/dee/class_sekander_1_1_entity_manager_1ad2d38ab329ff4b57b2d66b807dacdbb3" prot="private" static="no" mutable="no">
        <type>b2World *</type>
        <definition>b2World* Sekander::EntityManager::world</definition>
        <argsstring></argsstring>
        <name>world</name>
        <briefdescription>
        </briefdescription>
        <detaileddescription>
        </detaileddescription>
        <inbodydescription>
        </inbodydescription>
        <location file="entity_manager.h" line="60" column="9" bodyfile="entity_manager.h" bodystart="60" bodyend="-1"/>
      </memberdef>
      <memberdef kind="variable" id="d9/dee/class_sekander_1_1_entity_manager_1af00445583df085f6c28390b4b940ccc5" prot="private" static="no" mutable="no">
        <type>sf::Vertex</type>
        <definition>sf::Vertex Sekander::EntityManager::vertices[2]</definition>
        <argsstring>[2]</argsstring>
        <name>vertices</name>
        <briefdescription>
        </briefdescription>
        <detaileddescription>
        </detaileddescription>
        <inbodydescription>
        </inbodydescription>
        <location file="entity_manager.h" line="63" column="12" bodyfile="entity_manager.h" bodystart="63" bodyend="-1"/>
      </memberdef>
      <memberdef kind="variable" id="d9/dee/class_sekander_1_1_entity_manager_1a40f45e16f17a739a730c1373021e5cc9" prot="private" static="no" mutable="no">
        <type>std::vector&lt; sf::Vertex &gt;</type>
        <definition>std::vector&lt;sf::Vertex&gt; Sekander::EntityManager::vertices_vec</definition>
        <argsstring></argsstring>
        <name>vertices_vec</name>
        <briefdescription>
        </briefdescription>
        <detaileddescription>
        </detaileddescription>
        <inbodydescription>
        </inbodydescription>
        <location file="entity_manager.h" line="65" column="13" bodyfile="entity_manager.h" bodystart="65" bodyend="-1"/>
      </memberdef>
      </sectiondef>
      <sectiondef kind="public-func">
      <memberdef kind="function" id="d9/dee/class_sekander_1_1_entity_manager_1a98a085b51de53396a9a9b7803422c6ff" prot="public" static="no" const="no" explicit="no" inline="no" virt="non-virtual">
        <type></type>
        <definition>Sekander::EntityManager::EntityManager</definition>
        <argsstring>()</argsstring>
        <name>EntityManager</name>
        <briefdescription>
        </briefdescription>
        <detaileddescription>
        </detaileddescription>
        <inbodydescription>
        </inbodydescription>
        <location file="entity_manager.h" line="22" column="1" bodyfile="entity_manager.cpp" bodystart="7" bodyend="12"/>
      </memberdef>
      <memberdef kind="function" id="d9/dee/class_sekander_1_1_entity_manager_1afaae67bb65ba3dac38417caf4e2c2f2b" prot="public" static="no" const="no" explicit="no" inline="no" virt="non-virtual">
        <type>void</type>
        <definition>void Sekander::EntityManager::Add</definition>
        <argsstring>(std::string name, std::string filename, bool dynamic, unsigned const short int, unsigned const short int)</argsstring>
        <name>Add</name>
        <param>
          <type>std::string</type>
          <declname>name</declname>
        </param>
        <param>
          <type>std::string</type>
          <declname>filename</declname>
        </param>
        <param>
          <type>bool</type>
          <declname>dynamic</declname>
        </param>
        <param>
          <type>unsigned const short int</type>
          <defname>x_frames</defname>
        </param>
        <param>
          <type>unsigned const short int</type>
          <defname>y_frames</defname>
        </param>
        <briefdescription>
        </briefdescription>
        <detaileddescription>
        </detaileddescription>
        <inbodydescription>
        </inbodydescription>
        <location file="entity_manager.h" line="24" column="6" bodyfile="entity_manager.cpp" bodystart="30" bodyend="58"/>
        <references refid="d1/da9/class_sekander_1_1_entity_1a80ce51e0d09a5ac63eb3c385c47f5d73" compoundref="d9/ddd/entity_8cpp" startline="49" endline="129">Sekander::Entity::Load</references>
      </memberdef>
      <memberdef kind="function" id="d9/dee/class_sekander_1_1_entity_manager_1a4b0fdd5fb634533e04fe33c48a25f6e9" prot="public" static="no" const="no" explicit="no" inline="no" virt="non-virtual">
        <type>void</type>
        <definition>void Sekander::EntityManager::Add</definition>
        <argsstring>(std::string name, std::string filename, bool dynamic, shape_options)</argsstring>
        <name>Add</name>
        <param>
          <type>std::string</type>
          <declname>name</declname>
        </param>
        <param>
          <type>std::string</type>
          <declname>filename</declname>
        </param>
        <param>
          <type>bool</type>
          <declname>dynamic</declname>
        </param>
        <param>
          <type><ref refid="d8/d6a/namespace_sekander_1aed8eb219f4685b29738464e9f32c5d94" kindref="member">shape_options</ref></type>
          <defname>shapes</defname>
        </param>
        <briefdescription>
        </briefdescription>
        <detaileddescription>
        </detaileddescription>
        <inbodydescription>
        </inbodydescription>
        <location file="entity_manager.h" line="28" column="6" bodyfile="entity_manager.cpp" bodystart="60" bodyend="71"/>
        <references refid="d8/d6a/namespace_sekander_1aed8eb219f4685b29738464e9f32c5d94acafcba9574f3415e8e9f6f194a6cb869" compoundref="df/d8c/entity__manager_8h" startline="15">Sekander::Circle</references>
        <references refid="d8/d6a/namespace_sekander_1aed8eb219f4685b29738464e9f32c5d94ae1827bea553b36ce0bbc7cddd6c57621" compoundref="df/d8c/entity__manager_8h" startline="14">Sekander::Square</references>
      </memberdef>
      <memberdef kind="function" id="d9/dee/class_sekander_1_1_entity_manager_1ab5c80c9646fea25cb0ab110a4ac51d38" prot="public" static="no" const="no" explicit="no" inline="no" virt="non-virtual">
        <type>void</type>
        <definition>void Sekander::EntityManager::newEdge</definition>
        <argsstring>(std::string name)</argsstring>
        <name>newEdge</name>
        <param>
          <type>std::string</type>
          <declname>name</declname>
        </param>
        <briefdescription>
        </briefdescription>
        <detaileddescription>
        </detaileddescription>
        <inbodydescription>
        </inbodydescription>
        <location file="entity_manager.h" line="31" column="6"/>
      </memberdef>
      <memberdef kind="function" id="d9/dee/class_sekander_1_1_entity_manager_1a0debb38e1fb1e88d3d4e5af522e80b90" prot="public" static="no" const="no" explicit="no" inline="no" virt="non-virtual">
        <type>void</type>
        <definition>void Sekander::EntityManager::newEdge</definition>
        <argsstring>(std::string, float, float, float, float)</argsstring>
        <name>newEdge</name>
        <param>
          <type>std::string</type>
          <defname>name</defname>
        </param>
        <param>
          <type>float</type>
          <defname>xo</defname>
        </param>
        <param>
          <type>float</type>
          <defname>yo</defname>
        </param>
        <param>
          <type>float</type>
          <defname>xd</defname>
        </param>
        <param>
          <type>float</type>
          <defname>yd</defname>
        </param>
        <briefdescription>
        </briefdescription>
        <detaileddescription>
        </detaileddescription>
        <inbodydescription>
        </inbodydescription>
        <location file="entity_manager.h" line="32" column="6" bodyfile="entity_manager.cpp" bodystart="14" bodyend="28"/>
        <references refid="d1/da9/class_sekander_1_1_entity_1a0f2ae50422b408ef0de2cdcb31f120b4" compoundref="d9/ddd/entity_8cpp" startline="14" endline="47">Sekander::Entity::CreateEdeg</references>
      </memberdef>
      <memberdef kind="function" id="d9/dee/class_sekander_1_1_entity_manager_1a9c4fa2dc9649cdd63ba64bea469c267c" prot="public" static="no" const="no" explicit="no" inline="no" virt="non-virtual">
        <type><ref refid="d1/da9/class_sekander_1_1_entity" kindref="compound">Entity</ref> *</type>
        <definition>Entity * Sekander::EntityManager::Get</definition>
        <argsstring>(std::string name)</argsstring>
        <name>Get</name>
        <param>
          <type>std::string</type>
          <declname>name</declname>
        </param>
        <briefdescription>
        </briefdescription>
        <detaileddescription>
        </detaileddescription>
        <inbodydescription>
        </inbodydescription>
        <location file="entity_manager.h" line="35" column="8" bodyfile="entity_manager.cpp" bodystart="74" bodyend="86"/>
      </memberdef>
      <memberdef kind="function" id="d9/dee/class_sekander_1_1_entity_manager_1a10a4ff59b03ab00e9688063de4bc9c98" prot="public" static="no" const="no" explicit="no" inline="no" virt="non-virtual">
        <type>void</type>
        <definition>void Sekander::EntityManager::ListAllEnties</definition>
        <argsstring>()</argsstring>
        <name>ListAllEnties</name>
        <briefdescription>
        </briefdescription>
        <detaileddescription>
        </detaileddescription>
        <inbodydescription>
        </inbodydescription>
        <location file="entity_manager.h" line="37" column="6" bodyfile="entity_manager.cpp" bodystart="169" bodyend="186"/>
      </memberdef>
      <memberdef kind="function" id="d9/dee/class_sekander_1_1_entity_manager_1a242f0776611b1f2de7c574a059795612" prot="public" static="no" const="no" explicit="no" inline="yes" virt="non-virtual">
        <type>std::unordered_map&lt; std::string, <ref refid="d1/da9/class_sekander_1_1_entity" kindref="compound">Entity</ref> * &gt;</type>
        <definition>std::unordered_map&lt; std::string, Entity * &gt; Sekander::EntityManager::ReturnMap</definition>
        <argsstring>()</argsstring>
        <name>ReturnMap</name>
        <briefdescription>
        </briefdescription>
        <detaileddescription>
        </detaileddescription>
        <inbodydescription>
        </inbodydescription>
        <location file="entity_manager.h" line="40" column="20" bodyfile="entity_manager.h" bodystart="40" bodyend="45"/>
      </memberdef>
      <memberdef kind="function" id="d9/dee/class_sekander_1_1_entity_manager_1ac2385e541fe3ac866f90daad53892a00" prot="public" static="no" const="no" explicit="no" inline="no" virt="non-virtual">
        <type>bool</type>
        <definition>bool Sekander::EntityManager::Update</definition>
        <argsstring>(sf::RenderWindow &amp;window)</argsstring>
        <name>Update</name>
        <param>
          <type>sf::RenderWindow &amp;</type>
          <declname>window</declname>
        </param>
        <briefdescription>
        </briefdescription>
        <detaileddescription>
        </detaileddescription>
        <inbodydescription>
        </inbodydescription>
        <location file="entity_manager.h" line="49" column="6" bodyfile="entity_manager.cpp" bodystart="88" bodyend="135"/>
      </memberdef>
      <memberdef kind="function" id="d9/dee/class_sekander_1_1_entity_manager_1a24bc2a30b608d425aaeded98c1c18cfc" prot="public" static="no" const="no" explicit="no" inline="no" virt="non-virtual">
        <type>void</type>
        <definition>void Sekander::EntityManager::Render</definition>
        <argsstring>(sf::RenderWindow &amp;window)</argsstring>
        <name>Render</name>
        <param>
          <type>sf::RenderWindow &amp;</type>
          <declname>window</declname>
        </param>
        <briefdescription>
        </briefdescription>
        <detaileddescription>
        </detaileddescription>
        <inbodydescription>
        </inbodydescription>
        <location file="entity_manager.h" line="50" column="6" bodyfile="entity_manager.cpp" bodystart="137" bodyend="157"/>
      </memberdef>
      <memberdef kind="function" id="d9/dee/class_sekander_1_1_entity_manager_1a71d1b6d1c1a80efa0117e3bf8e982562" prot="public" static="no" const="no" explicit="no" inline="no" virt="non-virtual">
        <type>void</type>
        <definition>void Sekander::EntityManager::DeleteEntity</definition>
        <argsstring>()</argsstring>
        <name>DeleteEntity</name>
        <briefdescription>
        </briefdescription>
        <detaileddescription>
        </detaileddescription>
        <inbodydescription>
        </inbodydescription>
        <location file="entity_manager.h" line="52" column="6" bodyfile="entity_manager.cpp" bodystart="189" bodyend="241"/>
      </memberdef>
      <memberdef kind="function" id="d9/dee/class_sekander_1_1_entity_manager_1a5ce5af4eb68c0dd7d019877f65ea4c83" prot="public" static="no" const="no" explicit="no" inline="no" virt="non-virtual">
        <type>void</type>
        <definition>void Sekander::EntityManager::EnableEntity</definition>
        <argsstring>()</argsstring>
        <name>EnableEntity</name>
        <briefdescription>
        </briefdescription>
        <detaileddescription>
        </detaileddescription>
        <inbodydescription>
        </inbodydescription>
        <location file="entity_manager.h" line="53" column="6" bodyfile="entity_manager.cpp" bodystart="243" bodyend="264"/>
      </memberdef>
      <memberdef kind="function" id="d9/dee/class_sekander_1_1_entity_manager_1adcd3f85835de9ac2eb2af3c876899244" prot="public" static="no" const="no" explicit="no" inline="no" virt="non-virtual">
        <type></type>
        <definition>Sekander::EntityManager::~EntityManager</definition>
        <argsstring>()</argsstring>
        <name>~EntityManager</name>
        <briefdescription>
        </briefdescription>
        <detaileddescription>
        </detaileddescription>
        <inbodydescription>
        </inbodydescription>
        <location file="entity_manager.h" line="55" column="1" bodyfile="entity_manager.cpp" bodystart="266" bodyend="274"/>
      </memberdef>
      </sectiondef>
    <briefdescription>
    </briefdescription>
    <detaileddescription>
    </detaileddescription>
    <collaborationgraph>
      <node id="1">
        <label>Sekander::EntityManager</label>
        <link refid="d9/dee/class_sekander_1_1_entity_manager"/>
      </node>
    </collaborationgraph>
    <location file="entity_manager.h" line="19" column="1" bodyfile="entity_manager.h" bodystart="20" bodyend="69"/>
    <listofallmembers>
      <member refid="d9/dee/class_sekander_1_1_entity_manager_1afaae67bb65ba3dac38417caf4e2c2f2b" prot="public" virt="non-virtual"><scope>Sekander::EntityManager</scope><name>Add</name></member>
      <member refid="d9/dee/class_sekander_1_1_entity_manager_1a4b0fdd5fb634533e04fe33c48a25f6e9" prot="public" virt="non-virtual"><scope>Sekander::EntityManager</scope><name>Add</name></member>
      <member refid="d9/dee/class_sekander_1_1_entity_manager_1a71d1b6d1c1a80efa0117e3bf8e982562" prot="public" virt="non-virtual"><scope>Sekander::EntityManager</scope><name>DeleteEntity</name></member>
      <member refid="d9/dee/class_sekander_1_1_entity_manager_1a5ce5af4eb68c0dd7d019877f65ea4c83" prot="public" virt="non-virtual"><scope>Sekander::EntityManager</scope><name>EnableEntity</name></member>
      <member refid="d9/dee/class_sekander_1_1_entity_manager_1a8ee9d64c41a23790dc4c1e3f1ce3ea56" prot="private" virt="non-virtual"><scope>Sekander::EntityManager</scope><name>entities</name></member>
      <member refid="d9/dee/class_sekander_1_1_entity_manager_1a98a085b51de53396a9a9b7803422c6ff" prot="public" virt="non-virtual"><scope>Sekander::EntityManager</scope><name>EntityManager</name></member>
      <member refid="d9/dee/class_sekander_1_1_entity_manager_1a9c4fa2dc9649cdd63ba64bea469c267c" prot="public" virt="non-virtual"><scope>Sekander::EntityManager</scope><name>Get</name></member>
      <member refid="d9/dee/class_sekander_1_1_entity_manager_1a10a4ff59b03ab00e9688063de4bc9c98" prot="public" virt="non-virtual"><scope>Sekander::EntityManager</scope><name>ListAllEnties</name></member>
      <member refid="d9/dee/class_sekander_1_1_entity_manager_1ab5c80c9646fea25cb0ab110a4ac51d38" prot="public" virt="non-virtual"><scope>Sekander::EntityManager</scope><name>newEdge</name></member>
      <member refid="d9/dee/class_sekander_1_1_entity_manager_1a0debb38e1fb1e88d3d4e5af522e80b90" prot="public" virt="non-virtual"><scope>Sekander::EntityManager</scope><name>newEdge</name></member>
      <member refid="d9/dee/class_sekander_1_1_entity_manager_1a24bc2a30b608d425aaeded98c1c18cfc" prot="public" virt="non-virtual"><scope>Sekander::EntityManager</scope><name>Render</name></member>
      <member refid="d9/dee/class_sekander_1_1_entity_manager_1a242f0776611b1f2de7c574a059795612" prot="public" virt="non-virtual"><scope>Sekander::EntityManager</scope><name>ReturnMap</name></member>
      <member refid="d9/dee/class_sekander_1_1_entity_manager_1ac2385e541fe3ac866f90daad53892a00" prot="public" virt="non-virtual"><scope>Sekander::EntityManager</scope><name>Update</name></member>
      <member refid="d9/dee/class_sekander_1_1_entity_manager_1af00445583df085f6c28390b4b940ccc5" prot="private" virt="non-virtual"><scope>Sekander::EntityManager</scope><name>vertices</name></member>
      <member refid="d9/dee/class_sekander_1_1_entity_manager_1a40f45e16f17a739a730c1373021e5cc9" prot="private" virt="non-virtual"><scope>Sekander::EntityManager</scope><name>vertices_vec</name></member>
      <member refid="d9/dee/class_sekander_1_1_entity_manager_1ad2d38ab329ff4b57b2d66b807dacdbb3" prot="private" virt="non-virtual"><scope>Sekander::EntityManager</scope><name>world</name></member>
      <member refid="d9/dee/class_sekander_1_1_entity_manager_1adcd3f85835de9ac2eb2af3c876899244" prot="public" virt="non-virtual"><scope>Sekander::EntityManager</scope><name>~EntityManager</name></member>
    </listofallmembers>
  </compounddef>
</doxygen>
