<?xml version='1.0' encoding='UTF-8' standalone='no'?>
<doxygen xmlns:xsi="http://www.w3.org/2001/XMLSchema-instance" xsi:noNamespaceSchemaLocation="compound.xsd" version="1.9.2" xml:lang="en-US">
  <compounddef id="d9/ddd/entity_8cpp" kind="file" language="C++">
    <compoundname>entity.cpp</compoundname>
    <includes refid="d8/d83/entity_8h" local="yes">entity.h</includes>
    <incdepgraph>
      <node id="1">
        <label>entity.cpp</label>
        <link refid="d9/ddd/entity_8cpp"/>
        <childnode refid="2" relation="include">
        </childnode>
      </node>
      <node id="2">
        <label>entity.h</label>
        <link refid="d8/d83/entity_8h"/>
        <childnode refid="3" relation="include">
        </childnode>
        <childnode refid="4" relation="include">
        </childnode>
        <childnode refid="5" relation="include">
        </childnode>
        <childnode refid="6" relation="include">
        </childnode>
      </node>
      <node id="3">
        <label>SFML/Graphics.hpp</label>
      </node>
      <node id="5">
        <label>box2d/box2d.h</label>
      </node>
      <node id="6">
        <label>iostream</label>
      </node>
      <node id="4">
        <label>string</label>
      </node>
    </incdepgraph>
    <innernamespace refid="d8/d6a/namespace_sekander">Sekander</innernamespace>
    <briefdescription>
    </briefdescription>
    <detaileddescription>
    </detaileddescription>
    <programlisting>
<codeline lineno="1"><highlight class="preprocessor">#include<sp/>&quot;<ref refid="d8/d83/entity_8h" kindref="compound">entity.h</ref>&quot;</highlight><highlight class="normal"></highlight></codeline>
<codeline lineno="2"><highlight class="normal"></highlight></codeline>
<codeline lineno="3"><highlight class="normal"></highlight><highlight class="keyword">namespace<sp/></highlight><highlight class="normal"><ref refid="d8/d6a/namespace_sekander" kindref="compound">Sekander</ref></highlight></codeline>
<codeline lineno="4"><highlight class="normal">{</highlight></codeline>
<codeline lineno="5"><highlight class="normal"><sp/><sp/><sp/><sp/></highlight></codeline>
<codeline lineno="6" refid="d1/da9/class_sekander_1_1_entity_1a2457570ea4a0a1009937a153f8f071f8" refkind="member"><highlight class="normal"><sp/><sp/><sp/><sp/><ref refid="d1/da9/class_sekander_1_1_entity_1a2457570ea4a0a1009937a153f8f071f8" kindref="member">Entity::Entity</ref>(b2World*<sp/>world)</highlight></codeline>
<codeline lineno="7"><highlight class="normal"><sp/><sp/><sp/><sp/>{</highlight></codeline>
<codeline lineno="8"><highlight class="normal"><sp/><sp/><sp/><sp/><sp/><sp/><sp/><sp/>this-&gt;texture<sp/>=<sp/></highlight><highlight class="keyword">new</highlight><highlight class="normal"><sp/>sf::Texture();</highlight></codeline>
<codeline lineno="9"><highlight class="normal"><sp/><sp/><sp/><sp/><sp/><sp/><sp/><sp/>this-&gt;<ref refid="d1/da9/class_sekander_1_1_entity_1a6bd181c05edd3e27fa18efdd5dab2895" kindref="member">active</ref><sp/>=<sp/>1;</highlight></codeline>
<codeline lineno="10"><highlight class="normal"><sp/><sp/><sp/><sp/><sp/><sp/><sp/><sp/>this-&gt;<ref refid="d1/da9/class_sekander_1_1_entity_1a877b3b7b7b81c7e11cb174d1a4fc3b85" kindref="member">groupId</ref><sp/>=<sp/>0;</highlight></codeline>
<codeline lineno="11"><highlight class="normal"><sp/><sp/><sp/><sp/><sp/><sp/><sp/><sp/>this-&gt;world<sp/>=<sp/><ref refid="d1/da9/class_sekander_1_1_entity_1a6c88c4e735203734409fdd7b1eddca39" kindref="member">world</ref>;</highlight></codeline>
<codeline lineno="12"><highlight class="normal"><sp/><sp/><sp/><sp/>}</highlight></codeline>
<codeline lineno="13"><highlight class="normal"></highlight></codeline>
<codeline lineno="14" refid="d1/da9/class_sekander_1_1_entity_1a0f2ae50422b408ef0de2cdcb31f120b4" refkind="member"><highlight class="normal"><sp/><sp/><sp/><sp/></highlight><highlight class="keywordtype">void</highlight><highlight class="normal"><sp/><ref refid="d1/da9/class_sekander_1_1_entity_1a194f6b6f8a256a3bc0ee73f3eadeb0d0" kindref="member">Entity::CreateEdeg</ref>(</highlight><highlight class="keywordtype">float</highlight><highlight class="normal"><sp/>x_point_origin,<sp/></highlight><highlight class="keywordtype">float</highlight><highlight class="normal"><sp/>y_point_origin,<sp/></highlight><highlight class="keywordtype">float</highlight><highlight class="normal"><sp/>x_point_dest,<sp/></highlight><highlight class="keywordtype">float</highlight><highlight class="normal"><sp/>y_point_dest)</highlight></codeline>
<codeline lineno="15"><highlight class="normal"><sp/><sp/><sp/><sp/>{</highlight></codeline>
<codeline lineno="16"><highlight class="normal"></highlight></codeline>
<codeline lineno="17"><highlight class="normal"><sp/><sp/><sp/><sp/><sp/><sp/></highlight><highlight class="comment">//body<sp/>def</highlight><highlight class="normal"></highlight></codeline>
<codeline lineno="18"><highlight class="normal"><sp/><sp/><sp/><sp/><sp/><sp/><sp/><sp/></highlight><highlight class="comment">//2BodyDef<sp/>myBodyDef;</highlight><highlight class="normal"></highlight></codeline>
<codeline lineno="19"><highlight class="normal"><sp/><sp/><sp/><sp/><sp/><sp/><sp/><sp/>this-&gt;<ref refid="d1/da9/class_sekander_1_1_entity_1af8218d721852341a99eb08ee8ead53ff" kindref="member">bodyDef</ref><sp/>=<sp/></highlight><highlight class="keyword">new</highlight><highlight class="normal"><sp/>b2BodyDef();</highlight></codeline>
<codeline lineno="20"><highlight class="normal"></highlight></codeline>
<codeline lineno="21"><highlight class="normal"><sp/><sp/><sp/><sp/><sp/><sp/><sp/><sp/>this-&gt;<ref refid="d1/da9/class_sekander_1_1_entity_1af8218d721852341a99eb08ee8ead53ff" kindref="member">bodyDef</ref>-&gt;type<sp/>=<sp/>b2_dynamicBody;</highlight></codeline>
<codeline lineno="22"><highlight class="normal"></highlight></codeline>
<codeline lineno="23"><highlight class="normal"><sp/><sp/><sp/><sp/><sp/><sp/><sp/><sp/></highlight><highlight class="comment">//fixture<sp/>def</highlight><highlight class="normal"></highlight></codeline>
<codeline lineno="24"><highlight class="normal"><sp/><sp/><sp/><sp/><sp/><sp/><sp/><sp/></highlight><highlight class="comment">//b2FixtureDef<sp/>myFixtureDef;</highlight><highlight class="normal"></highlight></codeline>
<codeline lineno="25"><highlight class="normal"><sp/><sp/><sp/><sp/><sp/><sp/><sp/><sp/>this-&gt;<ref refid="d1/da9/class_sekander_1_1_entity_1a1320e01ecadb8733a7a6204c8383bd4c" kindref="member">fixtureDef</ref><sp/>=<sp/></highlight><highlight class="keyword">new</highlight><highlight class="normal"><sp/>b2FixtureDef();</highlight></codeline>
<codeline lineno="26"><highlight class="normal"></highlight></codeline>
<codeline lineno="27"><highlight class="normal"><sp/><sp/><sp/><sp/><sp/><sp/><sp/><sp/>this-&gt;<ref refid="d1/da9/class_sekander_1_1_entity_1a1320e01ecadb8733a7a6204c8383bd4c" kindref="member">fixtureDef</ref>-&gt;density<sp/>=<sp/>1;</highlight></codeline>
<codeline lineno="28"><highlight class="normal"><sp/><sp/><sp/><sp/><sp/><sp/><sp/><sp/>this-&gt;<ref refid="d1/da9/class_sekander_1_1_entity_1a1320e01ecadb8733a7a6204c8383bd4c" kindref="member">fixtureDef</ref>-&gt;friction<sp/>=<sp/>0;</highlight></codeline>
<codeline lineno="29"><highlight class="normal"><sp/><sp/><sp/><sp/><sp/><sp/><sp/><sp/>this-&gt;<ref refid="d1/da9/class_sekander_1_1_entity_1a61bec1a7b77dd9b5e08c0908566450d4" kindref="member">body</ref><sp/>=<sp/>this-&gt;<ref refid="d1/da9/class_sekander_1_1_entity_1a6c88c4e735203734409fdd7b1eddca39" kindref="member">world</ref>-&gt;CreateBody(this-&gt;<ref refid="d1/da9/class_sekander_1_1_entity_1af8218d721852341a99eb08ee8ead53ff" kindref="member">bodyDef</ref>);</highlight></codeline>
<codeline lineno="30"><highlight class="normal"></highlight></codeline>
<codeline lineno="31"><highlight class="normal"></highlight></codeline>
<codeline lineno="32"><highlight class="normal"><sp/><sp/><sp/><sp/><sp/></highlight><highlight class="comment">//ground<sp/>made<sp/>of<sp/>edges</highlight><highlight class="normal"></highlight></codeline>
<codeline lineno="33"><highlight class="normal"><sp/><sp/><sp/><sp/><sp/><sp/><sp/><sp/>this-&gt;<ref refid="d1/da9/class_sekander_1_1_entity_1a85af7309806860be286eb7b7fa89856e" kindref="member">edge</ref><sp/>=<sp/></highlight><highlight class="keyword">new</highlight><highlight class="normal"><sp/>b2EdgeShape();</highlight></codeline>
<codeline lineno="34"><highlight class="normal"><sp/><sp/><sp/><sp/><sp/><sp/><sp/><sp/>this-&gt;<ref refid="d1/da9/class_sekander_1_1_entity_1a1320e01ecadb8733a7a6204c8383bd4c" kindref="member">fixtureDef</ref>-&gt;shape<sp/>=<sp/>this-&gt;<ref refid="d1/da9/class_sekander_1_1_entity_1a85af7309806860be286eb7b7fa89856e" kindref="member">edge</ref>;</highlight></codeline>
<codeline lineno="35"><highlight class="normal"><sp/><sp/><sp/><sp/><sp/><sp/><sp/><sp/></highlight></codeline>
<codeline lineno="36"><highlight class="normal"><sp/><sp/><sp/><sp/><sp/><sp/></highlight></codeline>
<codeline lineno="37"><highlight class="normal"></highlight></codeline>
<codeline lineno="38"><highlight class="normal"><sp/><sp/></highlight></codeline>
<codeline lineno="39"><highlight class="normal"></highlight></codeline>
<codeline lineno="40"><highlight class="normal"></highlight></codeline>
<codeline lineno="41"><highlight class="normal"><sp/><sp/><sp/><sp/><sp/><sp/><sp/><sp/>this-&gt;<ref refid="d1/da9/class_sekander_1_1_entity_1a85af7309806860be286eb7b7fa89856e" kindref="member">edge</ref>-&gt;SetTwoSided(<sp/>b2Vec2(x_point_origin,<sp/>y_point_origin),<sp/>b2Vec2(x_point_dest,<sp/>y_point_dest));</highlight></codeline>
<codeline lineno="42"><highlight class="normal"><sp/><sp/><sp/><sp/><sp/><sp/><sp/><sp/>this-&gt;<ref refid="d1/da9/class_sekander_1_1_entity_1a61bec1a7b77dd9b5e08c0908566450d4" kindref="member">body</ref>-&gt;CreateFixture(this-&gt;<ref refid="d1/da9/class_sekander_1_1_entity_1a1320e01ecadb8733a7a6204c8383bd4c" kindref="member">fixtureDef</ref>);</highlight></codeline>
<codeline lineno="43"><highlight class="normal"></highlight></codeline>
<codeline lineno="44"><highlight class="normal"><sp/><sp/><sp/><sp/><sp/><sp/></highlight></codeline>
<codeline lineno="45"><highlight class="normal"></highlight></codeline>
<codeline lineno="46"><highlight class="normal"></highlight></codeline>
<codeline lineno="47"><highlight class="normal"><sp/><sp/><sp/><sp/>}</highlight></codeline>
<codeline lineno="48"><highlight class="normal"></highlight></codeline>
<codeline lineno="49" refid="d1/da9/class_sekander_1_1_entity_1a80ce51e0d09a5ac63eb3c385c47f5d73" refkind="member"><highlight class="normal"><sp/><sp/><sp/><sp/></highlight><highlight class="keywordtype">void</highlight><highlight class="normal"><sp/><ref refid="d1/da9/class_sekander_1_1_entity_1a80ce51e0d09a5ac63eb3c385c47f5d73" kindref="member">Entity::Load</ref>(std::string<sp/>filename,<sp/></highlight><highlight class="keywordtype">bool</highlight><highlight class="normal"><sp/>dynamic,<sp/></highlight></codeline>
<codeline lineno="50"><highlight class="normal"><sp/><sp/><sp/><sp/><sp/><sp/><sp/><sp/><sp/><sp/><sp/><sp/><sp/><sp/><sp/><sp/><sp/><sp/><sp/><sp/><sp/><sp/><sp/><sp/></highlight><highlight class="keywordtype">unsigned</highlight><highlight class="normal"><sp/></highlight><highlight class="keyword">const</highlight><highlight class="normal"><sp/></highlight><highlight class="keywordtype">short</highlight><highlight class="normal"><sp/></highlight><highlight class="keywordtype">int</highlight><highlight class="normal"><sp/>x_frames,</highlight></codeline>
<codeline lineno="51"><highlight class="normal"><sp/><sp/><sp/><sp/><sp/><sp/><sp/><sp/><sp/><sp/><sp/><sp/><sp/><sp/><sp/><sp/><sp/><sp/><sp/><sp/><sp/><sp/><sp/><sp/></highlight><highlight class="keywordtype">unsigned</highlight><highlight class="normal"><sp/></highlight><highlight class="keyword">const</highlight><highlight class="normal"><sp/></highlight><highlight class="keywordtype">short</highlight><highlight class="normal"><sp/></highlight><highlight class="keywordtype">int</highlight><highlight class="normal"><sp/>y_frames)</highlight></codeline>
<codeline lineno="52"><highlight class="normal"><sp/><sp/><sp/><sp/>{</highlight></codeline>
<codeline lineno="53"><highlight class="normal"><sp/><sp/><sp/><sp/><sp/><sp/><sp/><sp/>this-&gt;texture-&gt;loadFromFile(filename);</highlight></codeline>
<codeline lineno="54"><highlight class="normal"><sp/><sp/><sp/><sp/><sp/><sp/><sp/><sp/>this-&gt;setTexture(*this-&gt;texture);</highlight></codeline>
<codeline lineno="55"><highlight class="normal"></highlight></codeline>
<codeline lineno="56"><highlight class="normal"><sp/><sp/><sp/><sp/><sp/><sp/><sp/><sp/></highlight><highlight class="comment">//she-&gt;e_circle<sp/>=<sp/>new<sp/>b2CircleShape();</highlight><highlight class="normal"></highlight></codeline>
<codeline lineno="57"><highlight class="normal"></highlight></codeline>
<codeline lineno="58"><highlight class="normal"></highlight></codeline>
<codeline lineno="59"><highlight class="normal"><sp/><sp/><sp/><sp/><sp/><sp/><sp/><sp/>this-&gt;<ref refid="d1/da9/class_sekander_1_1_entity_1af8218d721852341a99eb08ee8ead53ff" kindref="member">bodyDef</ref><sp/>=<sp/></highlight><highlight class="keyword">new</highlight><highlight class="normal"><sp/>b2BodyDef();</highlight></codeline>
<codeline lineno="60"><highlight class="normal"><sp/><sp/><sp/><sp/><sp/><sp/><sp/><sp/></highlight><highlight class="keywordflow">if</highlight><highlight class="normal"><sp/>(dynamic)</highlight></codeline>
<codeline lineno="61"><highlight class="normal"><sp/><sp/><sp/><sp/><sp/><sp/><sp/><sp/>{</highlight></codeline>
<codeline lineno="62"><highlight class="normal"><sp/><sp/><sp/><sp/><sp/><sp/><sp/><sp/><sp/><sp/><sp/><sp/>this-&gt;<ref refid="d1/da9/class_sekander_1_1_entity_1af8218d721852341a99eb08ee8ead53ff" kindref="member">bodyDef</ref>-&gt;type<sp/>=<sp/>b2_dynamicBody;</highlight></codeline>
<codeline lineno="63"><highlight class="normal"><sp/><sp/><sp/><sp/><sp/><sp/><sp/><sp/>}</highlight></codeline>
<codeline lineno="64"><highlight class="normal"><sp/><sp/><sp/><sp/><sp/><sp/><sp/><sp/></highlight><highlight class="keywordflow">else</highlight><highlight class="normal"></highlight></codeline>
<codeline lineno="65"><highlight class="normal"><sp/><sp/><sp/><sp/><sp/><sp/><sp/><sp/>{</highlight></codeline>
<codeline lineno="66"><highlight class="normal"><sp/><sp/><sp/><sp/><sp/><sp/><sp/><sp/><sp/><sp/><sp/><sp/>this-&gt;<ref refid="d1/da9/class_sekander_1_1_entity_1af8218d721852341a99eb08ee8ead53ff" kindref="member">bodyDef</ref>-&gt;type<sp/>=<sp/>b2_staticBody;</highlight></codeline>
<codeline lineno="67"><highlight class="normal"><sp/><sp/><sp/><sp/><sp/><sp/><sp/><sp/>}</highlight></codeline>
<codeline lineno="68"><highlight class="normal"><sp/><sp/><sp/><sp/><sp/><sp/><sp/><sp/>this-&gt;<ref refid="d1/da9/class_sekander_1_1_entity_1af8218d721852341a99eb08ee8ead53ff" kindref="member">bodyDef</ref>-&gt;position.Set(this-&gt;getPosition().x,<sp/>this-&gt;getPosition().y);</highlight></codeline>
<codeline lineno="69"><highlight class="normal"><sp/><sp/><sp/><sp/><sp/><sp/><sp/><sp/>this-&gt;<ref refid="d1/da9/class_sekander_1_1_entity_1a61bec1a7b77dd9b5e08c0908566450d4" kindref="member">body</ref><sp/>=<sp/>this-&gt;<ref refid="d1/da9/class_sekander_1_1_entity_1a6c88c4e735203734409fdd7b1eddca39" kindref="member">world</ref>-&gt;CreateBody(this-&gt;<ref refid="d1/da9/class_sekander_1_1_entity_1af8218d721852341a99eb08ee8ead53ff" kindref="member">bodyDef</ref>);</highlight></codeline>
<codeline lineno="70"><highlight class="normal"></highlight></codeline>
<codeline lineno="71"><highlight class="normal"><sp/><sp/><sp/><sp/><sp/><sp/><sp/><sp/></highlight><highlight class="comment">//this-&gt;shape<sp/>=<sp/>new<sp/>b2CircleShape();</highlight><highlight class="normal"></highlight></codeline>
<codeline lineno="72"><highlight class="normal"></highlight></codeline>
<codeline lineno="73"><highlight class="normal"><sp/><sp/><sp/><sp/><sp/><sp/><sp/><sp/>this-&gt;<ref refid="d1/da9/class_sekander_1_1_entity_1a51d32e27f0af3c9f1d68cc27117310ad" kindref="member">shape</ref><sp/>=<sp/></highlight><highlight class="keyword">new</highlight><highlight class="normal"><sp/>b2PolygonShape();</highlight></codeline>
<codeline lineno="74"><highlight class="normal"></highlight></codeline>
<codeline lineno="75"><highlight class="normal"><sp/><sp/><sp/><sp/><sp/><sp/><sp/><sp/></highlight><highlight class="keywordflow">if</highlight><highlight class="normal"><sp/>(x_frames<sp/>==<sp/>0<sp/>||<sp/>y_frames<sp/>==<sp/>0)</highlight></codeline>
<codeline lineno="76"><highlight class="normal"><sp/><sp/><sp/><sp/><sp/><sp/><sp/><sp/>{</highlight></codeline>
<codeline lineno="77"><highlight class="normal"></highlight></codeline>
<codeline lineno="78"><highlight class="normal"><sp/><sp/><sp/><sp/><sp/><sp/><sp/><sp/><sp/><sp/><sp/><sp/>this-&gt;<ref refid="d1/da9/class_sekander_1_1_entity_1a51d32e27f0af3c9f1d68cc27117310ad" kindref="member">shape</ref>-&gt;SetAsBox(this-&gt;texture-&gt;getSize().x<sp/>*<sp/>0.5f<sp/>-<sp/>b2_polygonRadius,<sp/></highlight></codeline>
<codeline lineno="79"><highlight class="normal"><sp/><sp/><sp/><sp/><sp/><sp/><sp/><sp/><sp/><sp/><sp/><sp/><sp/><sp/><sp/><sp/><sp/><sp/><sp/><sp/><sp/><sp/><sp/><sp/><sp/><sp/><sp/><sp/><sp/><sp/>this-&gt;texture-&gt;getSize().y<sp/>*<sp/>0.5f<sp/>-<sp/>b2_polygonRadius);</highlight></codeline>
<codeline lineno="80"><highlight class="normal"><sp/><sp/><sp/><sp/><sp/><sp/><sp/><sp/><sp/><sp/><sp/><sp/></highlight></codeline>
<codeline lineno="81"><highlight class="normal"><sp/><sp/><sp/><sp/><sp/><sp/><sp/><sp/><sp/><sp/><sp/><sp/></highlight><highlight class="comment">//this-&gt;shape-&gt;SetAsBox(this-&gt;texture-&gt;getSize().x<sp/>*<sp/>0.5f<sp/>-<sp/>b2_polygonRadius,<sp/></highlight><highlight class="normal"></highlight></codeline>
<codeline lineno="82"><highlight class="normal"><sp/><sp/><sp/><sp/><sp/><sp/><sp/><sp/><sp/><sp/><sp/><sp/><sp/><sp/><sp/><sp/><sp/><sp/><sp/><sp/><sp/><sp/><sp/><sp/><sp/><sp/><sp/><sp/><sp/><sp/></highlight><highlight class="comment">//this-&gt;texture-&gt;getSize().y<sp/>*<sp/>0.5f<sp/>-<sp/>b2_polygonRadius);</highlight><highlight class="normal"></highlight></codeline>
<codeline lineno="83"><highlight class="normal"><sp/><sp/><sp/><sp/><sp/><sp/><sp/><sp/><sp/><sp/><sp/><sp/></highlight><highlight class="comment">//debug<sp/>=<sp/>new<sp/>sf::RectangleShape(sf::Vector2f(this-&gt;texture-&gt;getSize().x,<sp/>this-&gt;texture-&gt;getSize().y));</highlight><highlight class="normal"></highlight></codeline>
<codeline lineno="84"><highlight class="normal"><sp/><sp/><sp/><sp/><sp/><sp/><sp/><sp/><sp/><sp/><sp/><sp/></highlight><highlight class="comment">//debug-&gt;setTextureRect(sf::IntRect(10,30,0,0));</highlight><highlight class="normal"></highlight></codeline>
<codeline lineno="85"><highlight class="normal"></highlight></codeline>
<codeline lineno="86"><highlight class="normal"></highlight></codeline>
<codeline lineno="87"><highlight class="normal"><sp/><sp/><sp/><sp/><sp/><sp/><sp/><sp/><sp/><sp/><sp/><sp/></highlight><highlight class="comment">//debug-&gt;setOrigin(this-&gt;getPosition().x,<sp/>this-&gt;getPosition().y);</highlight><highlight class="normal"></highlight></codeline>
<codeline lineno="88"><highlight class="normal"><sp/><sp/><sp/><sp/><sp/><sp/><sp/><sp/><sp/><sp/><sp/><sp/></highlight></codeline>
<codeline lineno="89"><highlight class="normal"><sp/><sp/><sp/><sp/><sp/><sp/><sp/><sp/><sp/><sp/><sp/><sp/></highlight><highlight class="comment">//debug-&gt;setSize(sf::RectangleShape(this-&gt;texture-&gt;getSize()));</highlight><highlight class="normal"></highlight></codeline>
<codeline lineno="90"><highlight class="normal"><sp/><sp/><sp/><sp/><sp/><sp/><sp/><sp/><sp/><sp/><sp/><sp/></highlight><highlight class="comment">//debug-&gt;setSize(this-&gt;texture-&gt;getSize().x,<sp/>this-&gt;texture-&gt;getSize().x,<sp/>0,<sp/>0);</highlight><highlight class="normal"></highlight></codeline>
<codeline lineno="91"><highlight class="normal"><sp/><sp/><sp/><sp/><sp/><sp/><sp/><sp/><sp/><sp/><sp/><sp/></highlight><highlight class="comment">//debug-&gt;setOutlineColor(sf::Color::Red);</highlight><highlight class="normal"></highlight></codeline>
<codeline lineno="92"><highlight class="normal"><sp/><sp/><sp/><sp/><sp/><sp/><sp/><sp/>}</highlight></codeline>
<codeline lineno="93"><highlight class="normal"><sp/><sp/><sp/><sp/><sp/><sp/><sp/><sp/></highlight><highlight class="keywordflow">else</highlight><highlight class="normal"></highlight></codeline>
<codeline lineno="94"><highlight class="normal"><sp/><sp/><sp/><sp/><sp/><sp/><sp/><sp/>{<sp/><sp/><sp/><sp/><sp/><sp/><sp/></highlight></codeline>
<codeline lineno="95"><highlight class="normal"><sp/><sp/><sp/><sp/><sp/><sp/><sp/><sp/><sp/><sp/><sp/><sp/>this-&gt;<ref refid="d1/da9/class_sekander_1_1_entity_1a51d32e27f0af3c9f1d68cc27117310ad" kindref="member">shape</ref>-&gt;SetAsBox(((this-&gt;texture-&gt;getSize().x)<sp/>/<sp/>x_frames<sp/>)<sp/>*<sp/>0.5f<sp/>,<sp/></highlight></codeline>
<codeline lineno="96"><highlight class="normal"><sp/><sp/><sp/><sp/><sp/><sp/><sp/><sp/><sp/><sp/><sp/><sp/><sp/><sp/><sp/><sp/><sp/><sp/><sp/><sp/><sp/><sp/><sp/><sp/><sp/><sp/><sp/><sp/><sp/><sp/><sp/><sp/><sp/><sp/><sp/><sp/><sp/><sp/>((this-&gt;texture-&gt;getSize().y)<sp/>/<sp/>y_frames<sp/>)*<sp/>0.5f<sp/>);</highlight></codeline>
<codeline lineno="97"><highlight class="normal"><sp/><sp/><sp/><sp/><sp/><sp/><sp/><sp/><sp/><sp/><sp/><sp/></highlight></codeline>
<codeline lineno="98"><highlight class="normal"><sp/><sp/><sp/><sp/><sp/><sp/><sp/><sp/><sp/><sp/><sp/><sp/></highlight><highlight class="comment">//this-&gt;shape-&gt;SetAsBox(((this-&gt;texture-&gt;getSize().x)<sp/>/<sp/>x_frames<sp/>)<sp/>*<sp/>0.5f<sp/>-<sp/>b2_polygonRadius,<sp/></highlight><highlight class="normal"></highlight></codeline>
<codeline lineno="99"><highlight class="normal"><sp/><sp/><sp/><sp/><sp/><sp/><sp/><sp/><sp/><sp/><sp/><sp/></highlight><highlight class="comment">//<sp/><sp/>((this-&gt;texture-&gt;getSize().y)<sp/>/<sp/>y_frames<sp/>)*<sp/>0.5f<sp/>-<sp/>b2_polygonRadius);</highlight><highlight class="normal"></highlight></codeline>
<codeline lineno="100"><highlight class="normal"></highlight></codeline>
<codeline lineno="101"><highlight class="normal"><sp/><sp/><sp/><sp/><sp/><sp/><sp/><sp/><sp/><sp/><sp/><sp/></highlight></codeline>
<codeline lineno="102"><highlight class="normal"><sp/><sp/><sp/><sp/><sp/><sp/><sp/><sp/><sp/><sp/><sp/><sp/></highlight><highlight class="comment">//debug<sp/>=<sp/>new<sp/>sf::RectangleShape(sf::Vector2f(this-&gt;texture-&gt;getSize().x,<sp/>this-&gt;texture-&gt;getSize().y));</highlight><highlight class="normal"></highlight></codeline>
<codeline lineno="103"><highlight class="normal"><sp/><sp/><sp/><sp/><sp/><sp/><sp/><sp/><sp/><sp/><sp/><sp/></highlight></codeline>
<codeline lineno="104"><highlight class="normal"><sp/><sp/><sp/><sp/><sp/><sp/><sp/><sp/><sp/><sp/><sp/><sp/></highlight></codeline>
<codeline lineno="105"><highlight class="normal"><sp/><sp/><sp/><sp/><sp/><sp/><sp/><sp/><sp/><sp/><sp/><sp/></highlight><highlight class="comment">//debug-&gt;setTextureRect(sf::IntRect(10,30,0,0));</highlight><highlight class="normal"></highlight></codeline>
<codeline lineno="106"><highlight class="normal"></highlight></codeline>
<codeline lineno="107"><highlight class="normal"></highlight><highlight class="comment">//<sp/><sp/><sp/><sp/><sp/><sp/><sp/><sp/><sp/><sp/>debug-&gt;setOrigin(this-&gt;getPosition().x,<sp/>this-&gt;getPosition().y);</highlight><highlight class="normal"></highlight></codeline>
<codeline lineno="108"><highlight class="normal"><sp/><sp/><sp/><sp/><sp/><sp/><sp/><sp/><sp/><sp/><sp/><sp/></highlight></codeline>
<codeline lineno="109"><highlight class="normal"><sp/><sp/><sp/><sp/><sp/><sp/><sp/><sp/><sp/><sp/><sp/><sp/></highlight><highlight class="comment">//debug-&gt;setOrigin(this-&gt;getOrigin());</highlight><highlight class="normal"></highlight></codeline>
<codeline lineno="110"><highlight class="normal"></highlight><highlight class="comment">//<sp/><sp/><sp/><sp/><sp/><sp/><sp/><sp/><sp/><sp/>debug-&gt;setTextureRect(this-&gt;getTextureRect());</highlight><highlight class="normal"></highlight></codeline>
<codeline lineno="111"><highlight class="normal"><sp/><sp/><sp/><sp/><sp/><sp/><sp/><sp/><sp/><sp/><sp/><sp/></highlight><highlight class="comment">//debug-&gt;setOutlineColor(sf::Color::Red);</highlight><highlight class="normal"></highlight></codeline>
<codeline lineno="112"><highlight class="normal"><sp/><sp/><sp/><sp/><sp/><sp/><sp/><sp/>}</highlight></codeline>
<codeline lineno="113"><highlight class="normal"></highlight></codeline>
<codeline lineno="114"><highlight class="normal"><sp/><sp/><sp/><sp/><sp/><sp/><sp/><sp/>this-&gt;<ref refid="d1/da9/class_sekander_1_1_entity_1a1320e01ecadb8733a7a6204c8383bd4c" kindref="member">fixtureDef</ref><sp/>=<sp/></highlight><highlight class="keyword">new</highlight><highlight class="normal"><sp/>b2FixtureDef();</highlight></codeline>
<codeline lineno="115"><highlight class="normal"><sp/><sp/><sp/><sp/><sp/><sp/><sp/><sp/>this-&gt;<ref refid="d1/da9/class_sekander_1_1_entity_1a1320e01ecadb8733a7a6204c8383bd4c" kindref="member">fixtureDef</ref>-&gt;shape<sp/>=<sp/>this-&gt;<ref refid="d1/da9/class_sekander_1_1_entity_1a51d32e27f0af3c9f1d68cc27117310ad" kindref="member">shape</ref>;</highlight></codeline>
<codeline lineno="116"><highlight class="normal"></highlight></codeline>
<codeline lineno="117"><highlight class="normal"><sp/><sp/><sp/><sp/><sp/><sp/><sp/><sp/></highlight></codeline>
<codeline lineno="118"><highlight class="normal"></highlight></codeline>
<codeline lineno="119"><highlight class="normal"><sp/><sp/><sp/><sp/><sp/><sp/><sp/><sp/></highlight><highlight class="keywordflow">if</highlight><highlight class="normal"><sp/>(dynamic)</highlight></codeline>
<codeline lineno="120"><highlight class="normal"><sp/><sp/><sp/><sp/><sp/><sp/><sp/><sp/>{</highlight></codeline>
<codeline lineno="121"><highlight class="normal"><sp/><sp/><sp/><sp/><sp/><sp/><sp/><sp/><sp/><sp/><sp/><sp/>this-&gt;<ref refid="d1/da9/class_sekander_1_1_entity_1a1320e01ecadb8733a7a6204c8383bd4c" kindref="member">fixtureDef</ref>-&gt;density<sp/>=<sp/>1.0f;</highlight></codeline>
<codeline lineno="122"><highlight class="normal"><sp/><sp/><sp/><sp/><sp/><sp/><sp/><sp/><sp/><sp/><sp/><sp/>this-&gt;<ref refid="d1/da9/class_sekander_1_1_entity_1a1320e01ecadb8733a7a6204c8383bd4c" kindref="member">fixtureDef</ref>-&gt;friction<sp/>=<sp/>0.3f;</highlight></codeline>
<codeline lineno="123"><highlight class="normal"><sp/><sp/><sp/><sp/><sp/><sp/><sp/><sp/><sp/><sp/><sp/><sp/>this-&gt;<ref refid="d1/da9/class_sekander_1_1_entity_1a61bec1a7b77dd9b5e08c0908566450d4" kindref="member">body</ref>-&gt;CreateFixture(this-&gt;<ref refid="d1/da9/class_sekander_1_1_entity_1a1320e01ecadb8733a7a6204c8383bd4c" kindref="member">fixtureDef</ref>);</highlight></codeline>
<codeline lineno="124"><highlight class="normal"><sp/><sp/><sp/><sp/><sp/><sp/><sp/><sp/>}</highlight></codeline>
<codeline lineno="125"><highlight class="normal"><sp/><sp/><sp/><sp/><sp/><sp/><sp/><sp/></highlight><highlight class="keywordflow">else</highlight><highlight class="normal"></highlight></codeline>
<codeline lineno="126"><highlight class="normal"><sp/><sp/><sp/><sp/><sp/><sp/><sp/><sp/>{</highlight></codeline>
<codeline lineno="127"><highlight class="normal"><sp/><sp/><sp/><sp/><sp/><sp/><sp/><sp/><sp/><sp/><sp/><sp/>this-&gt;<ref refid="d1/da9/class_sekander_1_1_entity_1a61bec1a7b77dd9b5e08c0908566450d4" kindref="member">body</ref>-&gt;CreateFixture(this-&gt;<ref refid="d1/da9/class_sekander_1_1_entity_1a51d32e27f0af3c9f1d68cc27117310ad" kindref="member">shape</ref>,<sp/>0);</highlight></codeline>
<codeline lineno="128"><highlight class="normal"><sp/><sp/><sp/><sp/><sp/><sp/><sp/><sp/>}</highlight></codeline>
<codeline lineno="129"><highlight class="normal"><sp/><sp/><sp/><sp/>}</highlight></codeline>
<codeline lineno="130"><highlight class="normal"></highlight></codeline>
<codeline lineno="131"><highlight class="normal"></highlight></codeline>
<codeline lineno="132"><highlight class="normal"></highlight></codeline>
<codeline lineno="133"><highlight class="normal"></highlight></codeline>
<codeline lineno="134" refid="d1/da9/class_sekander_1_1_entity_1a37320c3ef99e534f80f0306ebdf084ed" refkind="member"><highlight class="normal"><sp/><sp/><sp/><sp/></highlight><highlight class="keywordtype">bool</highlight><highlight class="normal"><sp/><ref refid="d1/da9/class_sekander_1_1_entity_1a37320c3ef99e534f80f0306ebdf084ed" kindref="member">Entity::Update</ref>(sf::RenderWindow&amp;<sp/>window)</highlight></codeline>
<codeline lineno="135"><highlight class="normal"><sp/><sp/><sp/><sp/>{</highlight></codeline>
<codeline lineno="136"><highlight class="normal"><sp/><sp/><sp/><sp/><sp/><sp/><sp/><sp/>b2Vec2<sp/>pos<sp/>=<sp/>this-&gt;<ref refid="d1/da9/class_sekander_1_1_entity_1a61bec1a7b77dd9b5e08c0908566450d4" kindref="member">body</ref>-&gt;GetPosition();</highlight></codeline>
<codeline lineno="137"><highlight class="normal"><sp/><sp/><sp/><sp/><sp/><sp/><sp/><sp/></highlight><highlight class="comment">//float32<sp/>rot<sp/>=<sp/>this-&gt;body-&gt;GetAngle();</highlight><highlight class="normal"></highlight></codeline>
<codeline lineno="138"><highlight class="normal"><sp/><sp/><sp/><sp/><sp/><sp/><sp/><sp/>float_t<sp/>rot<sp/>=<sp/>this-&gt;<ref refid="d1/da9/class_sekander_1_1_entity_1a61bec1a7b77dd9b5e08c0908566450d4" kindref="member">body</ref>-&gt;GetAngle();</highlight></codeline>
<codeline lineno="139"><highlight class="normal"><sp/><sp/><sp/><sp/><sp/><sp/><sp/><sp/>this-&gt;setPosition(pos.x,<sp/>-pos.y);</highlight></codeline>
<codeline lineno="140"><highlight class="normal"><sp/><sp/><sp/><sp/><sp/><sp/><sp/><sp/></highlight><highlight class="comment">//this-&gt;setRotation(rot);</highlight><highlight class="normal"></highlight></codeline>
<codeline lineno="141"><highlight class="normal"><sp/><sp/><sp/><sp/><sp/><sp/><sp/><sp/></highlight><highlight class="comment">//debug-&gt;setPosition(this-&gt;getPosition());</highlight><highlight class="normal"></highlight></codeline>
<codeline lineno="142"><highlight class="normal"></highlight></codeline>
<codeline lineno="143"><highlight class="normal"><sp/><sp/><sp/><sp/><sp/><sp/><sp/><sp/></highlight><highlight class="comment">//debug-&gt;setTextureRect(this-&gt;getGlobalBounds());</highlight><highlight class="normal"></highlight></codeline>
<codeline lineno="144"><highlight class="normal"><sp/><sp/><sp/><sp/><sp/><sp/><sp/><sp/></highlight><highlight class="comment">//f_debug<sp/>=<sp/>new<sp/>sf::FloatRect(this-&gt;getGlobalBounds());</highlight><highlight class="normal"></highlight></codeline>
<codeline lineno="145"><highlight class="normal"><sp/><sp/><sp/><sp/><sp/><sp/><sp/><sp/></highlight><highlight class="comment">//</highlight><highlight class="normal"></highlight></codeline>
<codeline lineno="146"><highlight class="normal"><sp/><sp/><sp/><sp/><sp/><sp/><sp/><sp/></highlight><highlight class="comment">//debug-&gt;setTextureRect(sf::IntRect(10,30,0,0));</highlight><highlight class="normal"></highlight></codeline>
<codeline lineno="147"><highlight class="normal"><sp/><sp/><sp/><sp/><sp/><sp/><sp/><sp/></highlight><highlight class="keywordflow">return</highlight><highlight class="normal"><sp/></highlight><highlight class="keyword">true</highlight><highlight class="normal">;</highlight></codeline>
<codeline lineno="148"><highlight class="normal"><sp/><sp/><sp/><sp/>}</highlight></codeline>
<codeline lineno="149"><highlight class="normal"></highlight></codeline>
<codeline lineno="150" refid="d1/da9/class_sekander_1_1_entity_1a202c7a8db6bcd754ebdd907d4383a6fb" refkind="member"><highlight class="normal"><sp/><sp/><sp/><sp/></highlight><highlight class="keywordtype">bool</highlight><highlight class="normal"><sp/><ref refid="d1/da9/class_sekander_1_1_entity_1a202c7a8db6bcd754ebdd907d4383a6fb" kindref="member">Entity::CheckCollision</ref>(<ref refid="d1/da9/class_sekander_1_1_entity" kindref="compound">Entity</ref>*<sp/>entity)</highlight></codeline>
<codeline lineno="151"><highlight class="normal"><sp/><sp/><sp/><sp/>{</highlight></codeline>
<codeline lineno="152"><highlight class="normal"><sp/><sp/><sp/><sp/><sp/><sp/><sp/><sp/></highlight><highlight class="keywordflow">return</highlight><highlight class="normal"><sp/>this-&gt;getGlobalBounds().intersects(entity-&gt;getGlobalBounds());</highlight></codeline>
<codeline lineno="153"><highlight class="normal"><sp/><sp/><sp/><sp/>}</highlight></codeline>
<codeline lineno="154"><highlight class="normal"></highlight></codeline>
<codeline lineno="155"><highlight class="normal"></highlight></codeline>
<codeline lineno="156" refid="d1/da9/class_sekander_1_1_entity_1a85095c868a53dffcb7d1f9c080448c7f" refkind="member"><highlight class="normal"><sp/><sp/><sp/><sp/></highlight><highlight class="keywordtype">void</highlight><highlight class="normal"><sp/><ref refid="d1/da9/class_sekander_1_1_entity_1a85095c868a53dffcb7d1f9c080448c7f" kindref="member">Entity::Destroy</ref>()</highlight></codeline>
<codeline lineno="157"><highlight class="normal"><sp/><sp/><sp/><sp/>{</highlight></codeline>
<codeline lineno="158"><highlight class="normal"><sp/><sp/><sp/><sp/><sp/><sp/><sp/><sp/>this-&gt;<ref refid="d1/da9/class_sekander_1_1_entity_1a6bd181c05edd3e27fa18efdd5dab2895" kindref="member">active</ref><sp/>=<sp/>0;</highlight></codeline>
<codeline lineno="159"><highlight class="normal"><sp/><sp/><sp/><sp/>}</highlight></codeline>
<codeline lineno="160"><highlight class="normal"></highlight></codeline>
<codeline lineno="161" refid="d1/da9/class_sekander_1_1_entity_1a084a9bfb47b0efd2c5098e5f97b51c79" refkind="member"><highlight class="normal"><sp/><sp/><sp/><sp/></highlight><highlight class="keywordtype">void</highlight><highlight class="normal"><sp/><ref refid="d1/da9/class_sekander_1_1_entity_1a084a9bfb47b0efd2c5098e5f97b51c79" kindref="member">Entity::Enable</ref>()</highlight></codeline>
<codeline lineno="162"><highlight class="normal"><sp/><sp/><sp/><sp/>{</highlight></codeline>
<codeline lineno="163"><highlight class="normal"><sp/><sp/><sp/><sp/><sp/><sp/><sp/><sp/>this-&gt;<ref refid="d1/da9/class_sekander_1_1_entity_1a6bd181c05edd3e27fa18efdd5dab2895" kindref="member">active</ref><sp/>=<sp/>1;</highlight></codeline>
<codeline lineno="164"><highlight class="normal"><sp/><sp/><sp/><sp/>}</highlight></codeline>
<codeline lineno="165"><highlight class="normal"></highlight></codeline>
<codeline lineno="166" refid="d1/da9/class_sekander_1_1_entity_1a2246c81f180544956e614c786b7a2427" refkind="member"><highlight class="normal"><sp/><sp/><sp/><sp/><ref refid="d1/da9/class_sekander_1_1_entity_1a2246c81f180544956e614c786b7a2427" kindref="member">Entity::~Entity</ref>()</highlight></codeline>
<codeline lineno="167"><highlight class="normal"><sp/><sp/><sp/><sp/>{</highlight></codeline>
<codeline lineno="168"><highlight class="normal"><sp/><sp/><sp/><sp/><sp/><sp/><sp/><sp/>std::cout<sp/>&lt;&lt;<sp/></highlight><highlight class="stringliteral">&quot;DEBUG<sp/>DELETION&quot;</highlight><highlight class="normal"><sp/>&lt;&lt;<sp/>std::endl;</highlight></codeline>
<codeline lineno="169"><highlight class="normal"><sp/><sp/><sp/><sp/><sp/><sp/><sp/><sp/>this-&gt;texture<sp/>=<sp/>NULL;</highlight></codeline>
<codeline lineno="170"><highlight class="normal"><sp/><sp/><sp/><sp/><sp/><sp/><sp/><sp/>this-&gt;<ref refid="d1/da9/class_sekander_1_1_entity_1af8218d721852341a99eb08ee8ead53ff" kindref="member">bodyDef</ref><sp/>=<sp/>NULL;</highlight></codeline>
<codeline lineno="171"><highlight class="normal"><sp/><sp/><sp/><sp/><sp/><sp/><sp/><sp/></highlight><highlight class="comment">//this-&gt;body<sp/>=<sp/>NULL;</highlight><highlight class="normal"></highlight></codeline>
<codeline lineno="172"><highlight class="normal"><sp/><sp/><sp/><sp/><sp/><sp/><sp/><sp/>this-&gt;<ref refid="d1/da9/class_sekander_1_1_entity_1a51d32e27f0af3c9f1d68cc27117310ad" kindref="member">shape</ref><sp/>=<sp/>NULL;<sp/></highlight></codeline>
<codeline lineno="173"><highlight class="normal"><sp/><sp/><sp/><sp/><sp/><sp/><sp/><sp/>this-&gt;<ref refid="d1/da9/class_sekander_1_1_entity_1a1320e01ecadb8733a7a6204c8383bd4c" kindref="member">fixtureDef</ref><sp/>=<sp/>NULL;</highlight></codeline>
<codeline lineno="174"><highlight class="normal"><sp/><sp/><sp/><sp/><sp/><sp/><sp/><sp/></highlight><highlight class="comment">//this-&gt;body-&gt;DestroyFixture(this-&gt;fixtureDef);</highlight><highlight class="normal"></highlight></codeline>
<codeline lineno="175"><highlight class="normal"></highlight></codeline>
<codeline lineno="176"><highlight class="normal"></highlight></codeline>
<codeline lineno="177"><highlight class="normal"><sp/><sp/><sp/><sp/><sp/><sp/><sp/><sp/></highlight><highlight class="comment">//std::cout<sp/>&lt;&lt;<sp/>&quot;DEBUG<sp/>DELETION#&quot;<sp/>&lt;&lt;<sp/>std::endl;</highlight><highlight class="normal"></highlight></codeline>
<codeline lineno="178"><highlight class="normal"></highlight></codeline>
<codeline lineno="179"><highlight class="normal"><sp/><sp/><sp/><sp/><sp/><sp/><sp/><sp/></highlight><highlight class="keyword">delete</highlight><highlight class="normal"><sp/>this-&gt;texture;</highlight></codeline>
<codeline lineno="180"><highlight class="normal"><sp/><sp/><sp/><sp/><sp/><sp/><sp/><sp/></highlight><highlight class="comment">//std::cout<sp/>&lt;&lt;<sp/>&quot;DEBUG<sp/>DELETION##&quot;<sp/>&lt;&lt;<sp/>std::endl;</highlight><highlight class="normal"></highlight></codeline>
<codeline lineno="181"><highlight class="normal"></highlight></codeline>
<codeline lineno="182"><highlight class="normal"><sp/><sp/><sp/><sp/><sp/><sp/><sp/><sp/></highlight><highlight class="keyword">delete</highlight><highlight class="normal"><sp/>this-&gt;<ref refid="d1/da9/class_sekander_1_1_entity_1af8218d721852341a99eb08ee8ead53ff" kindref="member">bodyDef</ref>;</highlight></codeline>
<codeline lineno="183"><highlight class="normal"><sp/><sp/><sp/><sp/><sp/><sp/><sp/><sp/></highlight><highlight class="comment">//std::cout<sp/>&lt;&lt;<sp/>&quot;DEBUG<sp/>DELETION###&quot;<sp/>&lt;&lt;<sp/>std::endl;</highlight><highlight class="normal"></highlight></codeline>
<codeline lineno="184"><highlight class="normal"><sp/><sp/><sp/><sp/><sp/><sp/><sp/><sp/></highlight></codeline>
<codeline lineno="185"><highlight class="normal"><sp/><sp/><sp/><sp/><sp/><sp/><sp/><sp/></highlight><highlight class="keyword">delete</highlight><highlight class="normal"><sp/>this-&gt;<ref refid="d1/da9/class_sekander_1_1_entity_1a51d32e27f0af3c9f1d68cc27117310ad" kindref="member">shape</ref>;</highlight></codeline>
<codeline lineno="186"><highlight class="normal"><sp/><sp/><sp/><sp/><sp/><sp/><sp/><sp/></highlight><highlight class="comment">//std::cout<sp/>&lt;&lt;<sp/>&quot;DEBUG<sp/>DELETION####&quot;<sp/>&lt;&lt;<sp/>std::endl;</highlight><highlight class="normal"></highlight></codeline>
<codeline lineno="187"><highlight class="normal"></highlight></codeline>
<codeline lineno="188"><highlight class="normal"><sp/><sp/><sp/><sp/><sp/><sp/><sp/><sp/></highlight><highlight class="keyword">delete</highlight><highlight class="normal"><sp/>this-&gt;<ref refid="d1/da9/class_sekander_1_1_entity_1a1320e01ecadb8733a7a6204c8383bd4c" kindref="member">fixtureDef</ref>;</highlight></codeline>
<codeline lineno="189"><highlight class="normal"><sp/><sp/><sp/><sp/><sp/><sp/><sp/><sp/></highlight><highlight class="comment">//std::cout<sp/>&lt;&lt;<sp/>&quot;DEBUG<sp/>DELETION#####&quot;<sp/>&lt;&lt;<sp/>std::endl;</highlight><highlight class="normal"></highlight></codeline>
<codeline lineno="190"><highlight class="normal"><sp/><sp/><sp/><sp/><sp/><sp/><sp/><sp/>this-&gt;<ref refid="d1/da9/class_sekander_1_1_entity_1a6c88c4e735203734409fdd7b1eddca39" kindref="member">world</ref>-&gt;DestroyBody(this-&gt;<ref refid="d1/da9/class_sekander_1_1_entity_1a61bec1a7b77dd9b5e08c0908566450d4" kindref="member">body</ref>);</highlight></codeline>
<codeline lineno="191"><highlight class="normal"><sp/><sp/><sp/><sp/><sp/><sp/><sp/><sp/></highlight></codeline>
<codeline lineno="192"><highlight class="normal"><sp/><sp/><sp/><sp/><sp/><sp/><sp/><sp/>std::cout<sp/>&lt;&lt;<sp/></highlight><highlight class="stringliteral">&quot;LAST<sp/>DEBUG<sp/>DELETION######&quot;</highlight><highlight class="normal"><sp/>&lt;&lt;<sp/>std::endl;</highlight></codeline>
<codeline lineno="193"><highlight class="normal"></highlight></codeline>
<codeline lineno="194"><highlight class="normal"><sp/><sp/><sp/><sp/><sp/><sp/><sp/><sp/></highlight><highlight class="comment">//delete<sp/>this-&gt;body;</highlight><highlight class="normal"></highlight></codeline>
<codeline lineno="195"><highlight class="normal"><sp/><sp/><sp/><sp/>}</highlight></codeline>
<codeline lineno="196"><highlight class="normal"></highlight></codeline>
<codeline lineno="197"><highlight class="normal"></highlight></codeline>
<codeline lineno="198"><highlight class="normal">}<sp/></highlight><highlight class="comment">//<sp/>namespace<sp/>Sekander</highlight><highlight class="normal"></highlight></codeline>
    </programlisting>
    <location file="entity.cpp"/>
  </compounddef>
</doxygen>
