<?xml version='1.0' encoding='UTF-8' standalone='no'?>
<doxygen xmlns:xsi="http://www.w3.org/2001/XMLSchema-instance" xsi:noNamespaceSchemaLocation="compound.xsd" version="1.9.2" xml:lang="en-US">
  <compounddef id="db/df6/_h_u_d_8hpp" kind="file" language="C++">
    <compoundname>HUD.hpp</compoundname>
    <includes local="no">SFML/Graphics.hpp</includes>
    <includes refid="df/d44/_d_e_f_i_n_i_t_i_o_n_s_8hpp" local="yes">DEFINITIONS.hpp</includes>
    <includes refid="d2/d07/_game_8hpp" local="yes">Game.hpp</includes>
    <includedby refid="d2/d86/_game_state_8hpp" local="yes">GameState.hpp</includedby>
    <includedby refid="d9/d2a/_h_u_d_8cpp" local="yes">HUD.cpp</includedby>
    <incdepgraph>
      <node id="10">
        <label>AssetManager.hpp</label>
        <link refid="d2/d03/_asset_manager_8hpp"/>
        <childnode refid="11" relation="include">
        </childnode>
        <childnode refid="2" relation="include">
        </childnode>
      </node>
      <node id="3">
        <label>DEFINITIONS.hpp</label>
        <link refid="df/d44/_d_e_f_i_n_i_t_i_o_n_s_8hpp"/>
      </node>
      <node id="4">
        <label>Game.hpp</label>
        <link refid="d2/d07/_game_8hpp"/>
        <childnode refid="5" relation="include">
        </childnode>
        <childnode refid="6" relation="include">
        </childnode>
        <childnode refid="2" relation="include">
        </childnode>
        <childnode refid="7" relation="include">
        </childnode>
        <childnode refid="10" relation="include">
        </childnode>
        <childnode refid="12" relation="include">
        </childnode>
        <childnode refid="13" relation="include">
        </childnode>
      </node>
      <node id="1">
        <label>HUD.hpp</label>
        <link refid="db/df6/_h_u_d_8hpp"/>
        <childnode refid="2" relation="include">
        </childnode>
        <childnode refid="3" relation="include">
        </childnode>
        <childnode refid="4" relation="include">
        </childnode>
      </node>
      <node id="12">
        <label>InputManager.hpp</label>
        <link refid="dc/d9f/_input_manager_8hpp"/>
        <childnode refid="2" relation="include">
        </childnode>
      </node>
      <node id="9">
        <label>State.hpp</label>
        <link refid="d5/d5d/_state_8hpp"/>
      </node>
      <node id="7">
        <label>StateMachine.hpp</label>
        <link refid="d8/d91/_state_machine_8hpp"/>
        <childnode refid="5" relation="include">
        </childnode>
        <childnode refid="8" relation="include">
        </childnode>
        <childnode refid="9" relation="include">
        </childnode>
      </node>
      <node id="17">
        <label>entity.h</label>
        <link refid="d8/d83/entity_8h"/>
        <childnode refid="2" relation="include">
        </childnode>
        <childnode refid="6" relation="include">
        </childnode>
        <childnode refid="16" relation="include">
        </childnode>
        <childnode refid="18" relation="include">
        </childnode>
      </node>
      <node id="13">
        <label>entity_manager.h</label>
        <link refid="df/d8c/entity__manager_8h"/>
        <childnode refid="14" relation="include">
        </childnode>
        <childnode refid="15" relation="include">
        </childnode>
        <childnode refid="16" relation="include">
        </childnode>
        <childnode refid="17" relation="include">
        </childnode>
      </node>
      <node id="2">
        <label>SFML/Graphics.hpp</label>
      </node>
      <node id="16">
        <label>box2d/box2d.h</label>
      </node>
      <node id="18">
        <label>iostream</label>
      </node>
      <node id="11">
        <label>map</label>
      </node>
      <node id="5">
        <label>memory</label>
      </node>
      <node id="8">
        <label>stack</label>
      </node>
      <node id="6">
        <label>string</label>
      </node>
      <node id="14">
        <label>unordered_map</label>
      </node>
      <node id="15">
        <label>vector</label>
      </node>
    </incdepgraph>
    <invincdepgraph>
      <node id="3">
        <label>Game.cpp</label>
        <link refid="d7/db5/_game_8cpp"/>
      </node>
      <node id="4">
        <label>GameOverState.cpp</label>
        <link refid="d1/db6/_game_over_state_8cpp"/>
      </node>
      <node id="5">
        <label>GameState.cpp</label>
        <link refid="d7/d85/_game_state_8cpp"/>
      </node>
      <node id="2">
        <label>GameState.hpp</label>
        <link refid="d2/d86/_game_state_8hpp"/>
        <childnode refid="3" relation="include">
        </childnode>
        <childnode refid="4" relation="include">
        </childnode>
        <childnode refid="5" relation="include">
        </childnode>
        <childnode refid="6" relation="include">
        </childnode>
      </node>
      <node id="7">
        <label>HUD.cpp</label>
        <link refid="d9/d2a/_h_u_d_8cpp"/>
      </node>
      <node id="1">
        <label>HUD.hpp</label>
        <link refid="db/df6/_h_u_d_8hpp"/>
        <childnode refid="2" relation="include">
        </childnode>
        <childnode refid="7" relation="include">
        </childnode>
      </node>
      <node id="6">
        <label>MainMenuState.cpp</label>
        <link refid="df/d24/_main_menu_state_8cpp"/>
      </node>
    </invincdepgraph>
    <innerclass refid="d1/d6b/class_sekander_1_1_h_u_d" prot="public">Sekander::HUD</innerclass>
    <innernamespace refid="d8/d6a/namespace_sekander">Sekander</innernamespace>
    <briefdescription>
    </briefdescription>
    <detaileddescription>
    </detaileddescription>
    <programlisting>
<codeline lineno="1"><highlight class="preprocessor">#pragma<sp/>once</highlight><highlight class="normal"></highlight></codeline>
<codeline lineno="2"><highlight class="normal"></highlight></codeline>
<codeline lineno="3"><highlight class="normal"></highlight></codeline>
<codeline lineno="4"><highlight class="normal"></highlight><highlight class="preprocessor">#include<sp/>&lt;SFML/Graphics.hpp&gt;</highlight><highlight class="normal"></highlight></codeline>
<codeline lineno="5"><highlight class="normal"></highlight><highlight class="preprocessor">#include<sp/>&quot;<ref refid="df/d44/_d_e_f_i_n_i_t_i_o_n_s_8hpp" kindref="compound">DEFINITIONS.hpp</ref>&quot;</highlight><highlight class="normal"></highlight></codeline>
<codeline lineno="6"><highlight class="normal"></highlight><highlight class="preprocessor">#include<sp/>&quot;<ref refid="d2/d07/_game_8hpp" kindref="compound">Game.hpp</ref>&quot;</highlight><highlight class="normal"></highlight></codeline>
<codeline lineno="7"><highlight class="normal"></highlight></codeline>
<codeline lineno="8"><highlight class="normal"></highlight><highlight class="keyword">namespace<sp/></highlight><highlight class="normal"><ref refid="d8/d6a/namespace_sekander" kindref="compound">Sekander</ref><sp/></highlight></codeline>
<codeline lineno="9"><highlight class="normal">{</highlight></codeline>
<codeline lineno="10" refid="d1/d6b/class_sekander_1_1_h_u_d" refkind="compound"><highlight class="normal"><sp/><sp/><sp/><sp/></highlight><highlight class="keyword">class<sp/></highlight><highlight class="normal"><ref refid="d1/d6b/class_sekander_1_1_h_u_d" kindref="compound">HUD</ref></highlight></codeline>
<codeline lineno="11"><highlight class="normal"><sp/><sp/><sp/><sp/>{</highlight></codeline>
<codeline lineno="12"><highlight class="normal"><sp/><sp/><sp/><sp/><sp/><sp/><sp/><sp/></highlight><highlight class="keyword">public</highlight><highlight class="normal">:</highlight></codeline>
<codeline lineno="13"><highlight class="normal"><sp/><sp/><sp/><sp/><sp/><sp/><sp/><sp/><sp/><sp/><sp/><sp/><ref refid="d1/d6b/class_sekander_1_1_h_u_d_1a36e8acd746cc8528c579f9a443433f49" kindref="member">HUD</ref>(<ref refid="d8/d6a/namespace_sekander_1a1d69b002ba2d23020901c28f0def5e16" kindref="member">GameDataRef</ref><sp/>data);</highlight></codeline>
<codeline lineno="14"><highlight class="normal"></highlight></codeline>
<codeline lineno="15"><highlight class="normal"></highlight></codeline>
<codeline lineno="16" refid="d1/d6b/class_sekander_1_1_h_u_d_1adae59bd419e3efb72e52039025cc390d" refkind="member"><highlight class="normal"><sp/><sp/><sp/><sp/><sp/><sp/><sp/><sp/><sp/><sp/><sp/><sp/></highlight><highlight class="keywordtype">void</highlight><highlight class="normal"><sp/><ref refid="d1/d6b/class_sekander_1_1_h_u_d_1adae59bd419e3efb72e52039025cc390d" kindref="member">setPositon</ref>();</highlight></codeline>
<codeline lineno="17"><highlight class="normal"><sp/><sp/><sp/><sp/><sp/><sp/><sp/><sp/><sp/><sp/><sp/><sp/></highlight><highlight class="keywordtype">void</highlight><highlight class="normal"><sp/><ref refid="d1/d6b/class_sekander_1_1_h_u_d_1a79da321cb1474c30707d744cf2598fda" kindref="member">Draw</ref>();</highlight></codeline>
<codeline lineno="18"><highlight class="normal"><sp/><sp/><sp/><sp/><sp/><sp/><sp/><sp/><sp/><sp/><sp/><sp/></highlight><highlight class="keywordtype">void</highlight><highlight class="normal"><sp/><ref refid="d1/d6b/class_sekander_1_1_h_u_d_1ad94d4fa9b5d08ee9b8759b581fd7bc00" kindref="member">Update</ref>();</highlight></codeline>
<codeline lineno="19"><highlight class="normal"><sp/><sp/><sp/><sp/><sp/><sp/><sp/><sp/><sp/><sp/><sp/><sp/></highlight></codeline>
<codeline lineno="20"><highlight class="normal"><sp/><sp/><sp/><sp/><sp/><sp/><sp/><sp/><sp/><sp/><sp/><sp/></highlight><highlight class="keywordtype">void</highlight><highlight class="normal"><sp/><ref refid="d1/d6b/class_sekander_1_1_h_u_d_1a1acd603a773e2ccddb08d7e97a658a01" kindref="member">UpdateScore</ref>(</highlight><highlight class="keywordtype">int</highlight><highlight class="normal"><sp/>score);</highlight></codeline>
<codeline lineno="21"><highlight class="normal"></highlight></codeline>
<codeline lineno="22"><highlight class="normal"><sp/><sp/><sp/><sp/><sp/><sp/><sp/><sp/><sp/><sp/><sp/><sp/></highlight><highlight class="keywordtype">void</highlight><highlight class="normal"><sp/><ref refid="d1/d6b/class_sekander_1_1_h_u_d_1a485d26aab99f64815832644f0fba8057" kindref="member">Update_text</ref>(std::string);</highlight></codeline>
<codeline lineno="23"><highlight class="normal"></highlight></codeline>
<codeline lineno="24"><highlight class="normal"><sp/><sp/><sp/><sp/><sp/><sp/><sp/><sp/></highlight><highlight class="keyword">private</highlight><highlight class="normal">:</highlight></codeline>
<codeline lineno="25"><highlight class="normal"></highlight></codeline>
<codeline lineno="26"><highlight class="normal"></highlight></codeline>
<codeline lineno="27"><highlight class="normal"></highlight></codeline>
<codeline lineno="28"><highlight class="normal"><sp/><sp/><sp/><sp/><sp/><sp/><sp/><sp/><sp/><sp/><sp/><sp/>sf::Text<sp/>m_text;</highlight></codeline>
<codeline lineno="29"><highlight class="normal"><sp/><sp/><sp/><sp/><sp/><sp/><sp/><sp/><sp/><sp/><sp/><sp/></highlight></codeline>
<codeline lineno="30"><highlight class="normal"></highlight></codeline>
<codeline lineno="31"><highlight class="normal"></highlight></codeline>
<codeline lineno="32"><highlight class="normal"></highlight></codeline>
<codeline lineno="33"><highlight class="normal"></highlight></codeline>
<codeline lineno="34"><highlight class="normal"><sp/><sp/><sp/><sp/><sp/><sp/><sp/><sp/><sp/><sp/><sp/><sp/><ref refid="d8/d6a/namespace_sekander_1a1d69b002ba2d23020901c28f0def5e16" kindref="member">GameDataRef</ref><sp/>_data;</highlight></codeline>
<codeline lineno="35"><highlight class="normal"><sp/><sp/><sp/><sp/><sp/><sp/><sp/><sp/><sp/><sp/><sp/><sp/>sf::Text<sp/>_scoreText;</highlight></codeline>
<codeline lineno="36"><highlight class="normal"><sp/><sp/><sp/><sp/><sp/><sp/><sp/><sp/><sp/><sp/><sp/><sp/>sf::Text<sp/>text;</highlight></codeline>
<codeline lineno="37"><highlight class="normal"></highlight></codeline>
<codeline lineno="38"><highlight class="normal"><sp/><sp/><sp/><sp/><sp/><sp/><sp/><sp/><sp/><sp/><sp/><sp/>sf::Text<sp/>m_clock_text;</highlight></codeline>
<codeline lineno="39"><highlight class="normal"></highlight></codeline>
<codeline lineno="40"><highlight class="normal"></highlight></codeline>
<codeline lineno="41"><highlight class="normal"></highlight><highlight class="keywordtype">int</highlight><highlight class="normal"><sp/>test<sp/>=<sp/>1000;</highlight></codeline>
<codeline lineno="42"><highlight class="normal"></highlight></codeline>
<codeline lineno="43"><highlight class="normal">sf::Text<sp/>mytext;</highlight></codeline>
<codeline lineno="44"><highlight class="normal"></highlight></codeline>
<codeline lineno="45"><highlight class="normal"><sp/><sp/><sp/><sp/><sp/><sp/><sp/><sp/></highlight><highlight class="comment">//sf::Sprite<sp/>*sprite;</highlight><highlight class="normal"></highlight></codeline>
<codeline lineno="46"><highlight class="normal"><sp/><sp/><sp/><sp/><sp/><sp/><sp/><sp/></highlight><highlight class="comment">//sf::Text<sp/><sp/><sp/>*hud_text;</highlight><highlight class="normal"></highlight></codeline>
<codeline lineno="47"><highlight class="normal"></highlight><highlight class="comment">//std::stringstream<sp/>ss;<sp/></highlight><highlight class="normal"></highlight></codeline>
<codeline lineno="48"><highlight class="normal"></highlight></codeline>
<codeline lineno="49"><highlight class="normal"></highlight></codeline>
<codeline lineno="50"><highlight class="normal"><sp/><sp/><sp/><sp/>};</highlight></codeline>
<codeline lineno="51"><highlight class="normal">}</highlight></codeline>
    </programlisting>
    <location file="HUD.hpp"/>
  </compounddef>
</doxygen>
