<?xml version='1.0' encoding='UTF-8'?>

<Splash_State>
	<head>
		<version>1.0</version>
	</head>
	<body>
		<tx>
			<param  key='NEWkirbySTAR'
						file_name="Resources/res/red.png"
						source_x="0"
						source_y="0"
						sprite_WIDTH="32"
						sprite_HEIGHT="32"
						sprite_X_FRAMES="8"
						sprite_Y_FRAMES="12"
						sprite_X_POS="100"
						sprite_Y_POS="100"
						sprite_ANGLE="0"
	    		/>




			<param  key="NEWkirbySTA"
						file_name="Resources/res/red.png"
						source_x="0"
						source_y="0"
						sprite_WIDTH="32"
						sprite_HEIGHT="32"
						sprite_X_FRAMES="8"
						sprite_Y_FRAMES="12"
						sprite_X_POS="150"
						sprite_Y_POS="100"
						sprite_ANGLE="0"
	    		/>


			<param  key="NEWkirbyST"
					file_name="Resources/res/kirby.png"
					source_x="4"
					source_y="4"
					sprite_WIDTH="38"
					sprite_HEIGHT="36"
					sprite_X_FRAMES="8"
					sprite_Y_FRAMES="12"
					sprite_X_POS="200"
					sprite_Y_POS="95"
					sprite_ANGLE="0"
	    		/>
			<param  key="NEWkirbyS"
					file_name="Resources/res/kirby.png"
					source_x="4"
					source_y="4"
					sprite_WIDTH="38"
					sprite_HEIGHT="36"
					sprite_X_FRAMES="8"
					sprite_Y_FRAMES="12"
					sprite_X_POS="300"
					sprite_Y_POS="95"
					sprite_ANGLE="0"
	    		/>






		</tx>

	</body>
</Splash_State>



<Main_Menu_State>
	<head>
		<version>1.0</version>
	</head>
	<body>
		<tx>






			<param  key="settings"
			file_name="Resources/res/Setting_Button.png"
			source_x="0"
			source_y="0"
			sprite_WIDTH="500"
			sprite_HEIGHT="200"
			sprite_X_FRAMES="1"
			sprite_Y_FRAMES="1"
			sprite_X_POS="579"
			sprite_Y_POS="505"
			sprite_ANGLE="0"
	    		/>



			<param  key="SETTINGS"
			file_name="Resources/res/Setting_Button.png"
			source_x="0"
			source_y="0"
			sprite_WIDTH="500"
			sprite_HEIGHT="200"
			sprite_X_FRAMES="1"
			sprite_Y_FRAMES="1"
			sprite_X_POS="579"
			sprite_Y_POS="1273"
			sprite_ANGLE="0"
	    		/>


			<param  key="exit"
			file_name="Resources/res/Exit_button.png"
			source_x="0"
			source_y="0"
			sprite_WIDTH="209"
			sprite_HEIGHT="154"
			sprite_X_FRAMES="1"
			sprite_Y_FRAMES="1"
			sprite_X_POS="579"
			sprite_Y_POS="605"
			sprite_ANGLE="0"
	    		/>

			<param  key="exit2"
		   		file_name="Resources/res/Exit_button.png"
		   		source_x="0"
		   		source_y="0"
		   		sprite_WIDTH="209"
		   		sprite_HEIGHT="154"
		   		sprite_X_FRAMES="1"
		   		sprite_Y_FRAMES="1"
		   		sprite_X_POS="579"
		   		sprite_Y_POS="1373"
		    	sprite_ANGLE="0"
	    		/>







		</tx>

		<gw>


			<param  key="kirby"
		   		file_name="Resources/res/kirby.png"
		   		source_x="4"
		   		source_y="4"
		   		sprite_WIDTH="38"
		   		sprite_HEIGHT="36"
		   		dynamic="true"
		   		sprite_X_FRAMES="8"
		   		sprite_Y_FRAMES="12"
		   		sprite_X_POS="20"
		   		sprite_Y_POS="-95"
		    	sprite_ANGLE="0"
	    		/>

		</gw>


	</body>
</Main_Menu_State>


<GameWorld>
	<head>
		<version>1.0</version>
	</head>
	<body>
		<gw>
			
		<param  key="background1"
	   file_name="Resources/res/sky.png"
	   source_x="0"
	   source_y="0"
	   sprite_WIDTH="768"
	   sprite_HEIGHT="1024"
	   dynamic="true"
	   sprite_X_FRAMES="1"
	   sprite_Y_FRAMES="2"
	   sprite_X_POS="5"
	   sprite_Y_POS="400"
	   sprite_ANGLE="0"
	   />
	   
		<param  key="background2"
	   file_name="Resources/res/sky.png"
	   source_x="0"
	   source_y="0"
	   sprite_WIDTH="768"
	   sprite_HEIGHT="1024"
	   dynamic="true"
	   sprite_X_FRAMES="1"
	   sprite_Y_FRAMES="2"
	   sprite_X_POS="773"
	   sprite_Y_POS="400"
	   sprite_ANGLE="0"
	   />
	   
		<param  key="background3"
	   file_name="Resources/res/sky.png"
	   source_x="0"
	   source_y="0"
	   sprite_WIDTH="768"
	   sprite_HEIGHT="1024"
	   dynamic="true"
	   sprite_X_FRAMES="1"
	   sprite_Y_FRAMES="2"
	   sprite_X_POS="1541"
	   sprite_Y_POS="400"
	   sprite_ANGLE="0"
	   />	   
	     
		<param  key="background4"
	   file_name="Resources/res/sky.png"
	   source_x="0"
	   source_y="0"
	   sprite_WIDTH="768"
	   sprite_HEIGHT="1024"
	   dynamic="true"
	   sprite_X_FRAMES="1"
	   sprite_Y_FRAMES="2"
	   sprite_X_POS="2309"
	   sprite_Y_POS="400"
	   sprite_ANGLE="0"
	   />	 

		<param  key="background5"
	   file_name="Resources/res/sky.png"
	   source_x="0"
	   source_y="0"
	   sprite_WIDTH="768"
	   sprite_HEIGHT="1024"
	   dynamic="true"
	   sprite_X_FRAMES="1"
	   sprite_Y_FRAMES="2"
	   sprite_X_POS="3077"
	   sprite_Y_POS="400"
	   sprite_ANGLE="0"
	   />		  

		<param  key="background6"
	   file_name="Resources/res/sky.png"
	   source_x="0"
	   source_y="0"
	   sprite_WIDTH="768"
	   sprite_HEIGHT="1024"
	   dynamic="true"
	   sprite_X_FRAMES="1"
	   sprite_Y_FRAMES="2"
	   sprite_X_POS="3845"
	   sprite_Y_POS="400"
	   sprite_ANGLE="0"
	   />	

		<param  key="background7"
	   file_name="Resources/res/sky.png"
	   source_x="0"
	   source_y="0"
	   sprite_WIDTH="768"
	   sprite_HEIGHT="1024"
	   dynamic="true"
	   sprite_X_FRAMES="1"
	   sprite_Y_FRAMES="2"
	   sprite_X_POS="4613"
	   sprite_Y_POS="400"
	   sprite_ANGLE="0"
	   />	

		<param  key="background8"
	   file_name="Resources/res/sky.png"
	   source_x="0"
	   source_y="0"
	   sprite_WIDTH="768"
	   sprite_HEIGHT="1024"
	   dynamic="true"
	   sprite_X_FRAMES="1"
	   sprite_Y_FRAMES="2"
	   sprite_X_POS="5381"
	   sprite_Y_POS="400"
	   sprite_ANGLE="0"
	   />		   
	  		
		<param  key="background9"
	   file_name="Resources/res/sky.png"
	   source_x="0"
	   source_y="0"
	   sprite_WIDTH="768"
	   sprite_HEIGHT="1024"
	   dynamic="true"
	   sprite_X_FRAMES="1"
	   sprite_Y_FRAMES="2"
	   sprite_X_POS="6149"
	   sprite_Y_POS="400"
	   sprite_ANGLE="0"
	   />	
	   
		<param  key="background10"
	   file_name="Resources/res/sky.png"
	   source_x="0"
	   source_y="0"
	   sprite_WIDTH="768"
	   sprite_HEIGHT="1024"
	   dynamic="true"
	   sprite_X_FRAMES="1"
	   sprite_Y_FRAMES="2"
	   sprite_X_POS="6917"
	   sprite_Y_POS="400"
	   sprite_ANGLE="0"
	   />	
	   
		<param  key="background11"
	   file_name="Resources/res/sky.png"
	   source_x="0"
	   source_y="0"
	   sprite_WIDTH="768"
	   sprite_HEIGHT="1024"
	   dynamic="true"
	   sprite_X_FRAMES="1"
	   sprite_Y_FRAMES="2"
	   sprite_X_POS="7685"
	   sprite_Y_POS="400"
	   sprite_ANGLE="0"
	   />	
	   
		<param  key="land1"
	   file_name="Resources/res/land.png"
	   source_x="0"
	   source_y="0"
	   sprite_WIDTH="640"
	   sprite_HEIGHT="150"
	   dynamic="true"
	   sprite_X_FRAMES="1"
	   sprite_Y_FRAMES="2"
	   sprite_X_POS="15"
	   sprite_Y_POS="-475"
	   sprite_ANGLE="0"
	   />	
	   
		<param  key="floatWall1"
	   file_name="Resources/res/land.png"
	   source_x="0"
	   source_y="0"
	   sprite_WIDTH="10"
	   sprite_HEIGHT="300"
	   dynamic="true"
	   sprite_X_FRAMES="1"
	   sprite_Y_FRAMES="2"
	   sprite_X_POS="413"
	   sprite_Y_POS="-70"
	   sprite_ANGLE="0"
	   />
	   
		<param  key="land2"
	   file_name="Resources/res/land.png"
	   source_x="0"
	   source_y="0"
	   sprite_WIDTH="150"
	   sprite_HEIGHT="42"
	   dynamic="true"
	   sprite_X_FRAMES="1"
	   sprite_Y_FRAMES="2"
	   sprite_X_POS="415w"
	   sprite_Y_POS="-365"
	   sprite_ANGLE="0"
	   />
	   
		<param  key="downland3"
	   file_name="Resources/res/land.png"
	   source_x="0"
	   source_y="0"
	   sprite_WIDTH="200"
	   sprite_HEIGHT="250"
	   dynamic="true"
	   sprite_X_FRAMES="1"
	   sprite_Y_FRAMES="2"
	   sprite_X_POS="655"
	   sprite_Y_POS="-360"
	   sprite_ANGLE="0"
	   />	   
	   
		<param  key="staggerland1"
	   file_name="Resources/res/land.png"
	   source_x="0"
	   source_y="0"
	   sprite_WIDTH="160"
	   sprite_HEIGHT="10"
	   dynamic="true"
	   sprite_X_FRAMES="1"
	   sprite_Y_FRAMES="2"
	   sprite_X_POS="855"
	   sprite_Y_POS="-360"
	   sprite_ANGLE="0"
	   />		   
		
		<param  key="staggerland2"
	   file_name="Resources/res/land.png"
	   source_x="0"
	   source_y="0"
	   sprite_WIDTH="200"
	   sprite_HEIGHT="10"
	   dynamic="true"
	   sprite_X_FRAMES="1"
	   sprite_Y_FRAMES="2"
	   sprite_X_POS="915"
	   sprite_Y_POS="-410"
	   sprite_ANGLE="0"
	   />	
	   
		<param  key="staggerland3"
	   file_name="Resources/res/land.png"
	   source_x="0"
	   source_y="0"
	   sprite_WIDTH="200"
	   sprite_HEIGHT="10"
	   dynamic="true"
	   sprite_X_FRAMES="1"
	   sprite_Y_FRAMES="2"
	   sprite_X_POS="855"
	   sprite_Y_POS="-460"
	   sprite_ANGLE="0"
	   />	   
	   
		<param  key="staggerland4"
	   file_name="Resources/res/land.png"
	   source_x="0"
	   source_y="0"
	   sprite_WIDTH="200"
	   sprite_HEIGHT="10"
	   dynamic="true"
	   sprite_X_FRAMES="1"
	   sprite_Y_FRAMES="2"
	   sprite_X_POS="915"
	   sprite_Y_POS="-510"
	   sprite_ANGLE="0"
	   />		   	
	   
		<param  key="wall1"
	   file_name="Resources/res/land.png"
	   source_x="0"
	   source_y="0"
	   sprite_WIDTH="10"
	   sprite_HEIGHT="750"
	   dynamic="true"
	   sprite_X_FRAMES="1"
	   sprite_Y_FRAMES="2"
	   sprite_X_POS="1116"
	   sprite_Y_POS="227"
	   sprite_ANGLE="0"
	   />		  
	   
		<param  key="rampland1"
	   file_name="Resources/res/land30d.png"
	   source_x="0"
	   source_y="0"
	   sprite_WIDTH="350"
	   sprite_HEIGHT="320"
	   dynamic="true"
	   sprite_X_FRAMES="1"
	   sprite_Y_FRAMES="2"
	   sprite_X_POS="1060"
	   sprite_Y_POS="-300"
	   sprite_ANGLE="0"
	   />	
	   
		<param  key="land3"
	   file_name="Resources/res/land.png"
	   source_x="0"
	   source_y="0"
	   sprite_WIDTH="355"
	   sprite_HEIGHT="50"
	   dynamic="true"
	   sprite_X_FRAMES="1"
	   sprite_Y_FRAMES="2"
	   sprite_X_POS="855"
	   sprite_Y_POS="-562"
	   sprite_ANGLE="0"
	   />	   
	   
		<param  key="land4"
	   file_name="Resources/res/land.png"
	   source_x="0"
	   source_y="0"
	   sprite_WIDTH="200"
	   sprite_HEIGHT="320"
	   dynamic="true"
	   sprite_X_FRAMES="1"
	   sprite_Y_FRAMES="2"
	   sprite_X_POS="1410"
	   sprite_Y_POS="-462"
	   sprite_ANGLE="0"
	   />	   
	   
		<param  key="rampland2"
	   file_name="Resources/res/land-30d.png"
	   source_x="0"
	   source_y="0"
	   sprite_WIDTH="350"
	   sprite_HEIGHT="320"
	   dynamic="true"
	   sprite_X_FRAMES="1"
	   sprite_Y_FRAMES="2"
	   sprite_X_POS="1500"
	   sprite_Y_POS="-460"
	   sprite_ANGLE="0"
	   />	  
	   
		<param  key="land5"
	   file_name="Resources/res/land.png"
	   source_x="0"
	   source_y="0"
	   sprite_WIDTH="500"
	   sprite_HEIGHT="50"
	   dynamic="true"
	   sprite_X_FRAMES="1"
	   sprite_Y_FRAMES="2"
	   sprite_X_POS="1830"
	   sprite_Y_POS="-562"
	   sprite_ANGLE="0"
	   />	
	   
		<param  key="wall2"
	   file_name="Resources/res/land.png"
	   source_x="0"
	   source_y="0"
	   sprite_WIDTH="10"
	   sprite_HEIGHT="100"
	   dynamic="true"
	   sprite_X_FRAMES="1"
	   sprite_Y_FRAMES="2"
	   sprite_X_POS="2210"
	   sprite_Y_POS="-465"
	   sprite_ANGLE="0"
	   />		   	
	   
		<param  key="land6"
	   file_name="Resources/res/land.png"
	   source_x="0"
	   source_y="0"
	   sprite_WIDTH="500"
	   sprite_HEIGHT="50"
	   dynamic="true"
	   sprite_X_FRAMES="1"
	   sprite_Y_FRAMES="2"
	   sprite_X_POS="2330"
	   sprite_Y_POS="-562"
	   sprite_ANGLE="0"
	   />
	   
		<param  key="land7"
	   file_name="Resources/res/land.png"
	   source_x="0"
	   source_y="0"
	   sprite_WIDTH="500"
	   sprite_HEIGHT="50"
	   dynamic="true"
	   sprite_X_FRAMES="1"
	   sprite_Y_FRAMES="2"
	   sprite_X_POS="2830"
	   sprite_Y_POS="-562"
	   sprite_ANGLE="0"
	   />	   
	   
		<param  key="wall3"
	   file_name="Resources/res/land.png"
	   source_x="0"
	   source_y="0"
	   sprite_WIDTH="10"
	   sprite_HEIGHT="700"
	   dynamic="true"
	   sprite_X_FRAMES="1"
	   sprite_Y_FRAMES="2"
	   sprite_X_POS="2210"
	   sprite_Y_POS="370"
	   sprite_ANGLE="0"
	   />

		<param  key="roofwall1"
	   file_name="Resources/res/land.png"
	   source_x="0"
	   source_y="0"
	   sprite_WIDTH="10"
	   sprite_HEIGHT="140"
	   dynamic="true"
	   sprite_X_FRAMES="1"
	   sprite_Y_FRAMES="2"
	   sprite_X_POS="2410"
	   sprite_Y_POS="-325"
	   sprite_ANGLE="0"
	   />	   
	   
		<param  key="floorwall2"
	   file_name="Resources/res/land.png"
	   source_x="0"
	   source_y="0"
	   sprite_WIDTH="10"
	   sprite_HEIGHT="100"
	   dynamic="true"
	   sprite_X_FRAMES="1"
	   sprite_Y_FRAMES="2"
	   sprite_X_POS="2610"
	   sprite_Y_POS="-465"
	   sprite_ANGLE="0"
	   />		

		<param  key="roofwall2"
	   file_name="Resources/res/land.png"
	   source_x="0"
	   source_y="0"
	   sprite_WIDTH="10"
	   sprite_HEIGHT="140"
	   dynamic="true"
	   sprite_X_FRAMES="1"
	   sprite_Y_FRAMES="2"
	   sprite_X_POS="2810"
	   sprite_Y_POS="-325"
	   sprite_ANGLE="0"
	   />		

		<param  key="floorwall3"
	   file_name="Resources/res/land.png"
	   source_x="0"
	   source_y="0"
	   sprite_WIDTH="10"
	   sprite_HEIGHT="100"
	   dynamic="true"
	   sprite_X_FRAMES="1"
	   sprite_Y_FRAMES="2"
	   sprite_X_POS="3010"
	   sprite_Y_POS="-465"
	   sprite_ANGLE="0"
	   />	

		<param  key="roofwall3"
	   file_name="Resources/res/land.png"
	   source_x="0"
	   source_y="0"
	   sprite_WIDTH="10"
	   sprite_HEIGHT="140"
	   dynamic="true"
	   sprite_X_FRAMES="1"
	   sprite_Y_FRAMES="2"
	   sprite_X_POS="3210"
	   sprite_Y_POS="-325"
	   sprite_ANGLE="0"
	   />		   
	   
		<param  key="roof1"
	   file_name="Resources/res/land.png"
	   source_x="0"
	   source_y="0"
	   sprite_WIDTH="500"
	   sprite_HEIGHT="45"
	   dynamic="true"
	   sprite_X_FRAMES="1"
	   sprite_Y_FRAMES="2"
	   sprite_X_POS="2211"
	   sprite_Y_POS="-322"
	   sprite_ANGLE="0"
	   />
	   
		<param  key="roof2"
	   file_name="Resources/res/land.png"
	   source_x="0"
	   source_y="0"
	   sprite_WIDTH="505"
	   sprite_HEIGHT="45"
	   dynamic="true"
	   sprite_X_FRAMES="1"
	   sprite_Y_FRAMES="2"
	   sprite_X_POS="2711"
	   sprite_Y_POS="-322"
	   sprite_ANGLE="0"
	   />	   
	   
		<param  key="land8"
	   file_name="Resources/res/land.png"
	   source_x="0"
	   source_y="0"
	   sprite_WIDTH="280"
	   sprite_HEIGHT="50"
	   dynamic="true"
	   sprite_X_FRAMES="1"
	   sprite_Y_FRAMES="2"
	   sprite_X_POS="3330"
	   sprite_Y_POS="-562"
	   sprite_ANGLE="0"
	   />
	   
		<param  key="floatfloor1"
	   file_name="Resources/res/land.png"
	   source_x="0"
	   source_y="0"
	   sprite_WIDTH="200"
	   sprite_HEIGHT="50"
	   dynamic="true"
	   sprite_X_FRAMES="1"
	   sprite_Y_FRAMES="2"
	   sprite_X_POS="3715"
	   sprite_Y_POS="-460"
	   sprite_ANGLE="0"
	   />	   
	   
		<param  key="floatfloor2"
	   file_name="Resources/res/land.png"
	   source_x="0"
	   source_y="0"
	   sprite_WIDTH="200"
	   sprite_HEIGHT="50"
	   dynamic="true"
	   sprite_X_FRAMES="1"
	   sprite_Y_FRAMES="2"
	   sprite_X_POS="4015"
	   sprite_Y_POS="-360"
	   sprite_ANGLE="0"
	   />	
	   
		<param  key="floatfloor3"
	   file_name="Resources/res/land.png"
	   source_x="0"
	   source_y="0"
	   sprite_WIDTH="300"
	   sprite_HEIGHT="115"
	   dynamic="true"
	   sprite_X_FRAMES="1"
	   sprite_Y_FRAMES="2"
	   sprite_X_POS="4315"
	   sprite_Y_POS="-260"
	   sprite_ANGLE="0"
	   />		   
	   
	   	<param  key="funnelWall1"
	   file_name="Resources/res/land.png"
	   source_x="0"
	   source_y="0"
	   sprite_WIDTH="10"
	   sprite_HEIGHT="312"
	   dynamic="true"
	   sprite_X_FRAMES="1"
	   sprite_Y_FRAMES="2"
	   sprite_X_POS="4805"
	   sprite_Y_POS="-355"
	   sprite_ANGLE="0"
	   />
	   
	   	<param  key="funnelWall2"
	   file_name="Resources/res/land.png"
	   source_x="0"
	   source_y="0"
	   sprite_WIDTH="10"
	   sprite_HEIGHT="255"
	   dynamic="true"
	   sprite_X_FRAMES="1"
	   sprite_Y_FRAMES="2"
	   sprite_X_POS="4910"
	   sprite_Y_POS="-360"
	   sprite_ANGLE="0"
	   />	   
	   
		<param  key="rampFunnel1"
	   file_name="Resources/res/land-30d.png"
	   source_x="0"
	   source_y="0"
	   sprite_WIDTH="310"
	   sprite_HEIGHT="110"
	   dynamic="true"
	   sprite_X_FRAMES="1"
	   sprite_Y_FRAMES="2"
	   sprite_X_POS="4500"
	   sprite_Y_POS="-260"
	   sprite_ANGLE="0"
	   />
	   
	   	<param  key="rampland3"
	   file_name="Resources/res/land30d.png"
	   source_x="0"
	   source_y="0"
	   sprite_WIDTH="255"
	   sprite_HEIGHT="400"
	   dynamic="true"
	   sprite_X_FRAMES="1"
	   sprite_Y_FRAMES="2"
	   sprite_X_POS="5260"
	   sprite_Y_POS="-250"
	   sprite_ANGLE="0"
	   />		   
	   
		<param  key="land9"
	   file_name="Resources/res/land.png"
	   source_x="0"
	   source_y="0"
	   sprite_WIDTH="210"
	   sprite_HEIGHT="110"
	   dynamic="true"
	   sprite_X_FRAMES="1"
	   sprite_Y_FRAMES="2"
	   sprite_X_POS="4805"
	   sprite_Y_POS="-660"
	   sprite_ANGLE="0"
	   />
	   
	   	<param  key="funnelRoof1"
	   file_name="Resources/res/land.png"
	   source_x="0"
	   source_y="0"
	   sprite_WIDTH="100"
	   sprite_HEIGHT="10"
	   dynamic="true"
	   sprite_X_FRAMES="1"
	   sprite_Y_FRAMES="2"
	   sprite_X_POS="4915"
	   sprite_Y_POS="-360"
	   sprite_ANGLE="0"
	   />
	   
	   	<param  key="funnelWall3"
	   file_name="Resources/res/land.png"
	   source_x="0"
	   source_y="0"
	   sprite_WIDTH="300"
	   sprite_HEIGHT="150"
	   dynamic="true"
	   sprite_X_FRAMES="1"
	   sprite_Y_FRAMES="2"
	   sprite_X_POS="5015"
	   sprite_Y_POS="-560"
	   sprite_ANGLE="0"
	   />	   
	   
	   	<param  key="funnelWall4"
	   file_name="Resources/res/land.png"
	   source_x="0"
	   source_y="0"
	   sprite_WIDTH="10"
	   sprite_HEIGHT="100"
	   dynamic="true"
	   sprite_X_FRAMES="1"
	   sprite_Y_FRAMES="2"
	   sprite_X_POS="5015"
	   sprite_Y_POS="-360"
	   sprite_ANGLE="0"
	   />	 
	   
	   	<param  key="roof3"
	   file_name="Resources/res/land.png"
	   source_x="0"
	   source_y="0"
	   sprite_WIDTH="300"
	   sprite_HEIGHT="10"
	   dynamic="true"
	   sprite_X_FRAMES="1"
	   sprite_Y_FRAMES="2"
	   sprite_X_POS="5015"
	   sprite_Y_POS="-460"
	   sprite_ANGLE="0"
	   />	 		   
	   
	   	<param  key="wall4"
	   file_name="Resources/res/land.png"
	   source_x="0"
	   source_y="0"
	   sprite_WIDTH="10"
	   sprite_HEIGHT="600"
	   dynamic="true"
	   sprite_X_FRAMES="1"
	   sprite_Y_FRAMES="2"
	   sprite_X_POS="5310"
	   sprite_Y_POS="130"
	   sprite_ANGLE="0"
	   />		   
	   
	   	<param  key="splitWallRamp1"
	   file_name="Resources/res/land-30d.png"
	   source_x="0"
	   source_y="0"
	   sprite_WIDTH="450"
	   sprite_HEIGHT="400"
	   dynamic="true"
	   sprite_X_FRAMES="1"
	   sprite_Y_FRAMES="2"
	   sprite_X_POS="6400"
	   sprite_Y_POS="-340"
	   sprite_ANGLE="0"
	   />
	   
	   	<param  key="splitFloor1"
	   file_name="Resources/res/land.png"
	   source_x="0"
	   source_y="0"
	   sprite_WIDTH="600"
	   sprite_HEIGHT="300"
	   dynamic="true"
	   sprite_X_FRAMES="1"
	   sprite_Y_FRAMES="2"
	   sprite_X_POS="5515"
	   sprite_Y_POS="-460"
	   sprite_ANGLE="0"
	   />	 
	   
	   	<param  key="splitFloor1b"
	   file_name="Resources/res/land.png"
	   source_x="0"
	   source_y="0"
	   sprite_WIDTH="405"
	   sprite_HEIGHT="300"
	   dynamic="true"
	   sprite_X_FRAMES="1"
	   sprite_Y_FRAMES="2"
	   sprite_X_POS="6115p"
	   sprite_Y_POS="-460"
	   sprite_ANGLE="0"
	   />		   
	   
	   	<param  key="splitFloor2"
	   file_name="Resources/res/land.png"
	   source_x="0"
	   source_y="0"
	   sprite_WIDTH="500"
	   sprite_HEIGHT="10"
	   dynamic="true"
	   sprite_X_FRAMES="1"
	   sprite_Y_FRAMES="2"
	   sprite_X_POS="5515"
	   sprite_Y_POS="-400"
	   sprite_ANGLE="0"
	   />		   
	   
	   	<param  key="splitFloor2b"
	   file_name="Resources/res/land.png"
	   source_x="0"
	   source_y="0"
	   sprite_WIDTH="400"
	   sprite_HEIGHT="10"
	   dynamic="true"
	   sprite_X_FRAMES="1"
	   sprite_Y_FRAMES="2"
	   sprite_X_POS="6015"
	   sprite_Y_POS="-400"
	   sprite_ANGLE="0"
	   />		   
	   
	   	<param  key="splitFloor3"
	   file_name="Resources/res/land.png"
	   source_x="0"
	   source_y="0"
	   sprite_WIDTH="500"
	   sprite_HEIGHT="10"
	   dynamic="true"
	   sprite_X_FRAMES="1"
	   sprite_Y_FRAMES="2"
	   sprite_X_POS="5515"
	   sprite_Y_POS="-340"
	   sprite_ANGLE="0"
	   />		

	   	<param  key="splitFloor3b"
	   file_name="Resources/res/land.png"
	   source_x="0"
	   source_y="0"
	   sprite_WIDTH="400"
	   sprite_HEIGHT="10"
	   dynamic="true"
	   sprite_X_FRAMES="1"
	   sprite_Y_FRAMES="2"
	   sprite_X_POS="6110"
	   sprite_Y_POS="-340"
	   sprite_ANGLE="0"
	   />

	   	<param  key="splitFloor3c"
	   file_name="Resources/res/land.png"
	   source_x="0"
	   source_y="0"
	   sprite_WIDTH="510"
	   sprite_HEIGHT="10"
	   dynamic="true"
	   sprite_X_FRAMES="1"
	   sprite_Y_FRAMES="2"
	   sprite_X_POS="6010"
	   sprite_Y_POS="-270"
	   sprite_ANGLE="0"
	   />		   
	   
	   	<param  key="splitWall3"
	   file_name="Resources/res/land.png"
	   source_x="0"
	   source_y="0"
	   sprite_WIDTH="10"
	   sprite_HEIGHT="80"
	   dynamic="true"
	   sprite_X_FRAMES="1"
	   sprite_Y_FRAMES="2"
	   sprite_X_POS="6010"
	   sprite_Y_POS="-270"
	   sprite_ANGLE="0"
	   />	

	   	<param  key="splitTunnelBlock1"
	   file_name="Resources/res/land.png"
	   source_x="0"
	   source_y="0"
	   sprite_WIDTH="10"
	   sprite_HEIGHT="60"
	   dynamic="true"
	   sprite_X_FRAMES="1"
	   sprite_Y_FRAMES="2"
	   sprite_X_POS="6410"
	   sprite_Y_POS="-350"
	   sprite_ANGLE="0"
	   />		   	
	   
	   	<param  key="splitWallEnd"
	   file_name="Resources/res/land.png"
	   source_x="0"
	   source_y="0"
	   sprite_WIDTH="50"
	   sprite_HEIGHT="120"
	   dynamic="true"
	   sprite_X_FRAMES="1"
	   sprite_Y_FRAMES="2"
	   sprite_X_POS="6465"
	   sprite_Y_POS="-340"
	   sprite_ANGLE="0"
	   />		
   
	   	<param  key="midWall2"
	   file_name="Resources/res/land.png"
	   source_x="0"
	   source_y="0"
	   sprite_WIDTH="10"
	   sprite_HEIGHT="1000"
	   dynamic="true"
	   sprite_X_FRAMES="1"
	   sprite_Y_FRAMES="2"
	   sprite_X_POS="6840"
	   sprite_Y_POS="560"
	   sprite_ANGLE="0"
	   />	   
	   
	   	<param  key="midWall3"
	   file_name="Resources/res/land.png"
	   source_x="0"
	   source_y="0"
	   sprite_WIDTH="10"
	   sprite_HEIGHT="1000"
	   dynamic="true"
	   sprite_X_FRAMES="1"
	   sprite_Y_FRAMES="2"
	   sprite_X_POS="7010"
	   sprite_Y_POS="560"
	   sprite_ANGLE="0"
	   />	
	   
	   	<param  key="midTunnel1"
	   file_name="Resources/res/land.png"
	   source_x="0"
	   source_y="0"
	   sprite_WIDTH="665"
	   sprite_HEIGHT="300"
	   dynamic="true"
	   sprite_X_FRAMES="1"
	   sprite_Y_FRAMES="2"
	   sprite_X_POS="6850"
	   sprite_Y_POS="-500"
	   sprite_ANGLE="0"
	   />

	   	<param  key="midTunnel2"
	   file_name="Resources/res/land.png"
	   source_x="0"
	   source_y="0"
	   sprite_WIDTH="175"
	   sprite_HEIGHT="10"
	   dynamic="true"
	   sprite_X_FRAMES="1"
	   sprite_Y_FRAMES="2"
	   sprite_X_POS="6840"
	   sprite_Y_POS="-430"
	   sprite_ANGLE="0"
	   />
	   
	   	<param  key="mazeFloor1"
	   file_name="Resources/res/land.png"
	   source_x="0"
	   source_y="0"
	   sprite_WIDTH="100"
	   sprite_HEIGHT="10"
	   dynamic="true"
	   sprite_X_FRAMES="1"
	   sprite_Y_FRAMES="2"
	   sprite_X_POS="7115"
	   sprite_Y_POS="-430"
	   sprite_ANGLE="0"
	   />		   

	   	<param  key="mazeWall1"
	   file_name="Resources/res/land.png"
	   source_x="0"
	   source_y="0"
	   sprite_WIDTH="10"
	   sprite_HEIGHT="1000"
	   dynamic="true"
	   sprite_X_FRAMES="1"
	   sprite_Y_FRAMES="2"
	   sprite_X_POS="7110"
	   sprite_Y_POS="610"
	   sprite_ANGLE="0"
	   />
	   
	   	<param  key="mazeWall2"
	   file_name="Resources/res/land.png"
	   source_x="0"
	   source_y="0"
	   sprite_WIDTH="10"
	   sprite_HEIGHT="120"
	   dynamic="true"
	   sprite_X_FRAMES="1"
	   sprite_Y_FRAMES="2"
	   sprite_X_POS="7210"
	   sprite_Y_POS="-385"
	   sprite_ANGLE="0"
	   />	   
	   
	   	<param  key="mazeFloor2"
	   file_name="Resources/res/land.png"
	   source_x="0"
	   source_y="0"
	   sprite_WIDTH="105"
	   sprite_HEIGHT="10"
	   dynamic="true"
	   sprite_X_FRAMES="1"
	   sprite_Y_FRAMES="2"
	   sprite_X_POS="7210"
	   sprite_Y_POS="-380"
	   sprite_ANGLE="0"
	   />	
	   
	   	<param  key="mazeWall3"
	   file_name="Resources/res/land.png"
	   source_x="0"
	   source_y="0"
	   sprite_WIDTH="10"
	   sprite_HEIGHT="60"
	   dynamic="true"
	   sprite_X_FRAMES="1"
	   sprite_Y_FRAMES="2"
	   sprite_X_POS="7310"
	   sprite_Y_POS="-330"
	   sprite_ANGLE="0"
	   />	

	   	<param  key="mazeFloor3"
	   file_name="Resources/res/land.png"
	   source_x="0"
	   source_y="0"
	   sprite_WIDTH="210"
	   sprite_HEIGHT="10"
	   dynamic="true"
	   sprite_X_FRAMES="1"
	   sprite_Y_FRAMES="2"
	   sprite_X_POS="7310"
	   sprite_Y_POS="-330"
	   sprite_ANGLE="0"
	   />	   
	   
	   	<param  key="mazemidFloor3"
	   file_name="Resources/res/land.png"
	   source_x="0"
	   source_y="0"
	   sprite_WIDTH="195"
	   sprite_HEIGHT="10"
	   dynamic="true"
	   sprite_X_FRAMES="1"
	   sprite_Y_FRAMES="2"
	   sprite_X_POS="7120"
	   sprite_Y_POS="-280"
	   sprite_ANGLE="0"
	   />	
	   
	   	<param  key="mazeWall4"
	   file_name="Resources/res/land.png"
	   source_x="0"
	   source_y="0"
	   sprite_WIDTH="10"
	   sprite_HEIGHT="105"
	   dynamic="true"
	   sprite_X_FRAMES="1"
	   sprite_Y_FRAMES="2"
	   sprite_X_POS="7410"
	   sprite_Y_POS="-230"
	   sprite_ANGLE="0"
	   />

	   	<param  key="mazeFloor4"
	   file_name="Resources/res/land.png"
	   source_x="0"
	   source_y="0"
	   sprite_WIDTH="195"
	   sprite_HEIGHT="10"
	   dynamic="true"
	   sprite_X_FRAMES="1"
	   sprite_Y_FRAMES="2"
	   sprite_X_POS="7215"
	   sprite_Y_POS="-230"
	   sprite_ANGLE="0"
	   />	
	   
	   	<param  key="mazeWall5"
	   file_name="Resources/res/land.png"
	   source_x="0"
	   source_y="0"
	   sprite_WIDTH="10"
	   sprite_HEIGHT="60"
	   dynamic="true"
	   sprite_X_FRAMES="1"
	   sprite_Y_FRAMES="2"
	   sprite_X_POS="7210"
	   sprite_Y_POS="-180"
	   sprite_ANGLE="0"
	   />	  
	   
	   	<param  key="mazeFloor5"
	   file_name="Resources/res/land.png"
	   source_x="0"
	   source_y="0"
	   sprite_WIDTH="300"
	   sprite_HEIGHT="10"
	   dynamic="true"
	   sprite_X_FRAMES="1"
	   sprite_Y_FRAMES="2"
	   sprite_X_POS="7215"
	   sprite_Y_POS="-180"
	   sprite_ANGLE="0"
	   />
	   
	   	<param  key="mazeRoof5"
	   file_name="Resources/res/land.png"
	   source_x="0"
	   source_y="0"
	   sprite_WIDTH="900"
	   sprite_HEIGHT="10"
	   dynamic="true"
	   sprite_X_FRAMES="1"
	   sprite_Y_FRAMES="2"
	   sprite_X_POS="7120"
	   sprite_Y_POS="-130"
	   sprite_ANGLE="0"
	   />	   
	
	   	<param  key="mazeWall6"
	   file_name="Resources/res/land.png"
	   source_x="0"
	   source_y="0"
	   sprite_WIDTH="10"
	   sprite_HEIGHT="340"
	   dynamic="true"
	   sprite_X_FRAMES="1"
	   sprite_Y_FRAMES="2"
	   sprite_X_POS="7510"
	   sprite_Y_POS="-180"
	   sprite_ANGLE="0"
	   />	

	   	<param  key="mazeSizeFloor1"
	   file_name="Resources/res/land.png"
	   source_x="0"
	   source_y="0"
	   sprite_WIDTH="50"
	   sprite_HEIGHT="10"
	   dynamic="true"
	   sprite_X_FRAMES="1"
	   sprite_Y_FRAMES="2"
	   sprite_X_POS="7570"
	   sprite_Y_POS="-430"
	   sprite_ANGLE="0"
	   />
	   
	   	<param  key="mazeWall7"
	   file_name="Resources/res/land.png"
	   source_x="0"
	   source_y="0"
	   sprite_WIDTH="10"
	   sprite_HEIGHT="255"
	   dynamic="true"
	   sprite_X_FRAMES="1"
	   sprite_Y_FRAMES="2"
	   sprite_X_POS="7610"
	   sprite_Y_POS="-180"
	   sprite_ANGLE="0"
	   />	   
	   
	   	<param  key="mazeFloor7"
	   file_name="Resources/res/land.png"
	   source_x="0"
	   source_y="0"
	   sprite_WIDTH="50"
	   sprite_HEIGHT="10"
	   dynamic="true"
	   sprite_X_FRAMES="1"
	   sprite_Y_FRAMES="2"
	   sprite_X_POS="7615"
	   sprite_Y_POS="-180"
	   sprite_ANGLE="0"
	   />	   	   
	
	   	<param  key="mazeSizeFloor2"
	   file_name="Resources/res/land.png"
	   source_x="0"
	   source_y="0"
	   sprite_WIDTH="60"
	   sprite_HEIGHT="10"
	   dynamic="true"
	   sprite_X_FRAMES="1"
	   sprite_Y_FRAMES="2"
	   sprite_X_POS="7660"
	   sprite_Y_POS="-430"
	   sprite_ANGLE="0"
	   />
	   
	   	<param  key="mazeWall8"
	   file_name="Resources/res/land.png"
	   source_x="0"
	   source_y="0"
	   sprite_WIDTH="10"
	   sprite_HEIGHT="255"
	   dynamic="true"
	   sprite_X_FRAMES="1"
	   sprite_Y_FRAMES="2"
	   sprite_X_POS="7660"
	   sprite_Y_POS="-180"
	   sprite_ANGLE="0"
	   />
	   
	   	<param  key="mazeWall9"
	   file_name="Resources/res/land.png"
	   source_x="0"
	   source_y="0"
	   sprite_WIDTH="10"
	   sprite_HEIGHT="255"
	   dynamic="true"
	   sprite_X_FRAMES="1"
	   sprite_Y_FRAMES="2"
	   sprite_X_POS="7710"
	   sprite_Y_POS="-180"
	   sprite_ANGLE="0"
	   />	   	

	   	<param  key="mazeWall10"
	   file_name="Resources/res/land.png"
	   source_x="0"
	   source_y="0"
	   sprite_WIDTH="10"
	   sprite_HEIGHT="330"
	   dynamic="true"
	   sprite_X_FRAMES="1"
	   sprite_Y_FRAMES="2"
	   sprite_X_POS="7760"
	   sprite_Y_POS="-180"
	   sprite_ANGLE="0"
	   />	 

	   	<param  key="mazeWall11"
	   file_name="Resources/res/land.png"
	   source_x="0"
	   source_y="0"
	   sprite_WIDTH="10"
	   sprite_HEIGHT="255"
	   dynamic="true"
	   sprite_X_FRAMES="1"
	   sprite_Y_FRAMES="2"
	   sprite_X_POS="7810"
	   sprite_Y_POS="-180"
	   sprite_ANGLE="0"
	   />		   
	   
	   	<param  key="mazeFloor8"
	   file_name="Resources/res/land.png"
	   source_x="0"
	   source_y="0"
	   sprite_WIDTH="50"
	   sprite_HEIGHT="10"
	   dynamic="true"
	   sprite_X_FRAMES="1"
	   sprite_Y_FRAMES="2"
	   sprite_X_POS="7715"
	   sprite_Y_POS="-180"
	   sprite_ANGLE="0"
	   />
	   
	   	<param  key="mazeFloor9"
	   file_name="Resources/res/land.png"
	   source_x="0"
	   source_y="0"
	   sprite_WIDTH="50"
	   sprite_HEIGHT="10"
	   dynamic="true"
	   sprite_X_FRAMES="1"
	   sprite_Y_FRAMES="2"
	   sprite_X_POS="7815"
	   sprite_Y_POS="-180"
	   sprite_ANGLE="0"
	   />	   
	   
	   	<param  key="mazeFloor10"
	   file_name="Resources/res/land.png"
	   source_x="0"
	   source_y="0"
	   sprite_WIDTH="100"
	   sprite_HEIGHT="10"
	   dynamic="true"
	   sprite_X_FRAMES="1"
	   sprite_Y_FRAMES="2"
	   sprite_X_POS="7860"
	   sprite_Y_POS="-430"
	   sprite_ANGLE="0"
	   />	 	   
	   
	   	<param  key="mazeWall12"
	   file_name="Resources/res/land.png"
	   source_x="0"
	   source_y="0"
	   sprite_WIDTH="10"
	   sprite_HEIGHT="255"
	   dynamic="true"
	   sprite_X_FRAMES="1"
	   sprite_Y_FRAMES="2"
	   sprite_X_POS="7860"
	   sprite_Y_POS="-180"
	   sprite_ANGLE="0"
	   />	
	   
	   	<param  key="mazeWall13"
	   file_name="Resources/res/land.png"
	   source_x="0"
	   source_y="0"
	   sprite_WIDTH="10"
	   sprite_HEIGHT="255"
	   dynamic="true"
	   sprite_X_FRAMES="1"
	   sprite_Y_FRAMES="2"
	   sprite_X_POS="7910"
	   sprite_Y_POS="-180"
	   sprite_ANGLE="0"
	   />	

	   	<param  key="mazeSizeWall1"
	   file_name="Resources/res/land.png"
	   source_x="0"
	   source_y="0"
	   sprite_WIDTH="10"
	   sprite_HEIGHT="110"
	   dynamic="true"
	   sprite_X_FRAMES="1"
	   sprite_Y_FRAMES="2"
	   sprite_X_POS="7960"
	   sprite_Y_POS="-180"
	   sprite_ANGLE="0"
	   />

	   	<param  key="mazeSizeFloor3"
	   file_name="Resources/res/land.png"
	   source_x="0"
	   source_y="0"
	   sprite_WIDTH="250"
	   sprite_HEIGHT="15"
	   dynamic="true"
	   sprite_X_FRAMES="1"
	   sprite_Y_FRAMES="2"
	   sprite_X_POS="7960"
	   sprite_Y_POS="-280"
	   sprite_ANGLE="0"
	   />	   
	   
	   	<param  key="mazeSizeFloor4"
	   file_name="Resources/res/land.png"
	   source_x="0"
	   source_y="0"
	   sprite_WIDTH="60"
	   sprite_HEIGHT="15"
	   dynamic="true"
	   sprite_X_FRAMES="1"
	   sprite_Y_FRAMES="2"
	   sprite_X_POS="7960"
	   sprite_Y_POS="-330"
	   sprite_ANGLE="0"
	   />		   

	   	<param  key="mazeSizeWall2"
	   file_name="Resources/res/land.png"
	   source_x="0"
	   source_y="0"
	   sprite_WIDTH="10"
	   sprite_HEIGHT="110"
	   dynamic="true"
	   sprite_X_FRAMES="1"
	   sprite_Y_FRAMES="2"
	   sprite_X_POS="7960"
	   sprite_Y_POS="-330"
	   sprite_ANGLE="0"
	   />		 
	   
	   	<param  key="mazeSizeWall3"
	   file_name="Resources/res/land.png"
	   source_x="0"
	   source_y="0"
	   sprite_WIDTH="10"
	   sprite_HEIGHT="160"
	   dynamic="true"
	   sprite_X_FRAMES="1"
	   sprite_Y_FRAMES="2"
	   sprite_X_POS="8010"
	   sprite_Y_POS="-130"
	   sprite_ANGLE="0"
	   />	
	   
	   	<param  key="mazeSizeWall4"
	   file_name="Resources/res/land.png"
	   source_x="0"
	   source_y="0"
	   sprite_WIDTH="200"
	   sprite_HEIGHT="400"
	   dynamic="true"
	   sprite_X_FRAMES="1"
	   sprite_Y_FRAMES="2"
	   sprite_X_POS="8012"
	   sprite_Y_POS="-330"
	   sprite_ANGLE="0"
	   />	
	   
	   	<param  key="mazeBottomFloor6"
	   file_name="Resources/res/land.png"
	   source_x="0"
	   source_y="0"
	   sprite_WIDTH="505"
	   sprite_HEIGHT="300"
	   dynamic="true"
	   sprite_X_FRAMES="1"
	   sprite_Y_FRAMES="2"
	   sprite_X_POS="7510"
	   sprite_Y_POS="-500"
	   sprite_ANGLE="0"
	   />	
	   
		</gw>

	   
		<edge>


			<param
				key = "wall_1"
				xo = "0"
				yo = "-462"
				xd = "0"
				yd = "0"
				/>
					
			
			<param
				key = "floor_1"
				xo = "0"
				yo = "-462"
				xd = "640"
				yd = "-462"
				/>			

			<param
				key = "raiseWall"
				xo = "400"
				yo = "-350"
				xd = "400"
				yd = "-100"
				/>
				
			<param
				key = "platform_1"
				xo = "400"
				yo = "-350"
				xd = "550"
				yd = "-350"
				/>	
				
			<param
				key = "wall_2"
				xo = "640"
				yo = "-462"
				xd = "640"
				yd = "-350"
				/>
				
			<param
				key = "wall_3"
				xo = "840"
				yo = "-351"
				xd = "840"
				yd = "-550"
				/>
				
			<param
				key = "midFloor_1"
				xo = "640"
				yo = "-350"
				xd = "1000"
				yd = "-350"
				/>		

			<param
				key = "midFloor_2"
				xo = "1100"
				yo = "-400"
				xd = "900"
				yd = "-400"
				/>		

			<param
				key = "midFloor_3"
				xo = "840"
				yo = "-450"
				xd = "1040"
				yd = "-450"
				/>			

			<param
				key = "midFloor_4"
				xo = "1100"
				yo = "-500"
				xd = "900"
				yd = "-500"
				/>		

			<param
				key = "midWall_1"
				xo = "1100"
				yo = "-500"
				xd = "1100"
				yd = "300"
				/>				
				
			<param
				key = "floor_3"
				xo = "840"
				yo = "-550"
				xd = "1200"
				yd = "-550"
				/>
				
			<param
				key = "upRamp_1"
				xo = "1200"
				yo = "-550"
				xd = "1400"
				yd = "-450"
				/>
				
			<param
				key = "floor_4"
				xo = "1400"
				yo = "-450"
				xd = "1600"
				yd = "-450"
				/>
			
				
			<param
				key = "downRamp_1"
				xo = "1600"
				yo = "-450"
				xd = "1800"
				yd = "-550"
				/>
				
			<param
				key = "floor_5"
				xo = "1800"
				yo = "-550"
				xd = "3600"
				yd = "-550"
				/>	

			<param
				key = "wall_5"
				xo = "2200"
				yo = "-550"
				xd = "2200"
				yd = "-450"
				/>		

			<param
				key = "wall_6"
				xo = "2200"
				yo = "-350"
				xd = "2200"
				yd = "-150"
				/>					
								
			<param
				key = "roof_1"
				xo = "2200"
				yo = "-350"
				xd = "3200"
				yd = "-350"
				/>	
				
			<param
				key = "roofwall_1"
				xo = "2400"
				yo = "-450"
				xd = "2400"
				yd = "-355"
				/>	
				
			<param
				key = "floorwall_1"
				xo = "2600"
				yo = "-450"
				xd = "2600"
				yd = "-545"
				/>	
				
			<param
				key = "roofwall_2"
				xo = "2800"
				yo = "-450"
				xd = "2800"
				yd = "-355"
				/>
				
			<param
				key = "floorwall_2"
				xo = "3000"
				yo = "-450"
				xd = "3000"
				yd = "-545"
				/>	
				
			<param
				key = "roofwall_3"
				xo = "3200"
				yo = "-450"
				xd = "3200"
				yd = "-355"
				/>
				
			<param
				key = "floatFloor_1"
				xo = "3700"
				yo = "-450"
				xd = "3900"
				yd = "-450"
				/>	
				
			<param
				key = "floatFloor_2"
				xo = "4000"
				yo = "-350"
				xd = "4200"
				yd = "-350"
				/>	

			<param
				key = "floatFloor_3"
				xo = "4300"
				yo = "-250"
				xd = "4600"
				yd = "-250"
				/>	
				
			<param
				key = "funnelRamp_1"
				xo = "4600"
				yo = "-250"
				xd = "4800"
				yd = "-350"
				/>					
				
			<param
				key = "funnelWall_1"
				xo = "4800"
				yo = "-350"
				xd = "4800"
				yd = "-650"
				/>	
				
			<param
				key = "funnelWall_2"
				xo = "4900"
				yo = "-350"
				xd = "4900"
				yd = "-600"
				/>	
				
			<param
				key = "funnelRoof_1"
				xo = "4900"
				yo = "-350"
				xd = "5000"
				yd = "-350"
				/>					
				
			<param
				key = "funnelLand_1"
				xo = "4800"
				yo = "-650"
				xd = "5000"
				yd = "-650"
				/>				
				
			<param
				key = "funnelWall_2"
				xo = "5000"
				yo = "-650"
				xd = "5000"
				yd = "-550"
				/>	
				
			<param
				key = "funnelWall_3"
				xo = "5000"
				yo = "-350"
				xd = "5000"
				yd = "-450"
				/>					
				
			<param
				key = "floor_2"
				xo = "5000"
				yo = "-550"
				xd = "5300"
				yd = "-550"
				/>		
			<param
				key = "upRamp_2"
				xo = "5300"
				yo = "-550"
				xd = "5500"
				yd = "-450"
				/>									

			<param
				key = "roof_2"
				xo = "5000"
				yo = "-450"
				xd = "5300"
				yd = "-450"
				/>		

			<param
				key = "wall_4"
				xo = "5300"
				yo = "-450"
				xd = "5300"
				yd = "100"
				/>			

			<param
				key = "splitFloor_1"
				xo = "5500"
				yo = "-450"
				xd = "6500"
				yd = "-450"
				/>		

			<param
				key = "splitFloor_2"
				xo = "5500"
				yo = "-390"
				xd = "6400"
				yd = "-390"
				/>					
						
			<param
				key = "splitFloor_3"
				xo = "5500"
				yo = "-330"
				xd = "6000"
				yd = "-330"
				/>	
				
			<param
				key = "splitFloor_3b"
				xo = "6100"
				yo = "-330"
				xd = "6500"
				yd = "-330"
				/>					
				
			<param
				key = "splitWall_3"
				xo = "6000"
				yo = "-330"
				xd = "6000"
				yd = "-260"
				/>			

			<param
				key = "splitRoof_3"
				xo = "6000"
				yo = "-260"
				xd = "6500"
				yd = "-260"
				/>	
				
			<param
				key = "spltTunnelBlock_1"
				xo = "6400"
				yo = "-390"
				xd = "6400"
				yd = "-330"
				/>	

			<param
				key = "splitWallEnd_1"
				xo = "6500"
				yo = "-450"
				xd = "6500"
				yd = "-330"
				/>				

			<param
				key = "splitWallRamp_1"
				xo = "6500"
				yo = "-330"
				xd = "6830"
				yd = "-490"
				/>			

			<param
				key = "midWall_2"
				xo = "6830"
				yo = "-420"
				xd = "6830"
				yd = "220"
				/>	
				
			<param
				key = "midTunnel_1"
				xo = "6830"
				yo = "-490"
				xd = "7500"
				yd = "-490"
				/>			

			<param
				key = "midTunnel_2"
				xo = "6830"
				yo = "-420"
				xd = "7000"
				yd = "-420"
				/>					
				
			<param
				key = "midWall_3"
				xo = "7000"
				yo = "-420"
				xd = "7000"
				yd = "220"
				/>	
				
			<param
				key = "mazeWall_1"
				xo = "7100"
				yo = "-370"
				xd = "7100"
				yd = "1000"
				/>	
				
			<param
				key = "mazeFloor_1"
				xo = "7100"
				yo = "-420"
				xd = "7200"
				yd = "-420"
				/>							
				
			<param
				key = "mazeWall_2"
				xo = "7200"
				yo = "-500"
				xd = "7200"
				yd = "-370"
				/>	
				
			<param
				key = "mazeFloor_2"
				xo = "7200"
				yo = "-370"
				xd = "7300"
				yd = "-370"
				/>	

			<param
				key = "mazeWall_3"
				xo = "7300"
				yo = "-370"
				xd = "7300"
				yd = "-320"
				/>	

			<param
				key = "mazeFloor_3"
				xo = "7300"
				yo = "-320"
				xd = "7500"
				yd = "-320"
				/>					

			<param
				key = "mazeWall_4"
				xo = "7400"
				yo = "-320"
				xd = "7400"
				yd = "-220"
				/>	

			<param
				key = "mazeMidFloor_1"
				xo = "7100"
				yo = "-270"
				xd = "7300"
				yd = "-270"
				/>	
				
			<param
				key = "mazeFloor_4"
				xo = "7200"
				yo = "-220"
				xd = "7400"
				yd = "-220"
				/>					

			<param
				key = "mazeWall_5"
				xo = "7200"
				yo = "-220"
				xd = "7200"
				yd = "-170"
				/>
				
			<param
				key = "mazeFloor_5"
				xo = "7200"
				yo = "-170"
				xd = "7500"
				yd = "-170"
				/>
				
			<param
				key = "mazeMidFloor_2"
				xo = "7100"
				yo = "-120"
				xd = "8000"
				yd = "-120"
				/>	

			<param
				key = "mazeWall_6"
				xo = "7500"
				yo = "-170"
				xd = "7500"
				yd = "-520"
				/>		

			<param
				key = "mazeWall_7"
				xo = "7600"
				yo = "-170"
				xd = "7600"
				yd = "-420"
				/>		

			<param
				key = "mazeFloor_6"
				xo = "7600"
				yo = "-170"
				xd = "7650"
				yd = "-170"
				/>	

			<param
				key = "mazeFloor_7"
				xo = "7550"
				yo = "-420"
				xd = "7600"
				yd = "-420"
				/>				

			<param
				key = "mazeFloor_8"
				xo = "7650"
				yo = "-420"
				xd = "7700"
				yd = "-420"
				/>								

			<param
				key = "mazeWall_8"
				xo = "7650"
				yo = "-170"
				xd = "7650"
				yd = "-420"
				/>	
				
			<param
				key = "mazeWall_9"
				xo = "7700"
				yo = "-170"
				xd = "7700"
				yd = "-420"
				/>		

			<param
				key = "mazeFloor_9"
				xo = "7700"
				yo = "-170"
				xd = "7750"
				yd = "-170"
				/>	
				
			<param
				key = "mazeFloor_10"
				xo = "7800"
				yo = "-170"
				xd = "7850"
				yd = "-170"
				/>	
				
			<param
				key = "mazeFloor_11"
				xo = "7850"
				yo = "-420"
				xd = "7950"
				yd = "-420"
				/>					
				
			<param
				key = "mazeWall_10"
				xo = "7750"
				yo = "-170"
				xd = "7750"
				yd = "-500"
				/>	

			<param
				key = "mazeWall_11"
				xo = "7800"
				yo = "-170"
				xd = "7800"
				yd = "-420"
				/>					
				
			<param
				key = "mazeWall_12"
				xo = "7850"
				yo = "-170"
				xd = "7850"
				yd = "-420"
				/>	
				
			<param
				key = "mazeWall_13"
				xo = "7900"
				yo = "-170"
				xd = "7900"
				yd = "-420"
				/>		

			<param
				key = "mazeWall_14"
				xo = "7950"
				yo = "-170"
				xd = "7950"
				yd = "-270"
				/>	

			<param
				key = "mazeWall_14a"
				xo = "7950"
				yo = "-270"
				xd = "8200"
				yd = "-270"
				/>				

			<param
				key = "mazeWall_14b"
				xo = "8000"
				yo = "-120"
				xd = "8000"
				yd = "-269"
				/>	
				
			<param
				key = "mazeWall_15"
				xo = "7950"
				yo = "-320"
				xd = "7950"
				yd = "-420"
				/>		

			<param
				key = "mazeWall_15a"
				xo = "7950"
				yo = "-320"
				xd = "8200"
				yd = "-320"
				/>						
				
			<param
				key = "mazeWall_15b"
				xo = "8000"
				yo = "-319"
				xd = "8000"
				yd = "-500"
				/>	
				
			<param
				key = "mazeBottomFloor_7"
				xo = "7500"
				yo = "-490"
				xd = "8000"
				yd = "-490"
				/>	
				
		</edge>

<em>

			<param  key="enemygtori_1"
			file_name="Resources/res/tori.png"
			source_x="0"
			source_y="0"
			sprite_WIDTH="32"
			sprite_HEIGHT="48"
			dynamic="true"
			sprite_X_FRAMES="4"
			sprite_Y_FRAMES="4"
		   		
			sprite_X_POS="400"
			sprite_Y_POS="-300"
		    	
			sprite_ANGLE="0"
				
			enemy_walking_distance="0"
			attack_square_x = "50"
			attack_square_y = "50"
				
			bullet_speed_x = "100"
			bullet_speed_y = "0"
				
			enemy_speed_x = "0"
			enemy_speed_y = "0"
	    		/>
						
					
				
</em>

		<pw>

			<param  key="red"
			file_name="Resources/res/red.png"
			source_x="0"
			source_y="0"
			sprite_WIDTH="31"
			sprite_HEIGHT="32"
			dynamic="true"
			sprite_X_FRAMES="3"
			sprite_Y_FRAMES="4"
			sprite_X_POS="100"
			sprite_Y_POS="-400"
			sprite_ANGLE="0"			
	    	/>

		</pw>
		
		
		<bw>


			<param  key="bullet0"
		   		file_name="Resources/res/bullet-s_b.png"
		   		source_x="0"
		   		source_y="0"
		   		sprite_WIDTH="13"
		   		sprite_HEIGHT="8"
		   		dynamic="true"
		   		sprite_X_FRAMES="1"
		   		sprite_Y_FRAMES="1"
		   		sprite_X_POS="-10"
		   		sprite_Y_POS="10"
		    	sprite_ANGLE="0"
	    		/>


		</bw>

		<e_bw>


			<param  key="e_bullet0"
				file_name="Resources/res/enemy_bullet.png"
				source_x="0"
				source_y="0"
				sprite_WIDTH="13"
				sprite_HEIGHT="8"
				dynamic="true"
				sprite_X_FRAMES="1"
				sprite_Y_FRAMES="1"
				sprite_X_POS="-10"
				sprite_Y_POS="10"
				sprite_ANGLE="0"
	    			/>


		</e_bw>

		<gun>


			<param	key="p_gun"
		   		file_name="Resources/res/gun.png"
		   		source_x="0"
		   		source_y="0"
		   		sprite_WIDTH="33"
		   		sprite_HEIGHT="18"
		   		dynamic="true"
		   		sprite_X_FRAMES="1"
		   		sprite_Y_FRAMES="1"
		   		sprite_X_POS="100"
		   		sprite_Y_POS="-400"
		    	sprite_ANGLE="0"
	    		/>

			<param	key="e_gun"
			file_name="Resources/res/ship.png"
			source_x="0"
			source_y="0"
			sprite_WIDTH="16"
			sprite_HEIGHT="16"
			dynamic="true"
			sprite_X_FRAMES="1"
			sprite_Y_FRAMES="1"
			sprite_X_POS="100"
			sprite_Y_POS="-400"
			sprite_ANGLE="0"
	    		/>

			<param	key="e_gun2"
file_name="Resources/res/ship.png"
source_x="0"
source_y="0"
sprite_WIDTH="16"
sprite_HEIGHT="16"
dynamic="true"
sprite_X_FRAMES="1"
sprite_Y_FRAMES="1"
sprite_X_POS="200"
sprite_Y_POS="-400"
sprite_ANGLE="0"
	    		/>



		</gun>











	</body>
</GameWorld>

<Game_Over_State>
	<head>
		<version>1.0</version>
	</head>
	<body>
		<tx>


			<param  key="NEWkirbyGAMEOVER"
			file_name="Resources/res/kirby.png"
			source_x="4"
			source_y="4"
			sprite_WIDTH="38"
			sprite_HEIGHT="36"
			sprite_X_FRAMES="8"
			sprite_Y_FRAMES="12"
			sprite_X_POS="20"
			sprite_Y_POS="95"
			sprite_ANGLE="0"
	    		/>




			<param  key="NEWkirbyGAMEOVE"
			file_name="Resources/res/kirby.png"
			source_x="4"
			source_y="4"
			sprite_WIDTH="38"
			sprite_HEIGHT="36"
			sprite_X_FRAMES="8"
			sprite_Y_FRAMES="12"
			sprite_X_POS="20"
			sprite_Y_POS="-100"
			sprite_ANGLE="0"
	    		/>


			<param  key="NEWkirbyGAME"
			file_name="Resources/res/kirby.png"
			source_x="4"
			source_y="4"
			sprite_WIDTH="38"
			sprite_HEIGHT="36"
			sprite_X_FRAMES="8"
			sprite_Y_FRAMES="12"
			sprite_X_POS="20"
			sprite_Y_POS="120"
			sprite_ANGLE="0"
	    		/>



			<param  key="NEWkirbyGA"
			file_name="Resources/res/kirby.png"
			source_x="4"
			source_y="4"
			sprite_WIDTH="38"
			sprite_HEIGHT="36"
			sprite_X_FRAMES="8"
			sprite_Y_FRAMES="12"
			sprite_X_POS="20"
			sprite_Y_POS="200"
			sprite_ANGLE="0"
	    		/>


		</tx>

	</body>
</Game_Over_State>


