<?xml version='1.0' encoding='UTF-8' standalone='no'?>
<doxygen xmlns:xsi="http://www.w3.org/2001/XMLSchema-instance" xsi:noNamespaceSchemaLocation="compound.xsd" version="1.9.2" xml:lang="en-US">
  <compounddef id="db/da4/class_sekander_1_1_splash_state" kind="class" language="C++" prot="public">
    <compoundname>Sekander::SplashState</compoundname>
    <basecompoundref refid="dc/df0/class_sekander_1_1_state" prot="public" virt="non-virtual">Sekander::State</basecompoundref>
    <includes refid="d1/d76/_splash_state_8hpp" local="no">SplashState.hpp</includes>
      <sectiondef kind="private-attrib">
      <memberdef kind="variable" id="db/da4/class_sekander_1_1_splash_state_1a9b4c437b8381b964f3888a9c34c505b3" prot="private" static="no" mutable="no">
        <type><ref refid="d8/d6a/namespace_sekander_1a1d69b002ba2d23020901c28f0def5e16" kindref="member">GameDataRef</ref></type>
        <definition>GameDataRef Sekander::SplashState::_data</definition>
        <argsstring></argsstring>
        <name>_data</name>
        <briefdescription>
        </briefdescription>
        <detaileddescription>
        </detaileddescription>
        <inbodydescription>
        </inbodydescription>
        <location file="SplashState.hpp" line="32" column="13" bodyfile="SplashState.hpp" bodystart="32" bodyend="-1"/>
      </memberdef>
      <memberdef kind="variable" id="db/da4/class_sekander_1_1_splash_state_1a3b2a0dfe9948b7ce7b0090fd3a4d45ae" prot="private" static="no" mutable="no">
        <type>const char *</type>
        <definition>const char* Sekander::SplashState::_xml_DOC</definition>
        <argsstring></argsstring>
        <name>_xml_DOC</name>
        <briefdescription>
        </briefdescription>
        <detaileddescription>
        </detaileddescription>
        <inbodydescription>
        </inbodydescription>
        <location file="SplashState.hpp" line="33" column="12" bodyfile="SplashState.hpp" bodystart="33" bodyend="-1"/>
      </memberdef>
      <memberdef kind="variable" id="db/da4/class_sekander_1_1_splash_state_1a536a6abd6bf7b25b13c643268e0cdc5f" prot="private" static="no" mutable="no">
        <type>sf::Clock</type>
        <definition>sf::Clock Sekander::SplashState::_clock</definition>
        <argsstring></argsstring>
        <name>_clock</name>
        <briefdescription>
        </briefdescription>
        <detaileddescription>
        </detaileddescription>
        <inbodydescription>
        </inbodydescription>
        <location file="SplashState.hpp" line="35" column="11" bodyfile="SplashState.hpp" bodystart="35" bodyend="-1"/>
      </memberdef>
      <memberdef kind="variable" id="db/da4/class_sekander_1_1_splash_state_1a138c6168e7a3f910ec07e5358d885d5f" prot="private" static="no" mutable="no">
        <type>sf::Sprite</type>
        <definition>sf::Sprite Sekander::SplashState::_background</definition>
        <argsstring></argsstring>
        <name>_background</name>
        <briefdescription>
        </briefdescription>
        <detaileddescription>
        </detaileddescription>
        <inbodydescription>
        </inbodydescription>
        <location file="SplashState.hpp" line="37" column="12" bodyfile="SplashState.hpp" bodystart="37" bodyend="-1"/>
      </memberdef>
      <memberdef kind="variable" id="db/da4/class_sekander_1_1_splash_state_1a52b5e2e5c009568d86b8d04cab0f25eb" prot="private" static="no" mutable="no">
        <type><ref refid="db/d78/class_sekander_1_1_loading_game_objects" kindref="compound">LoadingGameObjects</ref> *</type>
        <definition>LoadingGameObjects* Sekander::SplashState::ld</definition>
        <argsstring></argsstring>
        <name>ld</name>
        <briefdescription>
        </briefdescription>
        <detaileddescription>
        </detaileddescription>
        <inbodydescription>
        </inbodydescription>
        <location file="SplashState.hpp" line="40" column="20" bodyfile="SplashState.hpp" bodystart="40" bodyend="-1"/>
      </memberdef>
      <memberdef kind="variable" id="db/da4/class_sekander_1_1_splash_state_1ab55b67506296306d1052be850eee455b" prot="private" static="no" mutable="no">
        <type>sf::SoundBuffer</type>
        <definition>sf::SoundBuffer Sekander::SplashState::buffer</definition>
        <argsstring></argsstring>
        <name>buffer</name>
        <briefdescription>
        </briefdescription>
        <detaileddescription>
        </detaileddescription>
        <inbodydescription>
        </inbodydescription>
        <location file="SplashState.hpp" line="41" column="17" bodyfile="SplashState.hpp" bodystart="41" bodyend="-1"/>
      </memberdef>
      <memberdef kind="variable" id="db/da4/class_sekander_1_1_splash_state_1a820828a38fcf1bafada569e889d5a779" prot="private" static="no" mutable="no">
        <type>sf::Sound</type>
        <definition>sf::Sound Sekander::SplashState::sound</definition>
        <argsstring></argsstring>
        <name>sound</name>
        <briefdescription>
        </briefdescription>
        <detaileddescription>
        </detaileddescription>
        <inbodydescription>
        </inbodydescription>
        <location file="SplashState.hpp" line="42" column="11" bodyfile="SplashState.hpp" bodystart="42" bodyend="-1"/>
      </memberdef>
      <memberdef kind="variable" id="db/da4/class_sekander_1_1_splash_state_1a3522ebb11107475ddb6ab8b787b612b9" prot="private" static="no" mutable="no">
        <type>sf::RectangleShape</type>
        <definition>sf::RectangleShape Sekander::SplashState::window_rec</definition>
        <argsstring></argsstring>
        <name>window_rec</name>
        <briefdescription>
        </briefdescription>
        <detaileddescription>
        </detaileddescription>
        <inbodydescription>
        </inbodydescription>
        <location file="SplashState.hpp" line="45" column="20" bodyfile="SplashState.hpp" bodystart="45" bodyend="-1"/>
      </memberdef>
      <memberdef kind="variable" id="db/da4/class_sekander_1_1_splash_state_1a1f4bf1010fbec5d0873b465c9e8dec7d" prot="private" static="no" mutable="no">
        <type>sf::RectangleShape</type>
        <definition>sf::RectangleShape Sekander::SplashState::window_rec2</definition>
        <argsstring></argsstring>
        <name>window_rec2</name>
        <briefdescription>
        </briefdescription>
        <detaileddescription>
        </detaileddescription>
        <inbodydescription>
        </inbodydescription>
        <location file="SplashState.hpp" line="46" column="20" bodyfile="SplashState.hpp" bodystart="46" bodyend="-1"/>
      </memberdef>
      <memberdef kind="variable" id="db/da4/class_sekander_1_1_splash_state_1a4d7ea7b0bddcdc29d96e08da7e2efbf4" prot="private" static="no" mutable="no">
        <type>int</type>
        <definition>int Sekander::SplashState::r</definition>
        <argsstring></argsstring>
        <name>r</name>
        <initializer>= 100</initializer>
        <briefdescription>
        </briefdescription>
        <detaileddescription>
        </detaileddescription>
        <inbodydescription>
        </inbodydescription>
        <location file="SplashState.hpp" line="47" column="5" bodyfile="SplashState.hpp" bodystart="47" bodyend="-1"/>
      </memberdef>
      <memberdef kind="variable" id="db/da4/class_sekander_1_1_splash_state_1aab2a67735fa67169f0359c9d788e6555" prot="private" static="no" mutable="no">
        <type>int</type>
        <definition>int Sekander::SplashState::b</definition>
        <argsstring></argsstring>
        <name>b</name>
        <initializer>= 100</initializer>
        <briefdescription>
        </briefdescription>
        <detaileddescription>
        </detaileddescription>
        <inbodydescription>
        </inbodydescription>
        <location file="SplashState.hpp" line="48" column="5" bodyfile="SplashState.hpp" bodystart="48" bodyend="-1"/>
      </memberdef>
      <memberdef kind="variable" id="db/da4/class_sekander_1_1_splash_state_1a20007b0dea253e377162ad99bd0e2c2b" prot="private" static="no" mutable="no">
        <type>int</type>
        <definition>int Sekander::SplashState::g</definition>
        <argsstring></argsstring>
        <name>g</name>
        <initializer>= 0</initializer>
        <briefdescription>
        </briefdescription>
        <detaileddescription>
        </detaileddescription>
        <inbodydescription>
        </inbodydescription>
        <location file="SplashState.hpp" line="49" column="5" bodyfile="SplashState.hpp" bodystart="49" bodyend="-1"/>
      </memberdef>
      <memberdef kind="variable" id="db/da4/class_sekander_1_1_splash_state_1a4afa8ff30b6f644d71009aaeacbef7cc" prot="private" static="no" mutable="no">
        <type>int</type>
        <definition>int Sekander::SplashState::a</definition>
        <argsstring></argsstring>
        <name>a</name>
        <initializer>= 255</initializer>
        <briefdescription>
        </briefdescription>
        <detaileddescription>
        </detaileddescription>
        <inbodydescription>
        </inbodydescription>
        <location file="SplashState.hpp" line="50" column="5" bodyfile="SplashState.hpp" bodystart="50" bodyend="-1"/>
      </memberdef>
      <memberdef kind="variable" id="db/da4/class_sekander_1_1_splash_state_1a71eb4ebad66f0d6b65d1aaac9dd394df" prot="private" static="no" mutable="no">
        <type>int</type>
        <definition>int Sekander::SplashState::a_b</definition>
        <argsstring></argsstring>
        <name>a_b</name>
        <initializer>= 0</initializer>
        <briefdescription>
        </briefdescription>
        <detaileddescription>
        </detaileddescription>
        <inbodydescription>
        </inbodydescription>
        <location file="SplashState.hpp" line="51" column="5" bodyfile="SplashState.hpp" bodystart="51" bodyend="-1"/>
      </memberdef>
      <memberdef kind="variable" id="db/da4/class_sekander_1_1_splash_state_1a412b596a55aa117ae8b2ebc6c39450ec" prot="private" static="no" mutable="no">
        <type>double</type>
        <definition>double Sekander::SplashState::two_PI</definition>
        <argsstring></argsstring>
        <name>two_PI</name>
        <briefdescription>
        </briefdescription>
        <detaileddescription>
        </detaileddescription>
        <inbodydescription>
        </inbodydescription>
        <location file="SplashState.hpp" line="55" column="16" bodyfile="SplashState.hpp" bodystart="55" bodyend="-1"/>
      </memberdef>
      <memberdef kind="variable" id="db/da4/class_sekander_1_1_splash_state_1aad2e0b38cdf830b13e042c69cd2e758b" prot="private" static="no" mutable="no">
        <type>double</type>
        <definition>double Sekander::SplashState::amplitude</definition>
        <argsstring></argsstring>
        <name>amplitude</name>
        <initializer>= 200</initializer>
        <briefdescription>
        </briefdescription>
        <detaileddescription>
        </detaileddescription>
        <inbodydescription>
        </inbodydescription>
        <location file="SplashState.hpp" line="56" column="17" bodyfile="SplashState.hpp" bodystart="56" bodyend="-1"/>
      </memberdef>
      <memberdef kind="variable" id="db/da4/class_sekander_1_1_splash_state_1a52681392f4d654d97af9504e8aa21aa0" prot="private" static="no" mutable="no">
        <type>int</type>
        <definition>int Sekander::SplashState::frequency</definition>
        <argsstring></argsstring>
        <name>frequency</name>
        <initializer>= 1</initializer>
        <briefdescription>
        </briefdescription>
        <detaileddescription>
        </detaileddescription>
        <inbodydescription>
        </inbodydescription>
        <location file="SplashState.hpp" line="57" column="13" bodyfile="SplashState.hpp" bodystart="57" bodyend="-1"/>
      </memberdef>
      <memberdef kind="variable" id="db/da4/class_sekander_1_1_splash_state_1a9442aa523cd10d3bbf8bc3da82b310c0" prot="private" static="no" mutable="no">
        <type>int</type>
        <definition>int Sekander::SplashState::k</definition>
        <argsstring></argsstring>
        <name>k</name>
        <initializer>= 0</initializer>
        <briefdescription>
        </briefdescription>
        <detaileddescription>
        </detaileddescription>
        <inbodydescription>
        </inbodydescription>
        <location file="SplashState.hpp" line="58" column="13" bodyfile="SplashState.hpp" bodystart="58" bodyend="-1"/>
      </memberdef>
      <memberdef kind="variable" id="db/da4/class_sekander_1_1_splash_state_1a6ae3a31d30343bb45aadef7966320668" prot="private" static="no" mutable="no">
        <type>double</type>
        <definition>double Sekander::SplashState::y</definition>
        <argsstring></argsstring>
        <name>y</name>
        <briefdescription>
        </briefdescription>
        <detaileddescription>
        </detaileddescription>
        <inbodydescription>
        </inbodydescription>
        <location file="SplashState.hpp" line="60" column="16" bodyfile="SplashState.hpp" bodystart="60" bodyend="-1"/>
      </memberdef>
      <memberdef kind="variable" id="db/da4/class_sekander_1_1_splash_state_1a5f21fde83d2389f995b64ab313716a09" prot="private" static="no" mutable="no">
        <type>double</type>
        <definition>double Sekander::SplashState::x</definition>
        <argsstring></argsstring>
        <name>x</name>
        <briefdescription>
        </briefdescription>
        <detaileddescription>
        </detaileddescription>
        <inbodydescription>
        </inbodydescription>
        <location file="SplashState.hpp" line="61" column="16" bodyfile="SplashState.hpp" bodystart="61" bodyend="-1"/>
      </memberdef>
      <memberdef kind="variable" id="db/da4/class_sekander_1_1_splash_state_1a98175bbd61d8dd4d74a813e5aada605d" prot="private" static="no" mutable="no">
        <type>double</type>
        <definition>double Sekander::SplashState::h</definition>
        <argsstring></argsstring>
        <name>h</name>
        <initializer>= 1</initializer>
        <briefdescription>
        </briefdescription>
        <detaileddescription>
        </detaileddescription>
        <inbodydescription>
        </inbodydescription>
        <location file="SplashState.hpp" line="62" column="16" bodyfile="SplashState.hpp" bodystart="62" bodyend="-1"/>
      </memberdef>
      <memberdef kind="variable" id="db/da4/class_sekander_1_1_splash_state_1a0d393d6f228cd011e23dcec4723f327a" prot="private" static="no" mutable="no">
        <type>int</type>
        <definition>int Sekander::SplashState::n_point</definition>
        <argsstring></argsstring>
        <name>n_point</name>
        <initializer>= 1000</initializer>
        <briefdescription>
        </briefdescription>
        <detaileddescription>
        </detaileddescription>
        <inbodydescription>
        </inbodydescription>
        <location file="SplashState.hpp" line="65" column="13" bodyfile="SplashState.hpp" bodystart="65" bodyend="-1"/>
      </memberdef>
      <memberdef kind="variable" id="db/da4/class_sekander_1_1_splash_state_1ae06ef54f8cd627aee5ca845eea105e0a" prot="private" static="no" mutable="no">
        <type>bool</type>
        <definition>bool Sekander::SplashState::_max</definition>
        <argsstring></argsstring>
        <name>_max</name>
        <briefdescription>
        </briefdescription>
        <detaileddescription>
        </detaileddescription>
        <inbodydescription>
        </inbodydescription>
        <location file="SplashState.hpp" line="75" column="6" bodyfile="SplashState.hpp" bodystart="75" bodyend="-1"/>
      </memberdef>
      </sectiondef>
      <sectiondef kind="public-func">
      <memberdef kind="function" id="db/da4/class_sekander_1_1_splash_state_1ae341ef8552453a1d343dcad68de101b5" prot="public" static="no" const="no" explicit="no" inline="no" virt="non-virtual">
        <type></type>
        <definition>Sekander::SplashState::SplashState</definition>
        <argsstring>(GameDataRef data)</argsstring>
        <name>SplashState</name>
        <param>
          <type><ref refid="d8/d6a/namespace_sekander_1a1d69b002ba2d23020901c28f0def5e16" kindref="member">GameDataRef</ref></type>
          <declname>data</declname>
        </param>
        <briefdescription>
        </briefdescription>
        <detaileddescription>
        </detaileddescription>
        <inbodydescription>
        </inbodydescription>
        <location file="SplashState.hpp" line="22" column="1" bodyfile="SplashState.cpp" bodystart="10" bodyend="13"/>
      </memberdef>
      <memberdef kind="function" id="db/da4/class_sekander_1_1_splash_state_1aeb0bbd0553d10ed561166578b3fba993" prot="public" static="no" const="no" explicit="no" inline="no" virt="non-virtual">
        <type></type>
        <definition>Sekander::SplashState::SplashState</definition>
        <argsstring>(GameDataRef data, const char *xml_DOC)</argsstring>
        <name>SplashState</name>
        <param>
          <type><ref refid="d8/d6a/namespace_sekander_1a1d69b002ba2d23020901c28f0def5e16" kindref="member">GameDataRef</ref></type>
          <declname>data</declname>
        </param>
        <param>
          <type>const char *</type>
          <declname>xml_DOC</declname>
        </param>
        <briefdescription>
        </briefdescription>
        <detaileddescription>
        </detaileddescription>
        <inbodydescription>
        </inbodydescription>
        <location file="SplashState.hpp" line="23" column="1" bodyfile="SplashState.cpp" bodystart="15" bodyend="18"/>
      </memberdef>
      <memberdef kind="function" id="db/da4/class_sekander_1_1_splash_state_1adefc71fa2623180deda8391d4e64b04c" prot="public" static="no" const="no" explicit="no" inline="no" virt="virtual">
        <type>void</type>
        <definition>void Sekander::SplashState::Init</definition>
        <argsstring>()</argsstring>
        <name>Init</name>
        <reimplements refid="dc/df0/class_sekander_1_1_state_1a171be4b77d4c13e01849b867bd3fa8f5">Init</reimplements>
        <briefdescription>
        </briefdescription>
        <detaileddescription>
        </detaileddescription>
        <inbodydescription>
        </inbodydescription>
        <location file="SplashState.hpp" line="25" column="6" bodyfile="SplashState.cpp" bodystart="20" bodyend="48"/>
        <references refid="db/d78/class_sekander_1_1_loading_game_objects_1a01a3bccc8f858e5cb35d18b58602f3ac" compoundref="df/dec/_loading_game_objects_8cpp" startline="18" endline="73">Sekander::LoadingGameObjects::Load_XML_SPLASH_SCREEN</references>
        <references refid="df/d44/_d_e_f_i_n_i_t_i_o_n_s_8hpp_1a14e8e00fb25eb45538692a5455119938" compoundref="df/d44/_d_e_f_i_n_i_t_i_o_n_s_8hpp" startline="8">SPLASH_SCENE_BACKGROUND_FILEPATH</references>
      </memberdef>
      <memberdef kind="function" id="db/da4/class_sekander_1_1_splash_state_1a70b45699149208c755d95d1ef3bdb202" prot="public" static="no" const="no" explicit="no" inline="no" virt="virtual">
        <type>void</type>
        <definition>void Sekander::SplashState::HandleInput</definition>
        <argsstring>()</argsstring>
        <name>HandleInput</name>
        <reimplements refid="dc/df0/class_sekander_1_1_state_1ad55ae42f5887db5745fda9f2bd30aaa3">HandleInput</reimplements>
        <briefdescription>
        </briefdescription>
        <detaileddescription>
        </detaileddescription>
        <inbodydescription>
        </inbodydescription>
        <location file="SplashState.hpp" line="27" column="6" bodyfile="SplashState.cpp" bodystart="50" bodyend="87"/>
        <references refid="df/d44/_d_e_f_i_n_i_t_i_o_n_s_8hpp_1a6974d08a74da681b3957b2fead2608b8" compoundref="df/d44/_d_e_f_i_n_i_t_i_o_n_s_8hpp" startline="4">SCREEN_HEIGHT</references>
        <references refid="df/d44/_d_e_f_i_n_i_t_i_o_n_s_8hpp_1a2cd109632a6dcccaa80b43561b1ab700" compoundref="df/d44/_d_e_f_i_n_i_t_i_o_n_s_8hpp" startline="3">SCREEN_WIDTH</references>
      </memberdef>
      <memberdef kind="function" id="db/da4/class_sekander_1_1_splash_state_1ac7121b90b97b7d9cdb5774bdc0c6cc2d" prot="public" static="no" const="no" explicit="no" inline="no" virt="virtual">
        <type>void</type>
        <definition>void Sekander::SplashState::Update</definition>
        <argsstring>(float dt)</argsstring>
        <name>Update</name>
        <reimplements refid="dc/df0/class_sekander_1_1_state_1a08d49e399db6f68247f410f7fddc7963">Update</reimplements>
        <param>
          <type>float</type>
          <declname>dt</declname>
        </param>
        <briefdescription>
        </briefdescription>
        <detaileddescription>
        </detaileddescription>
        <inbodydescription>
        </inbodydescription>
        <location file="SplashState.hpp" line="28" column="6" bodyfile="SplashState.cpp" bodystart="89" bodyend="178"/>
        <references refid="df/d44/_d_e_f_i_n_i_t_i_o_n_s_8hpp_1a06d8261983af6a29c9587c55cf2481d4" compoundref="df/d44/_d_e_f_i_n_i_t_i_o_n_s_8hpp" startline="6">SPLASH_STATE_SHOW_TIME</references>
      </memberdef>
      <memberdef kind="function" id="db/da4/class_sekander_1_1_splash_state_1ad372f3712cd5d3207e44a50dc70bed46" prot="public" static="no" const="no" explicit="no" inline="no" virt="virtual">
        <type>void</type>
        <definition>void Sekander::SplashState::Draw</definition>
        <argsstring>(float dt)</argsstring>
        <name>Draw</name>
        <reimplements refid="dc/df0/class_sekander_1_1_state_1a6ae7c2de1985461232a3ad694ca736b5">Draw</reimplements>
        <param>
          <type>float</type>
          <declname>dt</declname>
        </param>
        <briefdescription>
        </briefdescription>
        <detaileddescription>
        </detaileddescription>
        <inbodydescription>
        </inbodydescription>
        <location file="SplashState.hpp" line="29" column="6" bodyfile="SplashState.cpp" bodystart="180" bodyend="208"/>
        <references refid="db/d78/class_sekander_1_1_loading_game_objects_1a380d17caeefca095fa9166e6426a9cef" compoundref="db/db5/_loading_game_objects_8hpp" startline="66" endline="69">Sekander::LoadingGameObjects::Get_Sprie_Map</references>
      </memberdef>
      </sectiondef>
    <briefdescription>
    </briefdescription>
    <detaileddescription>
    </detaileddescription>
    <inheritancegraph>
      <node id="1">
        <label>Sekander::SplashState</label>
        <link refid="db/da4/class_sekander_1_1_splash_state"/>
        <childnode refid="2" relation="public-inheritance">
        </childnode>
      </node>
      <node id="2">
        <label>Sekander::State</label>
        <link refid="dc/df0/class_sekander_1_1_state"/>
      </node>
    </inheritancegraph>
    <collaborationgraph>
      <node id="1">
        <label>Sekander::SplashState</label>
        <link refid="db/da4/class_sekander_1_1_splash_state"/>
        <childnode refid="2" relation="public-inheritance">
        </childnode>
      </node>
      <node id="2">
        <label>Sekander::State</label>
        <link refid="dc/df0/class_sekander_1_1_state"/>
      </node>
    </collaborationgraph>
    <location file="SplashState.hpp" line="19" column="1" bodyfile="SplashState.hpp" bodystart="20" bodyend="77"/>
    <listofallmembers>
      <member refid="db/da4/class_sekander_1_1_splash_state_1a138c6168e7a3f910ec07e5358d885d5f" prot="private" virt="non-virtual"><scope>Sekander::SplashState</scope><name>_background</name></member>
      <member refid="db/da4/class_sekander_1_1_splash_state_1a536a6abd6bf7b25b13c643268e0cdc5f" prot="private" virt="non-virtual"><scope>Sekander::SplashState</scope><name>_clock</name></member>
      <member refid="db/da4/class_sekander_1_1_splash_state_1a9b4c437b8381b964f3888a9c34c505b3" prot="private" virt="non-virtual"><scope>Sekander::SplashState</scope><name>_data</name></member>
      <member refid="db/da4/class_sekander_1_1_splash_state_1ae06ef54f8cd627aee5ca845eea105e0a" prot="private" virt="non-virtual"><scope>Sekander::SplashState</scope><name>_max</name></member>
      <member refid="db/da4/class_sekander_1_1_splash_state_1a3b2a0dfe9948b7ce7b0090fd3a4d45ae" prot="private" virt="non-virtual"><scope>Sekander::SplashState</scope><name>_xml_DOC</name></member>
      <member refid="db/da4/class_sekander_1_1_splash_state_1a4afa8ff30b6f644d71009aaeacbef7cc" prot="private" virt="non-virtual"><scope>Sekander::SplashState</scope><name>a</name></member>
      <member refid="db/da4/class_sekander_1_1_splash_state_1a71eb4ebad66f0d6b65d1aaac9dd394df" prot="private" virt="non-virtual"><scope>Sekander::SplashState</scope><name>a_b</name></member>
      <member refid="db/da4/class_sekander_1_1_splash_state_1aad2e0b38cdf830b13e042c69cd2e758b" prot="private" virt="non-virtual"><scope>Sekander::SplashState</scope><name>amplitude</name></member>
      <member refid="db/da4/class_sekander_1_1_splash_state_1aab2a67735fa67169f0359c9d788e6555" prot="private" virt="non-virtual"><scope>Sekander::SplashState</scope><name>b</name></member>
      <member refid="db/da4/class_sekander_1_1_splash_state_1ab55b67506296306d1052be850eee455b" prot="private" virt="non-virtual"><scope>Sekander::SplashState</scope><name>buffer</name></member>
      <member refid="db/da4/class_sekander_1_1_splash_state_1ad372f3712cd5d3207e44a50dc70bed46" prot="public" virt="virtual"><scope>Sekander::SplashState</scope><name>Draw</name></member>
      <member refid="db/da4/class_sekander_1_1_splash_state_1a52681392f4d654d97af9504e8aa21aa0" prot="private" virt="non-virtual"><scope>Sekander::SplashState</scope><name>frequency</name></member>
      <member refid="db/da4/class_sekander_1_1_splash_state_1a20007b0dea253e377162ad99bd0e2c2b" prot="private" virt="non-virtual"><scope>Sekander::SplashState</scope><name>g</name></member>
      <member refid="db/da4/class_sekander_1_1_splash_state_1a98175bbd61d8dd4d74a813e5aada605d" prot="private" virt="non-virtual"><scope>Sekander::SplashState</scope><name>h</name></member>
      <member refid="db/da4/class_sekander_1_1_splash_state_1a70b45699149208c755d95d1ef3bdb202" prot="public" virt="virtual"><scope>Sekander::SplashState</scope><name>HandleInput</name></member>
      <member refid="db/da4/class_sekander_1_1_splash_state_1adefc71fa2623180deda8391d4e64b04c" prot="public" virt="virtual"><scope>Sekander::SplashState</scope><name>Init</name></member>
      <member refid="db/da4/class_sekander_1_1_splash_state_1a9442aa523cd10d3bbf8bc3da82b310c0" prot="private" virt="non-virtual"><scope>Sekander::SplashState</scope><name>k</name></member>
      <member refid="db/da4/class_sekander_1_1_splash_state_1a52b5e2e5c009568d86b8d04cab0f25eb" prot="private" virt="non-virtual"><scope>Sekander::SplashState</scope><name>ld</name></member>
      <member refid="db/da4/class_sekander_1_1_splash_state_1a0d393d6f228cd011e23dcec4723f327a" prot="private" virt="non-virtual"><scope>Sekander::SplashState</scope><name>n_point</name></member>
      <member refid="db/da4/class_sekander_1_1_splash_state_1a4d7ea7b0bddcdc29d96e08da7e2efbf4" prot="private" virt="non-virtual"><scope>Sekander::SplashState</scope><name>r</name></member>
      <member refid="db/da4/class_sekander_1_1_splash_state_1a820828a38fcf1bafada569e889d5a779" prot="private" virt="non-virtual"><scope>Sekander::SplashState</scope><name>sound</name></member>
      <member refid="db/da4/class_sekander_1_1_splash_state_1ae341ef8552453a1d343dcad68de101b5" prot="public" virt="non-virtual"><scope>Sekander::SplashState</scope><name>SplashState</name></member>
      <member refid="db/da4/class_sekander_1_1_splash_state_1aeb0bbd0553d10ed561166578b3fba993" prot="public" virt="non-virtual"><scope>Sekander::SplashState</scope><name>SplashState</name></member>
      <member refid="db/da4/class_sekander_1_1_splash_state_1a412b596a55aa117ae8b2ebc6c39450ec" prot="private" virt="non-virtual"><scope>Sekander::SplashState</scope><name>two_PI</name></member>
      <member refid="db/da4/class_sekander_1_1_splash_state_1ac7121b90b97b7d9cdb5774bdc0c6cc2d" prot="public" virt="virtual"><scope>Sekander::SplashState</scope><name>Update</name></member>
      <member refid="db/da4/class_sekander_1_1_splash_state_1a3522ebb11107475ddb6ab8b787b612b9" prot="private" virt="non-virtual"><scope>Sekander::SplashState</scope><name>window_rec</name></member>
      <member refid="db/da4/class_sekander_1_1_splash_state_1a1f4bf1010fbec5d0873b465c9e8dec7d" prot="private" virt="non-virtual"><scope>Sekander::SplashState</scope><name>window_rec2</name></member>
      <member refid="db/da4/class_sekander_1_1_splash_state_1a5f21fde83d2389f995b64ab313716a09" prot="private" virt="non-virtual"><scope>Sekander::SplashState</scope><name>x</name></member>
      <member refid="db/da4/class_sekander_1_1_splash_state_1a6ae3a31d30343bb45aadef7966320668" prot="private" virt="non-virtual"><scope>Sekander::SplashState</scope><name>y</name></member>
    </listofallmembers>
  </compounddef>
</doxygen>
