<?xml version='1.0' encoding='UTF-8' standalone='no'?>
<doxygen xmlns:xsi="http://www.w3.org/2001/XMLSchema-instance" xsi:noNamespaceSchemaLocation="compound.xsd" version="1.9.2" xml:lang="en-US">
  <compounddef id="de/d80/struct_map_layer_1_1_animation_state" kind="struct" language="C++" prot="private">
    <compoundname>MapLayer::AnimationState</compoundname>
      <sectiondef kind="public-attrib">
      <memberdef kind="variable" id="de/d80/struct_map_layer_1_1_animation_state_1ab37c9495a8dce1f661f1f4e46b77f17f" prot="public" static="no" mutable="no">
        <type>sf::Vector2u</type>
        <definition>sf::Vector2u MapLayer::AnimationState::tileCords</definition>
        <argsstring></argsstring>
        <name>tileCords</name>
        <briefdescription>
        </briefdescription>
        <detaileddescription>
        </detaileddescription>
        <inbodydescription>
        </inbodydescription>
        <location file="SFMLOrthogonalLayer.hpp" line="166" column="22" bodyfile="SFMLOrthogonalLayer.hpp" bodystart="166" bodyend="-1"/>
      </memberdef>
      <memberdef kind="variable" id="de/d80/struct_map_layer_1_1_animation_state_1aa9d9ceefb1f56dac58bc7660a1ba7898" prot="public" static="no" mutable="no">
        <type>sf::Time</type>
        <definition>sf::Time MapLayer::AnimationState::startTime</definition>
        <argsstring></argsstring>
        <name>startTime</name>
        <briefdescription>
        </briefdescription>
        <detaileddescription>
        </detaileddescription>
        <inbodydescription>
        </inbodydescription>
        <location file="SFMLOrthogonalLayer.hpp" line="167" column="18" bodyfile="SFMLOrthogonalLayer.hpp" bodystart="167" bodyend="-1"/>
      </memberdef>
      <memberdef kind="variable" id="de/d80/struct_map_layer_1_1_animation_state_1a836c7a2799636527b08eeeb1783069e8" prot="public" static="no" mutable="no">
        <type>sf::Time</type>
        <definition>sf::Time MapLayer::AnimationState::currentTime</definition>
        <argsstring></argsstring>
        <name>currentTime</name>
        <briefdescription>
        </briefdescription>
        <detaileddescription>
        </detaileddescription>
        <inbodydescription>
        </inbodydescription>
        <location file="SFMLOrthogonalLayer.hpp" line="168" column="18" bodyfile="SFMLOrthogonalLayer.hpp" bodystart="168" bodyend="-1"/>
      </memberdef>
      <memberdef kind="variable" id="de/d80/struct_map_layer_1_1_animation_state_1aabe80ae4711c86db562b3e7b5e3bb6d1" prot="public" static="no" mutable="no">
        <type>tmx::Tileset::Tile</type>
        <definition>tmx::Tileset::Tile MapLayer::AnimationState::animTile</definition>
        <argsstring></argsstring>
        <name>animTile</name>
        <briefdescription>
        </briefdescription>
        <detaileddescription>
        </detaileddescription>
        <inbodydescription>
        </inbodydescription>
        <location file="SFMLOrthogonalLayer.hpp" line="169" column="28" bodyfile="SFMLOrthogonalLayer.hpp" bodystart="169" bodyend="-1"/>
      </memberdef>
      <memberdef kind="variable" id="de/d80/struct_map_layer_1_1_animation_state_1aa880baa2bb7e1e2f02d37ce7a6c0dc8a" prot="public" static="no" mutable="no">
        <type>std::uint8_t</type>
        <definition>std::uint8_t MapLayer::AnimationState::flipFlags</definition>
        <argsstring></argsstring>
        <name>flipFlags</name>
        <briefdescription>
        </briefdescription>
        <detaileddescription>
        </detaileddescription>
        <inbodydescription>
        </inbodydescription>
        <location file="SFMLOrthogonalLayer.hpp" line="170" column="22" bodyfile="SFMLOrthogonalLayer.hpp" bodystart="170" bodyend="-1"/>
      </memberdef>
      </sectiondef>
    <briefdescription>
    </briefdescription>
    <detaileddescription>
    </detaileddescription>
    <collaborationgraph>
      <node id="1">
        <label>MapLayer::AnimationState</label>
      </node>
    </collaborationgraph>
    <location file="SFMLOrthogonalLayer.hpp" line="164" column="5" bodyfile="SFMLOrthogonalLayer.hpp" bodystart="165" bodyend="171"/>
    <listofallmembers>
      <member refid="de/d80/struct_map_layer_1_1_animation_state_1aabe80ae4711c86db562b3e7b5e3bb6d1" prot="public" virt="non-virtual"><scope>MapLayer::AnimationState</scope><name>animTile</name></member>
      <member refid="de/d80/struct_map_layer_1_1_animation_state_1a836c7a2799636527b08eeeb1783069e8" prot="public" virt="non-virtual"><scope>MapLayer::AnimationState</scope><name>currentTime</name></member>
      <member refid="de/d80/struct_map_layer_1_1_animation_state_1aa880baa2bb7e1e2f02d37ce7a6c0dc8a" prot="public" virt="non-virtual"><scope>MapLayer::AnimationState</scope><name>flipFlags</name></member>
      <member refid="de/d80/struct_map_layer_1_1_animation_state_1aa9d9ceefb1f56dac58bc7660a1ba7898" prot="public" virt="non-virtual"><scope>MapLayer::AnimationState</scope><name>startTime</name></member>
      <member refid="de/d80/struct_map_layer_1_1_animation_state_1ab37c9495a8dce1f661f1f4e46b77f17f" prot="public" virt="non-virtual"><scope>MapLayer::AnimationState</scope><name>tileCords</name></member>
    </listofallmembers>
  </compounddef>
</doxygen>
