<?xml version='1.0' encoding='UTF-8' standalone='no'?>
<doxygen xmlns:xsi="http://www.w3.org/2001/XMLSchema-instance" xsi:noNamespaceSchemaLocation="compound.xsd" version="1.9.2" xml:lang="en-US">
  <compounddef id="d2/d03/_asset_manager_8hpp" kind="file" language="C++">
    <compoundname>AssetManager.hpp</compoundname>
    <includes local="no">map</includes>
    <includes local="no">SFML/Graphics.hpp</includes>
    <includedby refid="df/da4/_asset_manager_8cpp" local="yes">AssetManager.cpp</includedby>
    <includedby refid="d2/d07/_game_8hpp" local="yes">Game.hpp</includedby>
    <incdepgraph>
      <node id="1">
        <label>AssetManager.hpp</label>
        <link refid="d2/d03/_asset_manager_8hpp"/>
        <childnode refid="2" relation="include">
        </childnode>
        <childnode refid="3" relation="include">
        </childnode>
      </node>
      <node id="3">
        <label>SFML/Graphics.hpp</label>
      </node>
      <node id="2">
        <label>map</label>
      </node>
    </incdepgraph>
    <invincdepgraph>
      <node id="2">
        <label>AssetManager.cpp</label>
        <link refid="df/da4/_asset_manager_8cpp"/>
      </node>
      <node id="1">
        <label>AssetManager.hpp</label>
        <link refid="d2/d03/_asset_manager_8hpp"/>
        <childnode refid="2" relation="include">
        </childnode>
        <childnode refid="3" relation="include">
        </childnode>
      </node>
      <node id="13">
        <label>Bullet.cpp</label>
        <link refid="d7/dcd/_bullet_8cpp"/>
      </node>
      <node id="12">
        <label>Bullet.hpp</label>
        <link refid="d6/d65/_bullet_8hpp"/>
        <childnode refid="13" relation="include">
        </childnode>
        <childnode refid="14" relation="include">
        </childnode>
        <childnode refid="9" relation="include">
        </childnode>
        <childnode refid="21" relation="include">
        </childnode>
        <childnode refid="16" relation="include">
        </childnode>
        <childnode refid="23" relation="include">
        </childnode>
      </node>
      <node id="4">
        <label>Button.hpp</label>
        <link refid="d2/df0/_button_8hpp"/>
      </node>
      <node id="15">
        <label>Enemy.cpp</label>
        <link refid="de/d34/_enemy_8cpp"/>
      </node>
      <node id="14">
        <label>Enemy.hpp</label>
        <link refid="da/dda/_enemy_8hpp"/>
        <childnode refid="15" relation="include">
        </childnode>
        <childnode refid="16" relation="include">
        </childnode>
      </node>
      <node id="5">
        <label>Game.cpp</label>
        <link refid="d7/db5/_game_8cpp"/>
      </node>
      <node id="3">
        <label>Game.hpp</label>
        <link refid="d2/d07/_game_8hpp"/>
        <childnode refid="4" relation="include">
        </childnode>
        <childnode refid="5" relation="include">
        </childnode>
        <childnode refid="6" relation="include">
        </childnode>
        <childnode refid="8" relation="include">
        </childnode>
        <childnode refid="9" relation="include">
        </childnode>
        <childnode refid="11" relation="include">
        </childnode>
        <childnode refid="26" relation="include">
        </childnode>
        <childnode refid="16" relation="include">
        </childnode>
        <childnode refid="18" relation="include">
        </childnode>
        <childnode refid="20" relation="include">
        </childnode>
        <childnode refid="28" relation="include">
        </childnode>
      </node>
      <node id="7">
        <label>GameOverState.cpp</label>
        <link refid="d1/db6/_game_over_state_8cpp"/>
      </node>
      <node id="6">
        <label>GameOverState.hpp</label>
        <link refid="d7/dd1/_game_over_state_8hpp"/>
        <childnode refid="7" relation="include">
        </childnode>
        <childnode refid="8" relation="include">
        </childnode>
      </node>
      <node id="8">
        <label>GameState.cpp</label>
        <link refid="d7/d85/_game_state_8cpp"/>
      </node>
      <node id="9">
        <label>GameState.hpp</label>
        <link refid="d2/d86/_game_state_8hpp"/>
        <childnode refid="5" relation="include">
        </childnode>
        <childnode refid="7" relation="include">
        </childnode>
        <childnode refid="8" relation="include">
        </childnode>
        <childnode refid="10" relation="include">
        </childnode>
      </node>
      <node id="25">
        <label>GameWorld.cpp</label>
        <link refid="db/d7a/_game_world_8cpp"/>
      </node>
      <node id="11">
        <label>GameWorld.hpp</label>
        <link refid="d4/db1/_game_world_8hpp"/>
        <childnode refid="12" relation="include">
        </childnode>
        <childnode refid="14" relation="include">
        </childnode>
        <childnode refid="9" relation="include">
        </childnode>
        <childnode refid="25" relation="include">
        </childnode>
        <childnode refid="21" relation="include">
        </childnode>
        <childnode refid="23" relation="include">
        </childnode>
      </node>
      <node id="22">
        <label>Gun.cpp</label>
        <link refid="d7/d7e/_gun_8cpp"/>
      </node>
      <node id="21">
        <label>Gun.hpp</label>
        <link refid="d0/d06/_gun_8hpp"/>
        <childnode refid="14" relation="include">
        </childnode>
        <childnode refid="22" relation="include">
        </childnode>
        <childnode refid="23" relation="include">
        </childnode>
      </node>
      <node id="27">
        <label>HUD.cpp</label>
        <link refid="d9/d2a/_h_u_d_8cpp"/>
      </node>
      <node id="26">
        <label>HUD.hpp</label>
        <link refid="db/df6/_h_u_d_8hpp"/>
        <childnode refid="9" relation="include">
        </childnode>
        <childnode refid="27" relation="include">
        </childnode>
      </node>
      <node id="17">
        <label>LoadingGameObjects.cpp</label>
        <link refid="df/dec/_loading_game_objects_8cpp"/>
      </node>
      <node id="16">
        <label>LoadingGameObjects.hpp</label>
        <link refid="db/db5/_loading_game_objects_8hpp"/>
        <childnode refid="6" relation="include">
        </childnode>
        <childnode refid="9" relation="include">
        </childnode>
        <childnode refid="17" relation="include">
        </childnode>
        <childnode refid="18" relation="include">
        </childnode>
        <childnode refid="20" relation="include">
        </childnode>
      </node>
      <node id="10">
        <label>MainMenuState.cpp</label>
        <link refid="df/d24/_main_menu_state_8cpp"/>
      </node>
      <node id="18">
        <label>MainMenuState.hpp</label>
        <link refid="db/d83/_main_menu_state_8hpp"/>
        <childnode refid="10" relation="include">
        </childnode>
        <childnode refid="19" relation="include">
        </childnode>
      </node>
      <node id="24">
        <label>Main_Player.cpp</label>
        <link refid="d0/db2/_main___player_8cpp"/>
      </node>
      <node id="23">
        <label>Main_Player.hpp</label>
        <link refid="dc/dea/_main___player_8hpp"/>
        <childnode refid="9" relation="include">
        </childnode>
        <childnode refid="16" relation="include">
        </childnode>
        <childnode refid="24" relation="include">
        </childnode>
      </node>
      <node id="19">
        <label>SplashState.cpp</label>
        <link refid="da/dfb/_splash_state_8cpp"/>
      </node>
      <node id="20">
        <label>SplashState.hpp</label>
        <link refid="d1/d76/_splash_state_8hpp"/>
        <childnode refid="5" relation="include">
        </childnode>
        <childnode refid="19" relation="include">
        </childnode>
      </node>
      <node id="28">
        <label>main.cpp</label>
        <link refid="df/d0a/main_8cpp"/>
      </node>
    </invincdepgraph>
    <innerclass refid="d2/d5e/class_sekander_1_1_asset_manager" prot="public">Sekander::AssetManager</innerclass>
    <innernamespace refid="d8/d6a/namespace_sekander">Sekander</innernamespace>
    <briefdescription>
    </briefdescription>
    <detaileddescription>
    </detaileddescription>
    <programlisting>
<codeline lineno="1"><highlight class="preprocessor">#pragma<sp/>once</highlight><highlight class="normal"></highlight></codeline>
<codeline lineno="2"><highlight class="normal"></highlight></codeline>
<codeline lineno="3"><highlight class="normal"></highlight><highlight class="preprocessor">#include<sp/>&lt;map&gt;</highlight><highlight class="normal"></highlight></codeline>
<codeline lineno="4"><highlight class="normal"></highlight><highlight class="preprocessor">#include<sp/>&lt;SFML/Graphics.hpp&gt;</highlight><highlight class="normal"></highlight></codeline>
<codeline lineno="5"><highlight class="normal"></highlight></codeline>
<codeline lineno="6"><highlight class="normal"></highlight><highlight class="keyword">namespace<sp/></highlight><highlight class="normal"><ref refid="d8/d6a/namespace_sekander" kindref="compound">Sekander</ref><sp/></highlight></codeline>
<codeline lineno="7"><highlight class="normal">{</highlight></codeline>
<codeline lineno="8" refid="d2/d5e/class_sekander_1_1_asset_manager" refkind="compound"><highlight class="normal"><sp/><sp/><sp/><sp/></highlight><highlight class="keyword">class<sp/></highlight><highlight class="normal"><ref refid="d2/d5e/class_sekander_1_1_asset_manager" kindref="compound">AssetManager</ref></highlight></codeline>
<codeline lineno="9"><highlight class="normal"><sp/><sp/><sp/><sp/>{</highlight></codeline>
<codeline lineno="10"><highlight class="normal"><sp/><sp/><sp/><sp/></highlight><highlight class="keyword">public</highlight><highlight class="normal">:</highlight></codeline>
<codeline lineno="11" refid="d2/d5e/class_sekander_1_1_asset_manager_1a5d122bc31351cdf6a844d97351243b1b" refkind="member"><highlight class="normal"><sp/><sp/><sp/><sp/><sp/><sp/><sp/><sp/><ref refid="d2/d5e/class_sekander_1_1_asset_manager_1a5d122bc31351cdf6a844d97351243b1b" kindref="member">AssetManager</ref>()<sp/>{<sp/>}</highlight></codeline>
<codeline lineno="12" refid="d2/d5e/class_sekander_1_1_asset_manager_1a471be342805da815a3de41b72ed6a763" refkind="member"><highlight class="normal"><sp/><sp/><sp/><sp/><sp/><sp/><sp/><sp/><ref refid="d2/d5e/class_sekander_1_1_asset_manager_1a471be342805da815a3de41b72ed6a763" kindref="member">~AssetManager</ref>()<sp/>{<sp/>}</highlight></codeline>
<codeline lineno="13"><highlight class="normal"></highlight></codeline>
<codeline lineno="14"><highlight class="normal"><sp/><sp/><sp/><sp/><sp/><sp/><sp/><sp/></highlight><highlight class="keywordtype">void</highlight><highlight class="normal"><sp/><ref refid="d2/d5e/class_sekander_1_1_asset_manager_1a49871c9808fc5e2988059c92fb181c67" kindref="member">LoadTexture</ref>(std::string<sp/>name,<sp/>std::string<sp/>fileName);</highlight></codeline>
<codeline lineno="15"><highlight class="normal"><sp/><sp/><sp/><sp/><sp/><sp/><sp/><sp/>sf::Texture<sp/>&amp;<ref refid="d2/d5e/class_sekander_1_1_asset_manager_1a276ceaa15497655f3ecf24d1b74b5122" kindref="member">GetTexture</ref>(std::string<sp/>name);</highlight></codeline>
<codeline lineno="16"><highlight class="normal"></highlight></codeline>
<codeline lineno="17"><highlight class="normal"><sp/><sp/><sp/><sp/><sp/><sp/><sp/><sp/></highlight><highlight class="keywordtype">void</highlight><highlight class="normal"><sp/><ref refid="d2/d5e/class_sekander_1_1_asset_manager_1adec8c37238ad13c8756c13ed845150e3" kindref="member">LoadFont</ref>(std::string<sp/>name,<sp/>std::string<sp/>fileName);</highlight></codeline>
<codeline lineno="18"><highlight class="normal"><sp/><sp/><sp/><sp/><sp/><sp/><sp/><sp/>sf::Font<sp/>&amp;<ref refid="d2/d5e/class_sekander_1_1_asset_manager_1a745b3164696e8a92fb479119d11ac034" kindref="member">GetFont</ref>(std::string<sp/>name);</highlight></codeline>
<codeline lineno="19"><highlight class="normal"></highlight></codeline>
<codeline lineno="20"><highlight class="normal"><sp/><sp/><sp/><sp/><sp/><sp/><sp/><sp/></highlight></codeline>
<codeline lineno="21"><highlight class="normal"></highlight></codeline>
<codeline lineno="22"><highlight class="normal"><sp/><sp/><sp/><sp/></highlight><highlight class="keyword">private</highlight><highlight class="normal">:</highlight></codeline>
<codeline lineno="23"><highlight class="normal"><sp/><sp/><sp/><sp/><sp/><sp/><sp/><sp/>std::map&lt;std::string,<sp/>sf::Texture&gt;<sp/>_textures;</highlight></codeline>
<codeline lineno="24"><highlight class="normal"><sp/><sp/><sp/><sp/><sp/><sp/><sp/><sp/>std::map&lt;std::string,<sp/>sf::Font&gt;<sp/>_fonts;</highlight></codeline>
<codeline lineno="25"><highlight class="normal"><sp/><sp/><sp/><sp/>};</highlight></codeline>
<codeline lineno="26"><highlight class="normal">}</highlight></codeline>
    </programlisting>
    <location file="AssetManager.hpp"/>
  </compounddef>
</doxygen>
