<?xml version='1.0' encoding='UTF-8' standalone='no'?>
<doxygen xmlns:xsi="http://www.w3.org/2001/XMLSchema-instance" xsi:noNamespaceSchemaLocation="compound.xsd" version="1.9.2" xml:lang="en-US">
  <compounddef id="d4/d55/class_map_layer_1_1_chunk" kind="class" language="C++" prot="private" final="yes">
    <compoundname>MapLayer::Chunk</compoundname>
    <basecompoundref prot="public" virt="non-virtual">sf::Transformable</basecompoundref>
    <basecompoundref prot="public" virt="non-virtual">sf::Drawable</basecompoundref>
    <innerclass refid="de/d24/class_map_layer_1_1_chunk_1_1_chunk_array" prot="private">MapLayer::Chunk::ChunkArray</innerclass>
      <sectiondef kind="public-type">
      <memberdef kind="typedef" id="d4/d55/class_map_layer_1_1_chunk_1ab1df4d3621c5d9f83c2edb46d0744078" prot="public" static="no">
        <type>std::unique_ptr&lt; Chunk &gt;</type>
        <definition>using MapLayer::Chunk::Ptr =  std::unique_ptr&lt;Chunk&gt;</definition>
        <argsstring></argsstring>
        <name>Ptr</name>
        <briefdescription>
        </briefdescription>
        <detaileddescription>
        </detaileddescription>
        <inbodydescription>
        </inbodydescription>
        <location file="SFMLOrthogonalLayer.hpp" line="176" column="9" bodyfile="SFMLOrthogonalLayer.hpp" bodystart="176" bodyend="-1"/>
      </memberdef>
      <memberdef kind="typedef" id="d4/d55/class_map_layer_1_1_chunk_1a2137a288bfd4120eb3e4db5934b802f3" prot="public" static="no">
        <type>std::array&lt; sf::Vertex, 4u &gt;</type>
        <definition>using MapLayer::Chunk::Tile =  std::array&lt;sf::Vertex, 4u&gt;</definition>
        <argsstring></argsstring>
        <name>Tile</name>
        <briefdescription>
        </briefdescription>
        <detaileddescription>
        </detaileddescription>
        <inbodydescription>
        </inbodydescription>
        <location file="SFMLOrthogonalLayer.hpp" line="184" column="9" bodyfile="SFMLOrthogonalLayer.hpp" bodystart="184" bodyend="-1"/>
      </memberdef>
      </sectiondef>
      <sectiondef kind="private-attrib">
      <memberdef kind="variable" id="d4/d55/class_map_layer_1_1_chunk_1a2540be672f38d7f6826eebb944881429" prot="private" static="no" mutable="no">
        <type>sf::Uint8</type>
        <definition>sf::Uint8 MapLayer::Chunk::layerOpacity</definition>
        <argsstring></argsstring>
        <name>layerOpacity</name>
        <briefdescription>
        </briefdescription>
        <detaileddescription>
        </detaileddescription>
        <inbodydescription>
        </inbodydescription>
        <location file="SFMLOrthogonalLayer.hpp" line="477" column="19" bodyfile="SFMLOrthogonalLayer.hpp" bodystart="477" bodyend="-1"/>
      </memberdef>
      <memberdef kind="variable" id="d4/d55/class_map_layer_1_1_chunk_1a58aafb7ea1d939755673bef91bfe313e" prot="private" static="no" mutable="no">
        <type>sf::Vector2f</type>
        <definition>sf::Vector2f MapLayer::Chunk::layerOffset</definition>
        <argsstring></argsstring>
        <name>layerOffset</name>
        <briefdescription>
        </briefdescription>
        <detaileddescription>
        </detaileddescription>
        <inbodydescription>
        </inbodydescription>
        <location file="SFMLOrthogonalLayer.hpp" line="478" column="22" bodyfile="SFMLOrthogonalLayer.hpp" bodystart="478" bodyend="-1"/>
      </memberdef>
      <memberdef kind="variable" id="d4/d55/class_map_layer_1_1_chunk_1a010215bc42e515278da75b680c88dcdf" prot="private" static="no" mutable="no">
        <type>sf::Vector2u</type>
        <definition>sf::Vector2u MapLayer::Chunk::mapTileSize</definition>
        <argsstring></argsstring>
        <name>mapTileSize</name>
        <briefdescription>
        </briefdescription>
        <detaileddescription>
        </detaileddescription>
        <inbodydescription>
        </inbodydescription>
        <location file="SFMLOrthogonalLayer.hpp" line="479" column="22" bodyfile="SFMLOrthogonalLayer.hpp" bodystart="479" bodyend="-1"/>
      </memberdef>
      <memberdef kind="variable" id="d4/d55/class_map_layer_1_1_chunk_1a48d8fc51f7358f229818659ae7869485" prot="private" static="no" mutable="no">
        <type>sf::Vector2f</type>
        <definition>sf::Vector2f MapLayer::Chunk::chunkTileCount</definition>
        <argsstring></argsstring>
        <name>chunkTileCount</name>
        <briefdescription>
        </briefdescription>
        <detaileddescription>
        </detaileddescription>
        <inbodydescription>
        </inbodydescription>
        <location file="SFMLOrthogonalLayer.hpp" line="480" column="22" bodyfile="SFMLOrthogonalLayer.hpp" bodystart="480" bodyend="-1"/>
      </memberdef>
      <memberdef kind="variable" id="d4/d55/class_map_layer_1_1_chunk_1ab40e4c80d3c205fc62db6a1c90e6afe7" prot="private" static="no" mutable="no">
        <type>std::vector&lt; tmx::TileLayer::Tile &gt;</type>
        <definition>std::vector&lt;tmx::TileLayer::Tile&gt; MapLayer::Chunk::m_chunkTileIDs</definition>
        <argsstring></argsstring>
        <name>m_chunkTileIDs</name>
        <briefdescription>
        </briefdescription>
        <detaileddescription>
        </detaileddescription>
        <inbodydescription>
        </inbodydescription>
        <location file="SFMLOrthogonalLayer.hpp" line="481" column="21" bodyfile="SFMLOrthogonalLayer.hpp" bodystart="481" bodyend="-1"/>
      </memberdef>
      <memberdef kind="variable" id="d4/d55/class_map_layer_1_1_chunk_1ab09b61a5d77f4acad152ac60db3cd333" prot="private" static="no" mutable="no">
        <type>std::vector&lt; sf::Color &gt;</type>
        <definition>std::vector&lt;sf::Color&gt; MapLayer::Chunk::m_chunkColors</definition>
        <argsstring></argsstring>
        <name>m_chunkColors</name>
        <briefdescription>
        </briefdescription>
        <detaileddescription>
        </detaileddescription>
        <inbodydescription>
        </inbodydescription>
        <location file="SFMLOrthogonalLayer.hpp" line="482" column="21" bodyfile="SFMLOrthogonalLayer.hpp" bodystart="482" bodyend="-1"/>
      </memberdef>
      <memberdef kind="variable" id="d4/d55/class_map_layer_1_1_chunk_1a70854589957a8232358b04f971c1a1ec" prot="private" static="no" mutable="no">
        <type>std::map&lt; std::uint32_t, tmx::Tileset::Tile &gt;</type>
        <definition>std::map&lt;std::uint32_t, tmx::Tileset::Tile&gt; MapLayer::Chunk::m_animTiles</definition>
        <argsstring></argsstring>
        <name>m_animTiles</name>
        <briefdescription>
        </briefdescription>
        <detaileddescription>
        </detaileddescription>
        <inbodydescription>
        </inbodydescription>
        <location file="SFMLOrthogonalLayer.hpp" line="483" column="18" bodyfile="SFMLOrthogonalLayer.hpp" bodystart="483" bodyend="-1"/>
      </memberdef>
      <memberdef kind="variable" id="d4/d55/class_map_layer_1_1_chunk_1a8b618ddd7286a02a668fb9f8404427b6" prot="private" static="no" mutable="no">
        <type>std::vector&lt; AnimationState &gt;</type>
        <definition>std::vector&lt;AnimationState&gt; MapLayer::Chunk::m_activeAnimations</definition>
        <argsstring></argsstring>
        <name>m_activeAnimations</name>
        <briefdescription>
        </briefdescription>
        <detaileddescription>
        </detaileddescription>
        <inbodydescription>
        </inbodydescription>
        <location file="SFMLOrthogonalLayer.hpp" line="484" column="21" bodyfile="SFMLOrthogonalLayer.hpp" bodystart="484" bodyend="-1"/>
      </memberdef>
      <memberdef kind="variable" id="d4/d55/class_map_layer_1_1_chunk_1ab264049d7a576a9b8efd88df159704bf" prot="private" static="no" mutable="no">
        <type>std::vector&lt; ChunkArray::Ptr &gt;</type>
        <definition>std::vector&lt;ChunkArray::Ptr&gt; MapLayer::Chunk::m_chunkArrays</definition>
        <argsstring></argsstring>
        <name>m_chunkArrays</name>
        <briefdescription>
        </briefdescription>
        <detaileddescription>
        </detaileddescription>
        <inbodydescription>
        </inbodydescription>
        <location file="SFMLOrthogonalLayer.hpp" line="485" column="21" bodyfile="SFMLOrthogonalLayer.hpp" bodystart="485" bodyend="-1"/>
      </memberdef>
      </sectiondef>
      <sectiondef kind="public-func">
      <memberdef kind="function" id="d4/d55/class_map_layer_1_1_chunk_1a150ac380ce0e3abfb512ca523ffa3656" prot="public" static="no" const="no" explicit="no" inline="yes" virt="non-virtual">
        <type></type>
        <definition>MapLayer::Chunk::Chunk</definition>
        <argsstring>(const tmx::TileLayer &amp;layer, std::vector&lt; const tmx::Tileset * &gt; tilesets, const sf::Vector2f &amp;position, const sf::Vector2f &amp;tileCount, const sf::Vector2u &amp;tileSize, std::size_t rowSize, TextureResource &amp;tr, const std::map&lt; std::uint32_t, tmx::Tileset::Tile &gt; &amp;animTiles)</argsstring>
        <name>Chunk</name>
        <param>
          <type>const tmx::TileLayer &amp;</type>
          <declname>layer</declname>
        </param>
        <param>
          <type>std::vector&lt; const tmx::Tileset * &gt;</type>
          <declname>tilesets</declname>
        </param>
        <param>
          <type>const sf::Vector2f &amp;</type>
          <declname>position</declname>
        </param>
        <param>
          <type>const sf::Vector2f &amp;</type>
          <declname>tileCount</declname>
        </param>
        <param>
          <type>const sf::Vector2u &amp;</type>
          <declname>tileSize</declname>
        </param>
        <param>
          <type>std::size_t</type>
          <declname>rowSize</declname>
        </param>
        <param>
          <type>TextureResource &amp;</type>
          <declname>tr</declname>
        </param>
        <param>
          <type>const std::map&lt; std::uint32_t, tmx::Tileset::Tile &gt; &amp;</type>
          <declname>animTiles</declname>
        </param>
        <briefdescription>
        </briefdescription>
        <detaileddescription>
        </detaileddescription>
        <inbodydescription>
        </inbodydescription>
        <location file="SFMLOrthogonalLayer.hpp" line="186" column="9" bodyfile="SFMLOrthogonalLayer.hpp" bodystart="186" bodyend="225"/>
      </memberdef>
      <memberdef kind="function" id="d4/d55/class_map_layer_1_1_chunk_1aa8e16ad1e2e77a00313c4ed92f0a87b7" prot="public" static="no" const="no" explicit="no" inline="yes" virt="non-virtual">
        <type>void</type>
        <definition>void MapLayer::Chunk::generateTiles</definition>
        <argsstring>(bool registerAnimation=false)</argsstring>
        <name>generateTiles</name>
        <param>
          <type>bool</type>
          <declname>registerAnimation</declname>
          <defval>false</defval>
        </param>
        <briefdescription>
        </briefdescription>
        <detaileddescription>
        </detaileddescription>
        <inbodydescription>
        </inbodydescription>
        <location file="SFMLOrthogonalLayer.hpp" line="227" column="14" bodyfile="SFMLOrthogonalLayer.hpp" bodystart="227" bodyend="284"/>
      </memberdef>
      <memberdef kind="function" id="d4/d55/class_map_layer_1_1_chunk_1a868f8750a2139ead6a79ae6f228303f5" prot="public" static="no" const="no" explicit="no" inline="no" virt="non-virtual">
        <type></type>
        <definition>MapLayer::Chunk::~Chunk</definition>
        <argsstring>()=default</argsstring>
        <name>~Chunk</name>
        <briefdescription>
        </briefdescription>
        <detaileddescription>
        </detaileddescription>
        <inbodydescription>
        </inbodydescription>
        <location file="SFMLOrthogonalLayer.hpp" line="285" column="9"/>
      </memberdef>
      <memberdef kind="function" id="d4/d55/class_map_layer_1_1_chunk_1ad135fca4082657b3babebd9c5b3402a8" prot="public" static="no" const="no" explicit="no" inline="no" virt="non-virtual">
        <type></type>
        <definition>MapLayer::Chunk::Chunk</definition>
        <argsstring>(const Chunk &amp;)=delete</argsstring>
        <name>Chunk</name>
        <param>
          <type>const Chunk &amp;</type>
        </param>
        <briefdescription>
        </briefdescription>
        <detaileddescription>
        </detaileddescription>
        <inbodydescription>
        </inbodydescription>
        <location file="SFMLOrthogonalLayer.hpp" line="286" column="9"/>
      </memberdef>
      <memberdef kind="function" id="d4/d55/class_map_layer_1_1_chunk_1a9f1e226583aefdea642c4f2f8d26fe2a" prot="public" static="no" const="no" explicit="no" inline="no" virt="non-virtual">
        <type>Chunk &amp;</type>
        <definition>Chunk &amp; MapLayer::Chunk::operator=</definition>
        <argsstring>(const Chunk &amp;)=delete</argsstring>
        <name>operator=</name>
        <param>
          <type>const Chunk &amp;</type>
        </param>
        <briefdescription>
        </briefdescription>
        <detaileddescription>
        </detaileddescription>
        <inbodydescription>
        </inbodydescription>
        <location file="SFMLOrthogonalLayer.hpp" line="287" column="15"/>
      </memberdef>
      <memberdef kind="function" id="d4/d55/class_map_layer_1_1_chunk_1a20c30ea7eb61fbe55a0233e888de70fd" prot="public" static="no" const="no" explicit="no" inline="yes" virt="non-virtual">
        <type>std::vector&lt; AnimationState &gt; &amp;</type>
        <definition>std::vector&lt; AnimationState &gt; &amp; MapLayer::Chunk::getActiveAnimations</definition>
        <argsstring>()</argsstring>
        <name>getActiveAnimations</name>
        <briefdescription>
        </briefdescription>
        <detaileddescription>
        </detaileddescription>
        <inbodydescription>
        </inbodydescription>
        <location file="SFMLOrthogonalLayer.hpp" line="288" column="21" bodyfile="SFMLOrthogonalLayer.hpp" bodystart="288" bodyend="288"/>
      </memberdef>
      <memberdef kind="function" id="d4/d55/class_map_layer_1_1_chunk_1ae70972baf5ed18a69709f180e62f4eb5" prot="public" static="no" const="yes" explicit="no" inline="yes" virt="non-virtual">
        <type>tmx::TileLayer::Tile</type>
        <definition>tmx::TileLayer::Tile MapLayer::Chunk::getTile</definition>
        <argsstring>(int x, int y) const</argsstring>
        <name>getTile</name>
        <param>
          <type>int</type>
          <declname>x</declname>
        </param>
        <param>
          <type>int</type>
          <declname>y</declname>
        </param>
        <briefdescription>
        </briefdescription>
        <detaileddescription>
        </detaileddescription>
        <inbodydescription>
        </inbodydescription>
        <location file="SFMLOrthogonalLayer.hpp" line="289" column="30" bodyfile="SFMLOrthogonalLayer.hpp" bodystart="289" bodyend="292"/>
      </memberdef>
      <memberdef kind="function" id="d4/d55/class_map_layer_1_1_chunk_1a557343f1e955e78b6f68623007fb9a7a" prot="public" static="no" const="no" explicit="no" inline="yes" virt="non-virtual">
        <type>void</type>
        <definition>void MapLayer::Chunk::setTile</definition>
        <argsstring>(int x, int y, tmx::TileLayer::Tile tile, bool refresh)</argsstring>
        <name>setTile</name>
        <param>
          <type>int</type>
          <declname>x</declname>
        </param>
        <param>
          <type>int</type>
          <declname>y</declname>
        </param>
        <param>
          <type>tmx::TileLayer::Tile</type>
          <declname>tile</declname>
        </param>
        <param>
          <type>bool</type>
          <declname>refresh</declname>
        </param>
        <briefdescription>
        </briefdescription>
        <detaileddescription>
        </detaileddescription>
        <inbodydescription>
        </inbodydescription>
        <location file="SFMLOrthogonalLayer.hpp" line="293" column="14" bodyfile="SFMLOrthogonalLayer.hpp" bodystart="293" bodyend="297"/>
      </memberdef>
      <memberdef kind="function" id="d4/d55/class_map_layer_1_1_chunk_1aeee5ad34f7c428e1fd290b2a1a695397" prot="public" static="no" const="yes" explicit="no" inline="yes" virt="non-virtual">
        <type>sf::Color</type>
        <definition>sf::Color MapLayer::Chunk::getColor</definition>
        <argsstring>(int x, int y) const</argsstring>
        <name>getColor</name>
        <param>
          <type>int</type>
          <declname>x</declname>
        </param>
        <param>
          <type>int</type>
          <declname>y</declname>
        </param>
        <briefdescription>
        </briefdescription>
        <detaileddescription>
        </detaileddescription>
        <inbodydescription>
        </inbodydescription>
        <location file="SFMLOrthogonalLayer.hpp" line="298" column="19" bodyfile="SFMLOrthogonalLayer.hpp" bodystart="298" bodyend="301"/>
      </memberdef>
      <memberdef kind="function" id="d4/d55/class_map_layer_1_1_chunk_1addf26b112e46bc6995f03a886cf46dc8" prot="public" static="no" const="no" explicit="no" inline="yes" virt="non-virtual">
        <type>void</type>
        <definition>void MapLayer::Chunk::setColor</definition>
        <argsstring>(int x, int y, sf::Color color, bool refresh)</argsstring>
        <name>setColor</name>
        <param>
          <type>int</type>
          <declname>x</declname>
        </param>
        <param>
          <type>int</type>
          <declname>y</declname>
        </param>
        <param>
          <type>sf::Color</type>
          <declname>color</declname>
        </param>
        <param>
          <type>bool</type>
          <declname>refresh</declname>
        </param>
        <briefdescription>
        </briefdescription>
        <detaileddescription>
        </detaileddescription>
        <inbodydescription>
        </inbodydescription>
        <location file="SFMLOrthogonalLayer.hpp" line="302" column="14" bodyfile="SFMLOrthogonalLayer.hpp" bodystart="302" bodyend="306"/>
      </memberdef>
      <memberdef kind="function" id="d4/d55/class_map_layer_1_1_chunk_1abf755ab4f7b9430aae29a631eb2ee48e" prot="public" static="no" const="no" explicit="no" inline="yes" virt="non-virtual">
        <type>void</type>
        <definition>void MapLayer::Chunk::maybeRegenerate</definition>
        <argsstring>(bool refresh)</argsstring>
        <name>maybeRegenerate</name>
        <param>
          <type>bool</type>
          <declname>refresh</declname>
        </param>
        <briefdescription>
        </briefdescription>
        <detaileddescription>
        </detaileddescription>
        <inbodydescription>
        </inbodydescription>
        <location file="SFMLOrthogonalLayer.hpp" line="307" column="14" bodyfile="SFMLOrthogonalLayer.hpp" bodystart="307" bodyend="317"/>
      </memberdef>
      <memberdef kind="function" id="d4/d55/class_map_layer_1_1_chunk_1a3df37cf62d435f242780c6ae3cf0f339" prot="public" static="no" const="yes" explicit="no" inline="yes" virt="non-virtual">
        <type>int</type>
        <definition>int MapLayer::Chunk::calcIndexFrom</definition>
        <argsstring>(int x, int y) const</argsstring>
        <name>calcIndexFrom</name>
        <param>
          <type>int</type>
          <declname>x</declname>
        </param>
        <param>
          <type>int</type>
          <declname>y</declname>
        </param>
        <briefdescription>
        </briefdescription>
        <detaileddescription>
        </detaileddescription>
        <inbodydescription>
        </inbodydescription>
        <location file="SFMLOrthogonalLayer.hpp" line="318" column="13" bodyfile="SFMLOrthogonalLayer.hpp" bodystart="318" bodyend="321"/>
      </memberdef>
      <memberdef kind="function" id="d4/d55/class_map_layer_1_1_chunk_1ad7e91d957e932e8c4235f5008cbd03c8" prot="public" static="no" const="yes" explicit="no" inline="yes" virt="non-virtual">
        <type>bool</type>
        <definition>bool MapLayer::Chunk::empty</definition>
        <argsstring>() const</argsstring>
        <name>empty</name>
        <briefdescription>
        </briefdescription>
        <detaileddescription>
        </detaileddescription>
        <inbodydescription>
        </inbodydescription>
        <location file="SFMLOrthogonalLayer.hpp" line="322" column="14" bodyfile="SFMLOrthogonalLayer.hpp" bodystart="322" bodyend="322"/>
      </memberdef>
      <memberdef kind="function" id="d4/d55/class_map_layer_1_1_chunk_1a6de781e426b23c3b33e34a1ea70eb14f" prot="public" static="no" const="no" explicit="no" inline="yes" virt="non-virtual">
        <type>void</type>
        <definition>void MapLayer::Chunk::flipY</definition>
        <argsstring>(sf::Vector2f *v0, sf::Vector2f *v1, sf::Vector2f *v2, sf::Vector2f *v3)</argsstring>
        <name>flipY</name>
        <param>
          <type>sf::Vector2f *</type>
          <declname>v0</declname>
        </param>
        <param>
          <type>sf::Vector2f *</type>
          <declname>v1</declname>
        </param>
        <param>
          <type>sf::Vector2f *</type>
          <declname>v2</declname>
        </param>
        <param>
          <type>sf::Vector2f *</type>
          <declname>v3</declname>
        </param>
        <briefdescription>
        </briefdescription>
        <detaileddescription>
        </detaileddescription>
        <inbodydescription>
        </inbodydescription>
        <location file="SFMLOrthogonalLayer.hpp" line="323" column="14" bodyfile="SFMLOrthogonalLayer.hpp" bodystart="323" bodyend="331"/>
      </memberdef>
      <memberdef kind="function" id="d4/d55/class_map_layer_1_1_chunk_1a0bd785f9c54b97ae99417261210b9579" prot="public" static="no" const="no" explicit="no" inline="yes" virt="non-virtual">
        <type>void</type>
        <definition>void MapLayer::Chunk::flipX</definition>
        <argsstring>(sf::Vector2f *v0, sf::Vector2f *v1, sf::Vector2f *v2, sf::Vector2f *v3)</argsstring>
        <name>flipX</name>
        <param>
          <type>sf::Vector2f *</type>
          <declname>v0</declname>
        </param>
        <param>
          <type>sf::Vector2f *</type>
          <declname>v1</declname>
        </param>
        <param>
          <type>sf::Vector2f *</type>
          <declname>v2</declname>
        </param>
        <param>
          <type>sf::Vector2f *</type>
          <declname>v3</declname>
        </param>
        <briefdescription>
        </briefdescription>
        <detaileddescription>
        </detaileddescription>
        <inbodydescription>
        </inbodydescription>
        <location file="SFMLOrthogonalLayer.hpp" line="333" column="14" bodyfile="SFMLOrthogonalLayer.hpp" bodystart="333" bodyend="341"/>
      </memberdef>
      <memberdef kind="function" id="d4/d55/class_map_layer_1_1_chunk_1a82346cb03113d15eb2b135c082257b0e" prot="public" static="no" const="no" explicit="no" inline="yes" virt="non-virtual">
        <type>void</type>
        <definition>void MapLayer::Chunk::flipD</definition>
        <argsstring>(sf::Vector2f *v0, sf::Vector2f *v1, sf::Vector2f *v2, sf::Vector2f *v3)</argsstring>
        <name>flipD</name>
        <param>
          <type>sf::Vector2f *</type>
          <declname>v0</declname>
        </param>
        <param>
          <type>sf::Vector2f *</type>
          <declname>v1</declname>
        </param>
        <param>
          <type>sf::Vector2f *</type>
          <declname>v2</declname>
        </param>
        <param>
          <type>sf::Vector2f *</type>
          <declname>v3</declname>
        </param>
        <briefdescription>
        </briefdescription>
        <detaileddescription>
        </detaileddescription>
        <inbodydescription>
        </inbodydescription>
        <location file="SFMLOrthogonalLayer.hpp" line="343" column="14" bodyfile="SFMLOrthogonalLayer.hpp" bodystart="343" bodyend="351"/>
      </memberdef>
      <memberdef kind="function" id="d4/d55/class_map_layer_1_1_chunk_1ac90c3c9041c12cf6955707966c20d0cc" prot="public" static="no" const="no" explicit="no" inline="yes" virt="non-virtual">
        <type>void</type>
        <definition>void MapLayer::Chunk::doFlips</definition>
        <argsstring>(std::uint8_t bits, sf::Vector2f *v0, sf::Vector2f *v1, sf::Vector2f *v2, sf::Vector2f *v3)</argsstring>
        <name>doFlips</name>
        <param>
          <type>std::uint8_t</type>
          <declname>bits</declname>
        </param>
        <param>
          <type>sf::Vector2f *</type>
          <declname>v0</declname>
        </param>
        <param>
          <type>sf::Vector2f *</type>
          <declname>v1</declname>
        </param>
        <param>
          <type>sf::Vector2f *</type>
          <declname>v2</declname>
        </param>
        <param>
          <type>sf::Vector2f *</type>
          <declname>v3</declname>
        </param>
        <briefdescription>
        </briefdescription>
        <detaileddescription>
        </detaileddescription>
        <inbodydescription>
        </inbodydescription>
        <location file="SFMLOrthogonalLayer.hpp" line="353" column="14" bodyfile="SFMLOrthogonalLayer.hpp" bodystart="353" bodyend="424"/>
      </memberdef>
      </sectiondef>
      <sectiondef kind="private-func">
      <memberdef kind="function" id="d4/d55/class_map_layer_1_1_chunk_1ab2f932fad581f2dd23d1570ebb4c76b9" prot="private" static="no" const="yes" explicit="no" inline="yes" virt="non-virtual">
        <type>void</type>
        <definition>void MapLayer::Chunk::draw</definition>
        <argsstring>(sf::RenderTarget &amp;rt, sf::RenderStates states) const override</argsstring>
        <name>draw</name>
        <param>
          <type>sf::RenderTarget &amp;</type>
          <declname>rt</declname>
        </param>
        <param>
          <type>sf::RenderStates</type>
          <declname>states</declname>
        </param>
        <briefdescription>
        </briefdescription>
        <detaileddescription>
        </detaileddescription>
        <inbodydescription>
        </inbodydescription>
        <location file="SFMLOrthogonalLayer.hpp" line="486" column="14" bodyfile="SFMLOrthogonalLayer.hpp" bodystart="486" bodyend="493"/>
      </memberdef>
      </sectiondef>
    <briefdescription>
    </briefdescription>
    <detaileddescription>
    </detaileddescription>
    <inheritancegraph>
      <node id="1">
        <label>MapLayer::Chunk</label>
        <childnode refid="2" relation="public-inheritance">
        </childnode>
        <childnode refid="3" relation="public-inheritance">
        </childnode>
      </node>
      <node id="3">
        <label>sf::Drawable</label>
      </node>
      <node id="2">
        <label>sf::Transformable</label>
      </node>
    </inheritancegraph>
    <collaborationgraph>
      <node id="1">
        <label>MapLayer::Chunk</label>
        <childnode refid="2" relation="public-inheritance">
        </childnode>
        <childnode refid="3" relation="public-inheritance">
        </childnode>
      </node>
      <node id="3">
        <label>sf::Drawable</label>
      </node>
      <node id="2">
        <label>sf::Transformable</label>
      </node>
    </collaborationgraph>
    <location file="SFMLOrthogonalLayer.hpp" line="173" column="5" bodyfile="SFMLOrthogonalLayer.hpp" bodystart="174" bodyend="494"/>
    <listofallmembers>
      <member refid="d4/d55/class_map_layer_1_1_chunk_1a3df37cf62d435f242780c6ae3cf0f339" prot="public" virt="non-virtual"><scope>MapLayer::Chunk</scope><name>calcIndexFrom</name></member>
      <member refid="d4/d55/class_map_layer_1_1_chunk_1a150ac380ce0e3abfb512ca523ffa3656" prot="public" virt="non-virtual"><scope>MapLayer::Chunk</scope><name>Chunk</name></member>
      <member refid="d4/d55/class_map_layer_1_1_chunk_1ad135fca4082657b3babebd9c5b3402a8" prot="public" virt="non-virtual"><scope>MapLayer::Chunk</scope><name>Chunk</name></member>
      <member refid="d4/d55/class_map_layer_1_1_chunk_1a48d8fc51f7358f229818659ae7869485" prot="private" virt="non-virtual"><scope>MapLayer::Chunk</scope><name>chunkTileCount</name></member>
      <member refid="d4/d55/class_map_layer_1_1_chunk_1ac90c3c9041c12cf6955707966c20d0cc" prot="public" virt="non-virtual"><scope>MapLayer::Chunk</scope><name>doFlips</name></member>
      <member refid="d4/d55/class_map_layer_1_1_chunk_1ab2f932fad581f2dd23d1570ebb4c76b9" prot="private" virt="non-virtual"><scope>MapLayer::Chunk</scope><name>draw</name></member>
      <member refid="d4/d55/class_map_layer_1_1_chunk_1ad7e91d957e932e8c4235f5008cbd03c8" prot="public" virt="non-virtual"><scope>MapLayer::Chunk</scope><name>empty</name></member>
      <member refid="d4/d55/class_map_layer_1_1_chunk_1a82346cb03113d15eb2b135c082257b0e" prot="public" virt="non-virtual"><scope>MapLayer::Chunk</scope><name>flipD</name></member>
      <member refid="d4/d55/class_map_layer_1_1_chunk_1a0bd785f9c54b97ae99417261210b9579" prot="public" virt="non-virtual"><scope>MapLayer::Chunk</scope><name>flipX</name></member>
      <member refid="d4/d55/class_map_layer_1_1_chunk_1a6de781e426b23c3b33e34a1ea70eb14f" prot="public" virt="non-virtual"><scope>MapLayer::Chunk</scope><name>flipY</name></member>
      <member refid="d4/d55/class_map_layer_1_1_chunk_1aa8e16ad1e2e77a00313c4ed92f0a87b7" prot="public" virt="non-virtual"><scope>MapLayer::Chunk</scope><name>generateTiles</name></member>
      <member refid="d4/d55/class_map_layer_1_1_chunk_1a20c30ea7eb61fbe55a0233e888de70fd" prot="public" virt="non-virtual"><scope>MapLayer::Chunk</scope><name>getActiveAnimations</name></member>
      <member refid="d4/d55/class_map_layer_1_1_chunk_1aeee5ad34f7c428e1fd290b2a1a695397" prot="public" virt="non-virtual"><scope>MapLayer::Chunk</scope><name>getColor</name></member>
      <member refid="d4/d55/class_map_layer_1_1_chunk_1ae70972baf5ed18a69709f180e62f4eb5" prot="public" virt="non-virtual"><scope>MapLayer::Chunk</scope><name>getTile</name></member>
      <member refid="d4/d55/class_map_layer_1_1_chunk_1a58aafb7ea1d939755673bef91bfe313e" prot="private" virt="non-virtual"><scope>MapLayer::Chunk</scope><name>layerOffset</name></member>
      <member refid="d4/d55/class_map_layer_1_1_chunk_1a2540be672f38d7f6826eebb944881429" prot="private" virt="non-virtual"><scope>MapLayer::Chunk</scope><name>layerOpacity</name></member>
      <member refid="d4/d55/class_map_layer_1_1_chunk_1a8b618ddd7286a02a668fb9f8404427b6" prot="private" virt="non-virtual"><scope>MapLayer::Chunk</scope><name>m_activeAnimations</name></member>
      <member refid="d4/d55/class_map_layer_1_1_chunk_1a70854589957a8232358b04f971c1a1ec" prot="private" virt="non-virtual"><scope>MapLayer::Chunk</scope><name>m_animTiles</name></member>
      <member refid="d4/d55/class_map_layer_1_1_chunk_1ab264049d7a576a9b8efd88df159704bf" prot="private" virt="non-virtual"><scope>MapLayer::Chunk</scope><name>m_chunkArrays</name></member>
      <member refid="d4/d55/class_map_layer_1_1_chunk_1ab09b61a5d77f4acad152ac60db3cd333" prot="private" virt="non-virtual"><scope>MapLayer::Chunk</scope><name>m_chunkColors</name></member>
      <member refid="d4/d55/class_map_layer_1_1_chunk_1ab40e4c80d3c205fc62db6a1c90e6afe7" prot="private" virt="non-virtual"><scope>MapLayer::Chunk</scope><name>m_chunkTileIDs</name></member>
      <member refid="d4/d55/class_map_layer_1_1_chunk_1a010215bc42e515278da75b680c88dcdf" prot="private" virt="non-virtual"><scope>MapLayer::Chunk</scope><name>mapTileSize</name></member>
      <member refid="d4/d55/class_map_layer_1_1_chunk_1abf755ab4f7b9430aae29a631eb2ee48e" prot="public" virt="non-virtual"><scope>MapLayer::Chunk</scope><name>maybeRegenerate</name></member>
      <member refid="d4/d55/class_map_layer_1_1_chunk_1a9f1e226583aefdea642c4f2f8d26fe2a" prot="public" virt="non-virtual"><scope>MapLayer::Chunk</scope><name>operator=</name></member>
      <member refid="d4/d55/class_map_layer_1_1_chunk_1ab1df4d3621c5d9f83c2edb46d0744078" prot="public" virt="non-virtual"><scope>MapLayer::Chunk</scope><name>Ptr</name></member>
      <member refid="d4/d55/class_map_layer_1_1_chunk_1addf26b112e46bc6995f03a886cf46dc8" prot="public" virt="non-virtual"><scope>MapLayer::Chunk</scope><name>setColor</name></member>
      <member refid="d4/d55/class_map_layer_1_1_chunk_1a557343f1e955e78b6f68623007fb9a7a" prot="public" virt="non-virtual"><scope>MapLayer::Chunk</scope><name>setTile</name></member>
      <member refid="d4/d55/class_map_layer_1_1_chunk_1a2137a288bfd4120eb3e4db5934b802f3" prot="public" virt="non-virtual"><scope>MapLayer::Chunk</scope><name>Tile</name></member>
      <member refid="d4/d55/class_map_layer_1_1_chunk_1a868f8750a2139ead6a79ae6f228303f5" prot="public" virt="non-virtual"><scope>MapLayer::Chunk</scope><name>~Chunk</name></member>
    </listofallmembers>
  </compounddef>
</doxygen>
