<?xml version='1.0' encoding='UTF-8' standalone='no'?>
<doxygen xmlns:xsi="http://www.w3.org/2001/XMLSchema-instance" xsi:noNamespaceSchemaLocation="compound.xsd" version="1.9.2" xml:lang="en-US">
  <compounddef id="de/d24/class_map_layer_1_1_chunk_1_1_chunk_array" kind="class" language="C++" prot="private" final="yes">
    <compoundname>MapLayer::Chunk::ChunkArray</compoundname>
    <basecompoundref prot="public" virt="non-virtual">sf::Drawable</basecompoundref>
      <sectiondef kind="public-type">
      <memberdef kind="typedef" id="de/d24/class_map_layer_1_1_chunk_1_1_chunk_array_1a6d944dee2fc89a76d7a252405e2732b0" prot="public" static="no">
        <type>std::unique_ptr&lt; ChunkArray &gt;</type>
        <definition>using MapLayer::Chunk::ChunkArray::Ptr =  std::unique_ptr&lt;ChunkArray&gt;</definition>
        <argsstring></argsstring>
        <name>Ptr</name>
        <briefdescription>
        </briefdescription>
        <detaileddescription>
        </detaileddescription>
        <inbodydescription>
        </inbodydescription>
        <location file="SFMLOrthogonalLayer.hpp" line="430" column="13" bodyfile="SFMLOrthogonalLayer.hpp" bodystart="430" bodyend="-1"/>
      </memberdef>
      </sectiondef>
      <sectiondef kind="public-attrib">
      <memberdef kind="variable" id="de/d24/class_map_layer_1_1_chunk_1_1_chunk_array_1a2338cdb0f900b21dd175ac86f7d4d984" prot="public" static="no" mutable="no">
        <type>tmx::Vector2u</type>
        <definition>tmx::Vector2u MapLayer::Chunk::ChunkArray::tileSetSize</definition>
        <argsstring></argsstring>
        <name>tileSetSize</name>
        <briefdescription>
        </briefdescription>
        <detaileddescription>
        </detaileddescription>
        <inbodydescription>
        </inbodydescription>
        <location file="SFMLOrthogonalLayer.hpp" line="431" column="27" bodyfile="SFMLOrthogonalLayer.hpp" bodystart="431" bodyend="-1"/>
      </memberdef>
      <memberdef kind="variable" id="de/d24/class_map_layer_1_1_chunk_1_1_chunk_array_1a2248df4d35f691b2b2afe3aeb02f50ed" prot="public" static="no" mutable="no">
        <type>sf::Vector2u</type>
        <definition>sf::Vector2u MapLayer::Chunk::ChunkArray::tsTileCount</definition>
        <argsstring></argsstring>
        <name>tsTileCount</name>
        <briefdescription>
        </briefdescription>
        <detaileddescription>
        </detaileddescription>
        <inbodydescription>
        </inbodydescription>
        <location file="SFMLOrthogonalLayer.hpp" line="432" column="26" bodyfile="SFMLOrthogonalLayer.hpp" bodystart="432" bodyend="-1"/>
      </memberdef>
      <memberdef kind="variable" id="de/d24/class_map_layer_1_1_chunk_1_1_chunk_array_1a5f4d6066ddf867552b992d8215fbffcb" prot="public" static="no" mutable="no">
        <type>std::uint32_t</type>
        <definition>std::uint32_t MapLayer::Chunk::ChunkArray::m_firstGID</definition>
        <argsstring></argsstring>
        <name>m_firstGID</name>
        <briefdescription>
        </briefdescription>
        <detaileddescription>
        </detaileddescription>
        <inbodydescription>
        </inbodydescription>
        <location file="SFMLOrthogonalLayer.hpp" line="433" column="27" bodyfile="SFMLOrthogonalLayer.hpp" bodystart="433" bodyend="-1"/>
      </memberdef>
      <memberdef kind="variable" id="de/d24/class_map_layer_1_1_chunk_1_1_chunk_array_1a02890e0578dbc2550e74ac1734b6c608" prot="public" static="no" mutable="no">
        <type>std::uint32_t</type>
        <definition>std::uint32_t MapLayer::Chunk::ChunkArray::m_lastGID</definition>
        <argsstring></argsstring>
        <name>m_lastGID</name>
        <briefdescription>
        </briefdescription>
        <detaileddescription>
        </detaileddescription>
        <inbodydescription>
        </inbodydescription>
        <location file="SFMLOrthogonalLayer.hpp" line="433" column="38" bodyfile="SFMLOrthogonalLayer.hpp" bodystart="433" bodyend="-1"/>
      </memberdef>
      </sectiondef>
      <sectiondef kind="private-attrib">
      <memberdef kind="variable" id="de/d24/class_map_layer_1_1_chunk_1_1_chunk_array_1a84294fb3f90d1363a3095a978f0b89f8" prot="private" static="no" mutable="no">
        <type>const sf::Texture &amp;</type>
        <definition>const sf::Texture&amp; MapLayer::Chunk::ChunkArray::m_texture</definition>
        <argsstring></argsstring>
        <name>m_texture</name>
        <briefdescription>
        </briefdescription>
        <detaileddescription>
        </detaileddescription>
        <inbodydescription>
        </inbodydescription>
        <location file="SFMLOrthogonalLayer.hpp" line="463" column="31" bodyfile="SFMLOrthogonalLayer.hpp" bodystart="463" bodyend="-1"/>
      </memberdef>
      <memberdef kind="variable" id="de/d24/class_map_layer_1_1_chunk_1_1_chunk_array_1a43fbfdccc94de7aa7e3f822d93789dc6" prot="private" static="no" mutable="no">
        <type>std::vector&lt; sf::Vertex &gt;</type>
        <definition>std::vector&lt;sf::Vertex&gt; MapLayer::Chunk::ChunkArray::m_vertices</definition>
        <argsstring></argsstring>
        <name>m_vertices</name>
        <briefdescription>
        </briefdescription>
        <detaileddescription>
        </detaileddescription>
        <inbodydescription>
        </inbodydescription>
        <location file="SFMLOrthogonalLayer.hpp" line="464" column="25" bodyfile="SFMLOrthogonalLayer.hpp" bodystart="464" bodyend="-1"/>
      </memberdef>
      </sectiondef>
      <sectiondef kind="public-func">
      <memberdef kind="function" id="de/d24/class_map_layer_1_1_chunk_1_1_chunk_array_1a566f7f2c8c1fd2405ed8a359a9cf8717" prot="public" static="no" const="no" explicit="yes" inline="yes" virt="non-virtual">
        <type></type>
        <definition>MapLayer::Chunk::ChunkArray::ChunkArray</definition>
        <argsstring>(const sf::Texture &amp;t, const tmx::Tileset &amp;ts)</argsstring>
        <name>ChunkArray</name>
        <param>
          <type>const sf::Texture &amp;</type>
          <declname>t</declname>
        </param>
        <param>
          <type>const tmx::Tileset &amp;</type>
          <declname>ts</declname>
        </param>
        <briefdescription>
        </briefdescription>
        <detaileddescription>
        </detaileddescription>
        <inbodydescription>
        </inbodydescription>
        <location file="SFMLOrthogonalLayer.hpp" line="434" column="22" bodyfile="SFMLOrthogonalLayer.hpp" bodystart="434" bodyend="443"/>
      </memberdef>
      <memberdef kind="function" id="de/d24/class_map_layer_1_1_chunk_1_1_chunk_array_1a032e0fa8a35d86815109eb0e1296c567" prot="public" static="no" const="no" explicit="no" inline="no" virt="non-virtual">
        <type></type>
        <definition>MapLayer::Chunk::ChunkArray::~ChunkArray</definition>
        <argsstring>()=default</argsstring>
        <name>~ChunkArray</name>
        <briefdescription>
        </briefdescription>
        <detaileddescription>
        </detaileddescription>
        <inbodydescription>
        </inbodydescription>
        <location file="SFMLOrthogonalLayer.hpp" line="445" column="13"/>
      </memberdef>
      <memberdef kind="function" id="de/d24/class_map_layer_1_1_chunk_1_1_chunk_array_1a85a82c50eae1a835b7a355813b560cbf" prot="public" static="no" const="no" explicit="no" inline="no" virt="non-virtual">
        <type></type>
        <definition>MapLayer::Chunk::ChunkArray::ChunkArray</definition>
        <argsstring>(const ChunkArray &amp;)=delete</argsstring>
        <name>ChunkArray</name>
        <param>
          <type>const ChunkArray &amp;</type>
        </param>
        <briefdescription>
        </briefdescription>
        <detaileddescription>
        </detaileddescription>
        <inbodydescription>
        </inbodydescription>
        <location file="SFMLOrthogonalLayer.hpp" line="446" column="13"/>
      </memberdef>
      <memberdef kind="function" id="de/d24/class_map_layer_1_1_chunk_1_1_chunk_array_1a839bea3ab7810340b8bf9fbf58c320ac" prot="public" static="no" const="no" explicit="no" inline="no" virt="non-virtual">
        <type>ChunkArray &amp;</type>
        <definition>ChunkArray &amp; MapLayer::Chunk::ChunkArray::operator=</definition>
        <argsstring>(const ChunkArray &amp;)=delete</argsstring>
        <name>operator=</name>
        <param>
          <type>const ChunkArray &amp;</type>
        </param>
        <briefdescription>
        </briefdescription>
        <detaileddescription>
        </detaileddescription>
        <inbodydescription>
        </inbodydescription>
        <location file="SFMLOrthogonalLayer.hpp" line="447" column="24"/>
      </memberdef>
      <memberdef kind="function" id="de/d24/class_map_layer_1_1_chunk_1_1_chunk_array_1a4f93efce951889766d0336525e697cdd" prot="public" static="no" const="no" explicit="no" inline="yes" virt="non-virtual">
        <type>void</type>
        <definition>void MapLayer::Chunk::ChunkArray::reset</definition>
        <argsstring>()</argsstring>
        <name>reset</name>
        <briefdescription>
        </briefdescription>
        <detaileddescription>
        </detaileddescription>
        <inbodydescription>
        </inbodydescription>
        <location file="SFMLOrthogonalLayer.hpp" line="449" column="18" bodyfile="SFMLOrthogonalLayer.hpp" bodystart="449" bodyend="452"/>
      </memberdef>
      <memberdef kind="function" id="de/d24/class_map_layer_1_1_chunk_1_1_chunk_array_1a5d3cc7cca03c66402b6a73978e1440dc" prot="public" static="no" const="no" explicit="no" inline="yes" virt="non-virtual">
        <type>void</type>
        <definition>void MapLayer::Chunk::ChunkArray::addTile</definition>
        <argsstring>(const Chunk::Tile &amp;tile)</argsstring>
        <name>addTile</name>
        <param>
          <type>const Chunk::Tile &amp;</type>
          <declname>tile</declname>
        </param>
        <briefdescription>
        </briefdescription>
        <detaileddescription>
        </detaileddescription>
        <inbodydescription>
        </inbodydescription>
        <location file="SFMLOrthogonalLayer.hpp" line="453" column="18" bodyfile="SFMLOrthogonalLayer.hpp" bodystart="453" bodyend="459"/>
      </memberdef>
      <memberdef kind="function" id="de/d24/class_map_layer_1_1_chunk_1_1_chunk_array_1a6de1bdb0370138d0b63b8817da6fb2a2" prot="public" static="no" const="yes" explicit="no" inline="yes" virt="non-virtual">
        <type>sf::Vector2u</type>
        <definition>sf::Vector2u MapLayer::Chunk::ChunkArray::getTextureSize</definition>
        <argsstring>() const</argsstring>
        <name>getTextureSize</name>
        <briefdescription>
        </briefdescription>
        <detaileddescription>
        </detaileddescription>
        <inbodydescription>
        </inbodydescription>
        <location file="SFMLOrthogonalLayer.hpp" line="460" column="26" bodyfile="SFMLOrthogonalLayer.hpp" bodystart="460" bodyend="460"/>
      </memberdef>
      </sectiondef>
      <sectiondef kind="private-func">
      <memberdef kind="function" id="de/d24/class_map_layer_1_1_chunk_1_1_chunk_array_1a9eb79b994907878e26c521a4d0c111b4" prot="private" static="no" const="yes" explicit="no" inline="yes" virt="non-virtual">
        <type>void</type>
        <definition>void MapLayer::Chunk::ChunkArray::draw</definition>
        <argsstring>(sf::RenderTarget &amp;rt, sf::RenderStates states) const override</argsstring>
        <name>draw</name>
        <param>
          <type>sf::RenderTarget &amp;</type>
          <declname>rt</declname>
        </param>
        <param>
          <type>sf::RenderStates</type>
          <declname>states</declname>
        </param>
        <briefdescription>
        </briefdescription>
        <detaileddescription>
        </detaileddescription>
        <inbodydescription>
        </inbodydescription>
        <location file="SFMLOrthogonalLayer.hpp" line="465" column="18" bodyfile="SFMLOrthogonalLayer.hpp" bodystart="465" bodyend="474"/>
      </memberdef>
      </sectiondef>
    <briefdescription>
    </briefdescription>
    <detaileddescription>
    </detaileddescription>
    <inheritancegraph>
      <node id="1">
        <label>MapLayer::Chunk::ChunkArray</label>
        <childnode refid="2" relation="public-inheritance">
        </childnode>
      </node>
      <node id="2">
        <label>sf::Drawable</label>
      </node>
    </inheritancegraph>
    <collaborationgraph>
      <node id="1">
        <label>MapLayer::Chunk::ChunkArray</label>
        <childnode refid="2" relation="public-inheritance">
        </childnode>
      </node>
      <node id="2">
        <label>sf::Drawable</label>
      </node>
    </collaborationgraph>
    <location file="SFMLOrthogonalLayer.hpp" line="427" column="9" bodyfile="SFMLOrthogonalLayer.hpp" bodystart="428" bodyend="475"/>
    <listofallmembers>
      <member refid="de/d24/class_map_layer_1_1_chunk_1_1_chunk_array_1a5d3cc7cca03c66402b6a73978e1440dc" prot="public" virt="non-virtual"><scope>MapLayer::Chunk::ChunkArray</scope><name>addTile</name></member>
      <member refid="de/d24/class_map_layer_1_1_chunk_1_1_chunk_array_1a566f7f2c8c1fd2405ed8a359a9cf8717" prot="public" virt="non-virtual"><scope>MapLayer::Chunk::ChunkArray</scope><name>ChunkArray</name></member>
      <member refid="de/d24/class_map_layer_1_1_chunk_1_1_chunk_array_1a85a82c50eae1a835b7a355813b560cbf" prot="public" virt="non-virtual"><scope>MapLayer::Chunk::ChunkArray</scope><name>ChunkArray</name></member>
      <member refid="de/d24/class_map_layer_1_1_chunk_1_1_chunk_array_1a9eb79b994907878e26c521a4d0c111b4" prot="private" virt="non-virtual"><scope>MapLayer::Chunk::ChunkArray</scope><name>draw</name></member>
      <member refid="de/d24/class_map_layer_1_1_chunk_1_1_chunk_array_1a6de1bdb0370138d0b63b8817da6fb2a2" prot="public" virt="non-virtual"><scope>MapLayer::Chunk::ChunkArray</scope><name>getTextureSize</name></member>
      <member refid="de/d24/class_map_layer_1_1_chunk_1_1_chunk_array_1a5f4d6066ddf867552b992d8215fbffcb" prot="public" virt="non-virtual"><scope>MapLayer::Chunk::ChunkArray</scope><name>m_firstGID</name></member>
      <member refid="de/d24/class_map_layer_1_1_chunk_1_1_chunk_array_1a02890e0578dbc2550e74ac1734b6c608" prot="public" virt="non-virtual"><scope>MapLayer::Chunk::ChunkArray</scope><name>m_lastGID</name></member>
      <member refid="de/d24/class_map_layer_1_1_chunk_1_1_chunk_array_1a84294fb3f90d1363a3095a978f0b89f8" prot="private" virt="non-virtual"><scope>MapLayer::Chunk::ChunkArray</scope><name>m_texture</name></member>
      <member refid="de/d24/class_map_layer_1_1_chunk_1_1_chunk_array_1a43fbfdccc94de7aa7e3f822d93789dc6" prot="private" virt="non-virtual"><scope>MapLayer::Chunk::ChunkArray</scope><name>m_vertices</name></member>
      <member refid="de/d24/class_map_layer_1_1_chunk_1_1_chunk_array_1a839bea3ab7810340b8bf9fbf58c320ac" prot="public" virt="non-virtual"><scope>MapLayer::Chunk::ChunkArray</scope><name>operator=</name></member>
      <member refid="de/d24/class_map_layer_1_1_chunk_1_1_chunk_array_1a6d944dee2fc89a76d7a252405e2732b0" prot="public" virt="non-virtual"><scope>MapLayer::Chunk::ChunkArray</scope><name>Ptr</name></member>
      <member refid="de/d24/class_map_layer_1_1_chunk_1_1_chunk_array_1a4f93efce951889766d0336525e697cdd" prot="public" virt="non-virtual"><scope>MapLayer::Chunk::ChunkArray</scope><name>reset</name></member>
      <member refid="de/d24/class_map_layer_1_1_chunk_1_1_chunk_array_1a2338cdb0f900b21dd175ac86f7d4d984" prot="public" virt="non-virtual"><scope>MapLayer::Chunk::ChunkArray</scope><name>tileSetSize</name></member>
      <member refid="de/d24/class_map_layer_1_1_chunk_1_1_chunk_array_1a2248df4d35f691b2b2afe3aeb02f50ed" prot="public" virt="non-virtual"><scope>MapLayer::Chunk::ChunkArray</scope><name>tsTileCount</name></member>
      <member refid="de/d24/class_map_layer_1_1_chunk_1_1_chunk_array_1a032e0fa8a35d86815109eb0e1296c567" prot="public" virt="non-virtual"><scope>MapLayer::Chunk::ChunkArray</scope><name>~ChunkArray</name></member>
    </listofallmembers>
  </compounddef>
</doxygen>
