<?xml version='1.0' encoding='UTF-8' standalone='no'?>
<doxygen xmlns:xsi="http://www.w3.org/2001/XMLSchema-instance" xsi:noNamespaceSchemaLocation="compound.xsd" version="1.9.2" xml:lang="en-US">
  <compounddef id="d1/d17/class_sekander_1_1_gun" kind="class" language="C++" prot="public">
    <compoundname>Sekander::Gun</compoundname>
    <basecompoundref refid="d4/d74/class_sekander_1_1_game_world" prot="private" virt="non-virtual">Sekander::GameWorld</basecompoundref>
    <includes refid="d0/d06/_gun_8hpp" local="no">Gun.hpp</includes>
      <sectiondef kind="private-attrib">
      <memberdef kind="variable" id="d1/d17/class_sekander_1_1_gun_1a95137d634392845be958b7ce8bdfa1df" prot="private" static="no" mutable="no">
        <type><ref refid="d8/d6a/namespace_sekander_1a1d69b002ba2d23020901c28f0def5e16" kindref="member">GameDataRef</ref></type>
        <definition>GameDataRef Sekander::Gun::_data</definition>
        <argsstring></argsstring>
        <name>_data</name>
        <briefdescription>
        </briefdescription>
        <detaileddescription>
        </detaileddescription>
        <inbodydescription>
        </inbodydescription>
        <location file="Gun.hpp" line="89" column="13" bodyfile="Gun.hpp" bodystart="89" bodyend="-1"/>
      </memberdef>
      <memberdef kind="variable" id="d1/d17/class_sekander_1_1_gun_1a810e56bc82557e745baba8ae9179fe5e" prot="private" static="no" mutable="no">
        <type>std::string</type>
        <definition>std::string Sekander::Gun::m_key</definition>
        <argsstring></argsstring>
        <name>m_key</name>
        <briefdescription>
        </briefdescription>
        <detaileddescription>
        </detaileddescription>
        <inbodydescription>
        </inbodydescription>
        <location file="Gun.hpp" line="90" column="13" bodyfile="Gun.hpp" bodystart="90" bodyend="-1"/>
      </memberdef>
      <memberdef kind="variable" id="d1/d17/class_sekander_1_1_gun_1a99a1490de874927b69abc0949954a7f5" prot="private" static="no" mutable="no">
        <type>float</type>
        <definition>float Sekander::Gun::m_sprite_X_POS</definition>
        <argsstring></argsstring>
        <name>m_sprite_X_POS</name>
        <briefdescription>
        </briefdescription>
        <detaileddescription>
        </detaileddescription>
        <inbodydescription>
        </inbodydescription>
        <location file="Gun.hpp" line="91" column="7" bodyfile="Gun.hpp" bodystart="91" bodyend="-1"/>
      </memberdef>
      <memberdef kind="variable" id="d1/d17/class_sekander_1_1_gun_1a792041894089eece8cdaf689260c90f1" prot="private" static="no" mutable="no">
        <type>float</type>
        <definition>float Sekander::Gun::m_sprite_Y_POS</definition>
        <argsstring></argsstring>
        <name>m_sprite_Y_POS</name>
        <briefdescription>
        </briefdescription>
        <detaileddescription>
        </detaileddescription>
        <inbodydescription>
        </inbodydescription>
        <location file="Gun.hpp" line="92" column="7" bodyfile="Gun.hpp" bodystart="92" bodyend="-1"/>
      </memberdef>
      <memberdef kind="variable" id="d1/d17/class_sekander_1_1_gun_1a6e3c2771562a84475c4d596b20388ffa" prot="private" static="no" mutable="no">
        <type>bool</type>
        <definition>bool Sekander::Gun::m_trigger_press</definition>
        <argsstring></argsstring>
        <name>m_trigger_press</name>
        <briefdescription>
        </briefdescription>
        <detaileddescription>
        </detaileddescription>
        <inbodydescription>
        </inbodydescription>
        <location file="Gun.hpp" line="93" column="7" bodyfile="Gun.hpp" bodystart="93" bodyend="-1"/>
      </memberdef>
      <memberdef kind="variable" id="d1/d17/class_sekander_1_1_gun_1a4f70959df2c1742c569d041a40bbc182" prot="private" static="no" mutable="no">
        <type>bool</type>
        <definition>bool Sekander::Gun::m_gun_direction_rightwards</definition>
        <argsstring></argsstring>
        <name>m_gun_direction_rightwards</name>
        <briefdescription>
        </briefdescription>
        <detaileddescription>
        </detaileddescription>
        <inbodydescription>
        </inbodydescription>
        <location file="Gun.hpp" line="94" column="7" bodyfile="Gun.hpp" bodystart="94" bodyend="-1"/>
      </memberdef>
      <memberdef kind="variable" id="d1/d17/class_sekander_1_1_gun_1ab8f736dba3a7a589a3f11866e190f46e" prot="private" static="no" mutable="no">
        <type>bool</type>
        <definition>bool Sekander::Gun::m_gun_direction_backwards</definition>
        <argsstring></argsstring>
        <name>m_gun_direction_backwards</name>
        <briefdescription>
        </briefdescription>
        <detaileddescription>
        </detaileddescription>
        <inbodydescription>
        </inbodydescription>
        <location file="Gun.hpp" line="95" column="7" bodyfile="Gun.hpp" bodystart="95" bodyend="-1"/>
      </memberdef>
      <memberdef kind="variable" id="d1/d17/class_sekander_1_1_gun_1ac91796b5d957ca80618c363e191d5e04" prot="private" static="no" mutable="no">
        <type>bool</type>
        <definition>bool Sekander::Gun::m_gun_direction_upwards</definition>
        <argsstring></argsstring>
        <name>m_gun_direction_upwards</name>
        <briefdescription>
        </briefdescription>
        <detaileddescription>
        </detaileddescription>
        <inbodydescription>
        </inbodydescription>
        <location file="Gun.hpp" line="96" column="7" bodyfile="Gun.hpp" bodystart="96" bodyend="-1"/>
      </memberdef>
      <memberdef kind="variable" id="d1/d17/class_sekander_1_1_gun_1ae45d67071fd9e59cf8d94723fb6cccc2" prot="private" static="no" mutable="no">
        <type>bool</type>
        <definition>bool Sekander::Gun::m_gun_direction_downwards</definition>
        <argsstring></argsstring>
        <name>m_gun_direction_downwards</name>
        <briefdescription>
        </briefdescription>
        <detaileddescription>
        </detaileddescription>
        <inbodydescription>
        </inbodydescription>
        <location file="Gun.hpp" line="97" column="7" bodyfile="Gun.hpp" bodystart="97" bodyend="-1"/>
      </memberdef>
      <memberdef kind="variable" id="d1/d17/class_sekander_1_1_gun_1a58b9c611d278ddc0b3b1b0588a405bb1" prot="private" static="no" mutable="no">
        <type>int</type>
        <definition>int Sekander::Gun::delay</definition>
        <argsstring></argsstring>
        <name>delay</name>
        <initializer>= 0</initializer>
        <briefdescription>
        </briefdescription>
        <detaileddescription>
        </detaileddescription>
        <inbodydescription>
        </inbodydescription>
        <location file="Gun.hpp" line="99" column="5" bodyfile="Gun.hpp" bodystart="99" bodyend="-1"/>
      </memberdef>
      <memberdef kind="variable" id="d1/d17/class_sekander_1_1_gun_1a97504b1f4030588c0bca071134d3d891" prot="private" static="no" mutable="no">
        <type>int</type>
        <definition>int Sekander::Gun::bullet_counter</definition>
        <argsstring></argsstring>
        <name>bullet_counter</name>
        <initializer>= 0</initializer>
        <briefdescription>
        </briefdescription>
        <detaileddescription>
        </detaileddescription>
        <inbodydescription>
        </inbodydescription>
        <location file="Gun.hpp" line="100" column="17" bodyfile="Gun.hpp" bodystart="100" bodyend="-1"/>
      </memberdef>
      <memberdef kind="variable" id="d1/d17/class_sekander_1_1_gun_1aed128870319529784cca7bc1d11090d2" prot="private" static="no" mutable="no">
        <type>bool</type>
        <definition>bool Sekander::Gun::dead_gun</definition>
        <argsstring></argsstring>
        <name>dead_gun</name>
        <briefdescription>
        </briefdescription>
        <detaileddescription>
        </detaileddescription>
        <inbodydescription>
        </inbodydescription>
        <location file="Gun.hpp" line="103" column="5" bodyfile="Gun.hpp" bodystart="103" bodyend="-1"/>
      </memberdef>
      </sectiondef>
      <sectiondef kind="public-func">
      <memberdef kind="function" id="d1/d17/class_sekander_1_1_gun_1a576c17046ba8d7bfca10333695668302" prot="public" static="no" const="no" explicit="yes" inline="yes" virt="non-virtual">
        <type></type>
        <definition>Sekander::Gun::Gun</definition>
        <argsstring>()</argsstring>
        <name>Gun</name>
        <briefdescription>
        </briefdescription>
        <detaileddescription>
        </detaileddescription>
        <inbodydescription>
        </inbodydescription>
        <location file="Gun.hpp" line="19" column="10" bodyfile="Gun.hpp" bodystart="19" bodyend="19"/>
      </memberdef>
      <memberdef kind="function" id="d1/d17/class_sekander_1_1_gun_1a0027f58d8ff9eb4b97bd48c5af3aa3f0" prot="public" static="no" const="no" explicit="yes" inline="yes" virt="non-virtual">
        <type></type>
        <definition>Sekander::Gun::Gun</definition>
        <argsstring>(GameDataRef data, std::string key, std::string file_name, int source_x, int source_y, int sprite_WIDTH, int sprite_HEIGHT, bool dynamic, int sprite_X_FRAMES, int sprite_Y_FRAMES, float sprite_X_POS, float sprite_Y_POS, float sprite_ANGLE)</argsstring>
        <name>Gun</name>
        <param>
          <type><ref refid="d8/d6a/namespace_sekander_1a1d69b002ba2d23020901c28f0def5e16" kindref="member">GameDataRef</ref></type>
          <declname>data</declname>
        </param>
        <param>
          <type>std::string</type>
          <declname>key</declname>
        </param>
        <param>
          <type>std::string</type>
          <declname>file_name</declname>
        </param>
        <param>
          <type>int</type>
          <declname>source_x</declname>
        </param>
        <param>
          <type>int</type>
          <declname>source_y</declname>
        </param>
        <param>
          <type>int</type>
          <declname>sprite_WIDTH</declname>
        </param>
        <param>
          <type>int</type>
          <declname>sprite_HEIGHT</declname>
        </param>
        <param>
          <type>bool</type>
          <declname>dynamic</declname>
        </param>
        <param>
          <type>int</type>
          <declname>sprite_X_FRAMES</declname>
        </param>
        <param>
          <type>int</type>
          <declname>sprite_Y_FRAMES</declname>
        </param>
        <param>
          <type>float</type>
          <declname>sprite_X_POS</declname>
        </param>
        <param>
          <type>float</type>
          <declname>sprite_Y_POS</declname>
        </param>
        <param>
          <type>float</type>
          <declname>sprite_ANGLE</declname>
        </param>
        <briefdescription>
        </briefdescription>
        <detaileddescription>
        </detaileddescription>
        <inbodydescription>
        </inbodydescription>
        <location file="Gun.hpp" line="21" column="10" bodyfile="Gun.hpp" bodystart="21" bodyend="59"/>
      </memberdef>
      <memberdef kind="function" id="d1/d17/class_sekander_1_1_gun_1aced0361bd919bc1221e55d06e8293a88" prot="public" static="no" const="no" explicit="no" inline="yes" virt="non-virtual">
        <type>void</type>
        <definition>void Sekander::Gun::SetOrigin</definition>
        <argsstring>(float x, float y)</argsstring>
        <name>SetOrigin</name>
        <param>
          <type>float</type>
          <declname>x</declname>
        </param>
        <param>
          <type>float</type>
          <declname>y</declname>
        </param>
        <briefdescription>
        </briefdescription>
        <detaileddescription>
        </detaileddescription>
        <inbodydescription>
        </inbodydescription>
        <location file="Gun.hpp" line="60" column="6" bodyfile="Gun.hpp" bodystart="60" bodyend="63"/>
        <referencedby refid="d4/d7c/class_sekander_1_1_enemy_1ada6336570f2bbc3294cab31247ff21a9" compoundref="de/d34/_enemy_8cpp" startline="7" endline="24">Sekander::Enemy::Hold_Gun</referencedby>
        <referencedby refid="d1/da1/class_sekander_1_1_main___player_1a870cb1809cf55fa050558d40c2d6f487" compoundref="d0/db2/_main___player_8cpp" startline="87" endline="143">Sekander::Main_Player::NU_Shooting</referencedby>
        <referencedby refid="d1/da1/class_sekander_1_1_main___player_1a6fa31e322512055913aa49032761f2c6" compoundref="d0/db2/_main___player_8cpp" startline="147" endline="314">Sekander::Main_Player::Shooting</referencedby>
      </memberdef>
      <memberdef kind="function" id="d1/d17/class_sekander_1_1_gun_1a748d795cb18ae0fe6ecc6cb4f5841273" prot="public" static="no" const="no" explicit="no" inline="no" virt="non-virtual">
        <type>void</type>
        <definition>void Sekander::Gun::Shoot_Gun</definition>
        <argsstring>(Bullet *bw, bool right, bool left, bool up, bool down)</argsstring>
        <name>Shoot_Gun</name>
        <param>
          <type><ref refid="da/d68/class_sekander_1_1_bullet" kindref="compound">Bullet</ref> *</type>
          <declname>bw</declname>
        </param>
        <param>
          <type>bool</type>
          <declname>right</declname>
        </param>
        <param>
          <type>bool</type>
          <declname>left</declname>
        </param>
        <param>
          <type>bool</type>
          <declname>up</declname>
        </param>
        <param>
          <type>bool</type>
          <declname>down</declname>
        </param>
        <briefdescription>
        </briefdescription>
        <detaileddescription>
        </detaileddescription>
        <inbodydescription>
        </inbodydescription>
        <location file="Gun.hpp" line="66" column="6" bodyfile="Gun.cpp" bodystart="41" bodyend="180"/>
        <references refid="d1/d17/class_sekander_1_1_gun_1aabbbbdf814ee725561dd603f0d406c22" compoundref="d0/d06/_gun_8hpp" startline="78" endline="78">Set_Trigger</references>
        <references refid="da/d68/class_sekander_1_1_bullet_1a7b55b501f075c0e647e36d9027c5a6e0" compoundref="d6/d65/_bullet_8hpp" startline="65" endline="74">Sekander::Bullet::SetOrigin</references>
        <references refid="da/d68/class_sekander_1_1_bullet_1ad44291d034b112d561ec65d9b57b3fe6" compoundref="d6/d65/_bullet_8hpp" startline="76" endline="83">Sekander::Bullet::SetSpeed</references>
        <referencedby refid="d4/d7c/class_sekander_1_1_enemy_1a7023262f1c1f54bdc22dabd32a0c10d9" compoundref="de/d34/_enemy_8cpp" startline="188" endline="275">Sekander::Enemy::Shooting</referencedby>
        <referencedby refid="d1/da1/class_sekander_1_1_main___player_1a6fa31e322512055913aa49032761f2c6" compoundref="d0/db2/_main___player_8cpp" startline="147" endline="314">Sekander::Main_Player::Shooting</referencedby>
      </memberdef>
      <memberdef kind="function" id="d1/d17/class_sekander_1_1_gun_1a82e57bc14df7f3a92721c79a761435f6" prot="public" static="no" const="no" explicit="no" inline="no" virt="non-virtual">
        <type>void</type>
        <definition>void Sekander::Gun::Shoot_Gun</definition>
        <argsstring>(Bullet *bw, bool right, bool left, bool up, bool down, float x, float y)</argsstring>
        <name>Shoot_Gun</name>
        <param>
          <type><ref refid="da/d68/class_sekander_1_1_bullet" kindref="compound">Bullet</ref> *</type>
          <declname>bw</declname>
        </param>
        <param>
          <type>bool</type>
          <declname>right</declname>
        </param>
        <param>
          <type>bool</type>
          <declname>left</declname>
        </param>
        <param>
          <type>bool</type>
          <declname>up</declname>
        </param>
        <param>
          <type>bool</type>
          <declname>down</declname>
        </param>
        <param>
          <type>float</type>
          <declname>x</declname>
        </param>
        <param>
          <type>float</type>
          <declname>y</declname>
        </param>
        <briefdescription>
        </briefdescription>
        <detaileddescription>
        </detaileddescription>
        <inbodydescription>
        </inbodydescription>
        <location file="Gun.hpp" line="67" column="6" bodyfile="Gun.cpp" bodystart="182" bodyend="321"/>
        <references refid="d1/d17/class_sekander_1_1_gun_1aabbbbdf814ee725561dd603f0d406c22" compoundref="d0/d06/_gun_8hpp" startline="78" endline="78">Set_Trigger</references>
        <references refid="da/d68/class_sekander_1_1_bullet_1a7b55b501f075c0e647e36d9027c5a6e0" compoundref="d6/d65/_bullet_8hpp" startline="65" endline="74">Sekander::Bullet::SetOrigin</references>
        <references refid="da/d68/class_sekander_1_1_bullet_1ad44291d034b112d561ec65d9b57b3fe6" compoundref="d6/d65/_bullet_8hpp" startline="76" endline="83">Sekander::Bullet::SetSpeed</references>
      </memberdef>
      <memberdef kind="function" id="d1/d17/class_sekander_1_1_gun_1aad6f4af76435694e0115bb1d702707bd" prot="public" static="no" const="no" explicit="no" inline="no" virt="non-virtual">
        <type>void</type>
        <definition>void Sekander::Gun::Shoot_Gun</definition>
        <argsstring>(Bullet *bw, bool left)</argsstring>
        <name>Shoot_Gun</name>
        <param>
          <type><ref refid="da/d68/class_sekander_1_1_bullet" kindref="compound">Bullet</ref> *</type>
          <declname>bw</declname>
        </param>
        <param>
          <type>bool</type>
          <declname>left</declname>
        </param>
        <briefdescription>
        </briefdescription>
        <detaileddescription>
        </detaileddescription>
        <inbodydescription>
        </inbodydescription>
        <location file="Gun.hpp" line="68" column="6" bodyfile="Gun.cpp" bodystart="11" bodyend="36"/>
        <references refid="d1/d17/class_sekander_1_1_gun_1aabbbbdf814ee725561dd603f0d406c22" compoundref="d0/d06/_gun_8hpp" startline="78" endline="78">Set_Trigger</references>
        <references refid="da/d68/class_sekander_1_1_bullet_1a7b55b501f075c0e647e36d9027c5a6e0" compoundref="d6/d65/_bullet_8hpp" startline="65" endline="74">Sekander::Bullet::SetOrigin</references>
        <references refid="da/d68/class_sekander_1_1_bullet_1ad44291d034b112d561ec65d9b57b3fe6" compoundref="d6/d65/_bullet_8hpp" startline="76" endline="83">Sekander::Bullet::SetSpeed</references>
      </memberdef>
      <memberdef kind="function" id="d1/d17/class_sekander_1_1_gun_1a3410d2e3352ec9cb6deb21deda8ff160" prot="public" static="no" const="no" explicit="no" inline="no" virt="non-virtual">
        <type>void</type>
        <definition>void Sekander::Gun::Shoot_Entities</definition>
        <argsstring>(Entity *, bool left, bool right)</argsstring>
        <name>Shoot_Entities</name>
        <param>
          <type><ref refid="d1/da9/class_sekander_1_1_entity" kindref="compound">Entity</ref> *</type>
          <defname>ew</defname>
        </param>
        <param>
          <type>bool</type>
          <declname>left</declname>
        </param>
        <param>
          <type>bool</type>
          <declname>right</declname>
        </param>
        <briefdescription>
        </briefdescription>
        <detaileddescription>
        </detaileddescription>
        <inbodydescription>
        </inbodydescription>
        <location file="Gun.hpp" line="70" column="6" bodyfile="Gun.cpp" bodystart="328" bodyend="390"/>
        <references refid="d1/da9/class_sekander_1_1_entity_1a61bec1a7b77dd9b5e08c0908566450d4" compoundref="d8/d83/entity_8h" startline="87">Sekander::Entity::body</references>
        <references refid="d1/d17/class_sekander_1_1_gun_1aabbbbdf814ee725561dd603f0d406c22" compoundref="d0/d06/_gun_8hpp" startline="78" endline="78">Set_Trigger</references>
        <referencedby refid="d1/da1/class_sekander_1_1_main___player_1a870cb1809cf55fa050558d40c2d6f487" compoundref="d0/db2/_main___player_8cpp" startline="87" endline="143">Sekander::Main_Player::NU_Shooting</referencedby>
      </memberdef>
      <memberdef kind="function" id="d1/d17/class_sekander_1_1_gun_1afe5f1919f2c56d662b7229dc1fe80d03" prot="public" static="no" const="no" explicit="no" inline="yes" virt="non-virtual">
        <type>float</type>
        <definition>float Sekander::Gun::Get_X_POS</definition>
        <argsstring>()</argsstring>
        <name>Get_X_POS</name>
        <briefdescription>
        </briefdescription>
        <detaileddescription>
        </detaileddescription>
        <inbodydescription>
        </inbodydescription>
        <location file="Gun.hpp" line="73" column="7" bodyfile="Gun.hpp" bodystart="73" bodyend="73"/>
      </memberdef>
      <memberdef kind="function" id="d1/d17/class_sekander_1_1_gun_1a30d3329bf0e9ad440e999395d8a928ef" prot="public" static="no" const="no" explicit="no" inline="yes" virt="non-virtual">
        <type>float</type>
        <definition>float Sekander::Gun::Get_Y_POS</definition>
        <argsstring>()</argsstring>
        <name>Get_Y_POS</name>
        <briefdescription>
        </briefdescription>
        <detaileddescription>
        </detaileddescription>
        <inbodydescription>
        </inbodydescription>
        <location file="Gun.hpp" line="74" column="7" bodyfile="Gun.hpp" bodystart="74" bodyend="74"/>
      </memberdef>
      <memberdef kind="function" id="d1/d17/class_sekander_1_1_gun_1aa6f3101db896d88eb05d0c334b59507d" prot="public" static="no" const="no" explicit="no" inline="yes" virt="non-virtual">
        <type>void</type>
        <definition>void Sekander::Gun::Set_X_POS</definition>
        <argsstring>(float x)</argsstring>
        <name>Set_X_POS</name>
        <param>
          <type>float</type>
          <declname>x</declname>
        </param>
        <briefdescription>
        </briefdescription>
        <detaileddescription>
        </detaileddescription>
        <inbodydescription>
        </inbodydescription>
        <location file="Gun.hpp" line="76" column="6" bodyfile="Gun.hpp" bodystart="76" bodyend="76"/>
      </memberdef>
      <memberdef kind="function" id="d1/d17/class_sekander_1_1_gun_1a5bb1f6897ec05506c0076e4b39e6ebed" prot="public" static="no" const="no" explicit="no" inline="yes" virt="non-virtual">
        <type>void</type>
        <definition>void Sekander::Gun::Set_Y_POS</definition>
        <argsstring>(float y)</argsstring>
        <name>Set_Y_POS</name>
        <param>
          <type>float</type>
          <declname>y</declname>
        </param>
        <briefdescription>
        </briefdescription>
        <detaileddescription>
        </detaileddescription>
        <inbodydescription>
        </inbodydescription>
        <location file="Gun.hpp" line="77" column="6" bodyfile="Gun.hpp" bodystart="77" bodyend="77"/>
      </memberdef>
      <memberdef kind="function" id="d1/d17/class_sekander_1_1_gun_1aabbbbdf814ee725561dd603f0d406c22" prot="public" static="no" const="no" explicit="no" inline="yes" virt="non-virtual">
        <type>void</type>
        <definition>void Sekander::Gun::Set_Trigger</definition>
        <argsstring>(bool press)</argsstring>
        <name>Set_Trigger</name>
        <param>
          <type>bool</type>
          <declname>press</declname>
        </param>
        <briefdescription>
        </briefdescription>
        <detaileddescription>
        </detaileddescription>
        <inbodydescription>
        </inbodydescription>
        <location file="Gun.hpp" line="78" column="6" bodyfile="Gun.hpp" bodystart="78" bodyend="78"/>
        <referencedby refid="d1/d17/class_sekander_1_1_gun_1a3410d2e3352ec9cb6deb21deda8ff160" compoundref="d7/d7e/_gun_8cpp" startline="328" endline="390">Shoot_Entities</referencedby>
        <referencedby refid="d1/d17/class_sekander_1_1_gun_1aad6f4af76435694e0115bb1d702707bd" compoundref="d7/d7e/_gun_8cpp" startline="11" endline="36">Shoot_Gun</referencedby>
      </memberdef>
      <memberdef kind="function" id="d1/d17/class_sekander_1_1_gun_1ac508687c44a274755e4925abec758770" prot="public" static="no" const="no" explicit="no" inline="yes" virt="non-virtual">
        <type>void</type>
        <definition>void Sekander::Gun::Set_Gun_Direction</definition>
        <argsstring>(bool yes)</argsstring>
        <name>Set_Gun_Direction</name>
        <param>
          <type>bool</type>
          <declname>yes</declname>
        </param>
        <briefdescription>
        </briefdescription>
        <detaileddescription>
        </detaileddescription>
        <inbodydescription>
        </inbodydescription>
        <location file="Gun.hpp" line="79" column="6" bodyfile="Gun.hpp" bodystart="79" bodyend="79"/>
      </memberdef>
      <memberdef kind="function" id="d1/d17/class_sekander_1_1_gun_1a83f0098d0ed7748787af13f108ed5d90" prot="public" static="no" const="no" explicit="no" inline="yes" virt="non-virtual">
        <type>void</type>
        <definition>void Sekander::Gun::Set_Gun_UP_Direction</definition>
        <argsstring>(bool yes)</argsstring>
        <name>Set_Gun_UP_Direction</name>
        <param>
          <type>bool</type>
          <declname>yes</declname>
        </param>
        <briefdescription>
        </briefdescription>
        <detaileddescription>
        </detaileddescription>
        <inbodydescription>
        </inbodydescription>
        <location file="Gun.hpp" line="80" column="6" bodyfile="Gun.hpp" bodystart="80" bodyend="80"/>
      </memberdef>
      <memberdef kind="function" id="d1/d17/class_sekander_1_1_gun_1a20b0be2d3c18d28141b7480c933cd370" prot="public" static="no" const="no" explicit="no" inline="yes" virt="non-virtual">
        <type>void</type>
        <definition>void Sekander::Gun::Set_Gun_DOWN_Direction</definition>
        <argsstring>(bool yes)</argsstring>
        <name>Set_Gun_DOWN_Direction</name>
        <param>
          <type>bool</type>
          <declname>yes</declname>
        </param>
        <briefdescription>
        </briefdescription>
        <detaileddescription>
        </detaileddescription>
        <inbodydescription>
        </inbodydescription>
        <location file="Gun.hpp" line="81" column="6" bodyfile="Gun.hpp" bodystart="81" bodyend="81"/>
      </memberdef>
      <memberdef kind="function" id="d1/d17/class_sekander_1_1_gun_1a7d2a8fefec4e64f6c56359738d7ec7c5" prot="public" static="no" const="no" explicit="no" inline="yes" virt="non-virtual">
        <type>std::string</type>
        <definition>std::string Sekander::Gun::Get_key</definition>
        <argsstring>()</argsstring>
        <name>Get_key</name>
        <briefdescription>
        </briefdescription>
        <detaileddescription>
        </detaileddescription>
        <inbodydescription>
        </inbodydescription>
        <location file="Gun.hpp" line="84" column="13" bodyfile="Gun.hpp" bodystart="84" bodyend="86"/>
        <referencedby refid="d1/da1/class_sekander_1_1_main___player_1a6fa31e322512055913aa49032761f2c6" compoundref="d0/db2/_main___player_8cpp" startline="147" endline="314">Sekander::Main_Player::Shooting</referencedby>
      </memberdef>
      </sectiondef>
    <briefdescription>
    </briefdescription>
    <detaileddescription>
    </detaileddescription>
    <inheritancegraph>
      <node id="2">
        <label>Sekander::GameWorld</label>
        <link refid="d4/d74/class_sekander_1_1_game_world"/>
      </node>
      <node id="1">
        <label>Sekander::Gun</label>
        <link refid="d1/d17/class_sekander_1_1_gun"/>
        <childnode refid="2" relation="private-inheritance">
        </childnode>
      </node>
    </inheritancegraph>
    <collaborationgraph>
      <node id="2">
        <label>Sekander::GameWorld</label>
        <link refid="d4/d74/class_sekander_1_1_game_world"/>
      </node>
      <node id="1">
        <label>Sekander::Gun</label>
        <link refid="d1/d17/class_sekander_1_1_gun"/>
        <childnode refid="2" relation="private-inheritance">
        </childnode>
      </node>
    </collaborationgraph>
    <location file="Gun.hpp" line="14" column="1" bodyfile="Gun.hpp" bodystart="15" bodyend="108"/>
    <listofallmembers>
      <member refid="d1/d17/class_sekander_1_1_gun_1a95137d634392845be958b7ce8bdfa1df" prot="private" virt="non-virtual"><scope>Sekander::Gun</scope><name>_data</name></member>
      <member refid="d1/d17/class_sekander_1_1_gun_1a97504b1f4030588c0bca071134d3d891" prot="private" virt="non-virtual"><scope>Sekander::Gun</scope><name>bullet_counter</name></member>
      <member refid="d1/d17/class_sekander_1_1_gun_1aed128870319529784cca7bc1d11090d2" prot="private" virt="non-virtual"><scope>Sekander::Gun</scope><name>dead_gun</name></member>
      <member refid="d1/d17/class_sekander_1_1_gun_1a58b9c611d278ddc0b3b1b0588a405bb1" prot="private" virt="non-virtual"><scope>Sekander::Gun</scope><name>delay</name></member>
      <member refid="d1/d17/class_sekander_1_1_gun_1a7d2a8fefec4e64f6c56359738d7ec7c5" prot="public" virt="non-virtual"><scope>Sekander::Gun</scope><name>Get_key</name></member>
      <member refid="d1/d17/class_sekander_1_1_gun_1afe5f1919f2c56d662b7229dc1fe80d03" prot="public" virt="non-virtual"><scope>Sekander::Gun</scope><name>Get_X_POS</name></member>
      <member refid="d1/d17/class_sekander_1_1_gun_1a30d3329bf0e9ad440e999395d8a928ef" prot="public" virt="non-virtual"><scope>Sekander::Gun</scope><name>Get_Y_POS</name></member>
      <member refid="d1/d17/class_sekander_1_1_gun_1a576c17046ba8d7bfca10333695668302" prot="public" virt="non-virtual"><scope>Sekander::Gun</scope><name>Gun</name></member>
      <member refid="d1/d17/class_sekander_1_1_gun_1a0027f58d8ff9eb4b97bd48c5af3aa3f0" prot="public" virt="non-virtual"><scope>Sekander::Gun</scope><name>Gun</name></member>
      <member refid="d1/d17/class_sekander_1_1_gun_1ab8f736dba3a7a589a3f11866e190f46e" prot="private" virt="non-virtual"><scope>Sekander::Gun</scope><name>m_gun_direction_backwards</name></member>
      <member refid="d1/d17/class_sekander_1_1_gun_1ae45d67071fd9e59cf8d94723fb6cccc2" prot="private" virt="non-virtual"><scope>Sekander::Gun</scope><name>m_gun_direction_downwards</name></member>
      <member refid="d1/d17/class_sekander_1_1_gun_1a4f70959df2c1742c569d041a40bbc182" prot="private" virt="non-virtual"><scope>Sekander::Gun</scope><name>m_gun_direction_rightwards</name></member>
      <member refid="d1/d17/class_sekander_1_1_gun_1ac91796b5d957ca80618c363e191d5e04" prot="private" virt="non-virtual"><scope>Sekander::Gun</scope><name>m_gun_direction_upwards</name></member>
      <member refid="d1/d17/class_sekander_1_1_gun_1a810e56bc82557e745baba8ae9179fe5e" prot="private" virt="non-virtual"><scope>Sekander::Gun</scope><name>m_key</name></member>
      <member refid="d1/d17/class_sekander_1_1_gun_1a99a1490de874927b69abc0949954a7f5" prot="private" virt="non-virtual"><scope>Sekander::Gun</scope><name>m_sprite_X_POS</name></member>
      <member refid="d1/d17/class_sekander_1_1_gun_1a792041894089eece8cdaf689260c90f1" prot="private" virt="non-virtual"><scope>Sekander::Gun</scope><name>m_sprite_Y_POS</name></member>
      <member refid="d1/d17/class_sekander_1_1_gun_1a6e3c2771562a84475c4d596b20388ffa" prot="private" virt="non-virtual"><scope>Sekander::Gun</scope><name>m_trigger_press</name></member>
      <member refid="d1/d17/class_sekander_1_1_gun_1ac508687c44a274755e4925abec758770" prot="public" virt="non-virtual"><scope>Sekander::Gun</scope><name>Set_Gun_Direction</name></member>
      <member refid="d1/d17/class_sekander_1_1_gun_1a20b0be2d3c18d28141b7480c933cd370" prot="public" virt="non-virtual"><scope>Sekander::Gun</scope><name>Set_Gun_DOWN_Direction</name></member>
      <member refid="d1/d17/class_sekander_1_1_gun_1a83f0098d0ed7748787af13f108ed5d90" prot="public" virt="non-virtual"><scope>Sekander::Gun</scope><name>Set_Gun_UP_Direction</name></member>
      <member refid="d1/d17/class_sekander_1_1_gun_1aabbbbdf814ee725561dd603f0d406c22" prot="public" virt="non-virtual"><scope>Sekander::Gun</scope><name>Set_Trigger</name></member>
      <member refid="d1/d17/class_sekander_1_1_gun_1aa6f3101db896d88eb05d0c334b59507d" prot="public" virt="non-virtual"><scope>Sekander::Gun</scope><name>Set_X_POS</name></member>
      <member refid="d1/d17/class_sekander_1_1_gun_1a5bb1f6897ec05506c0076e4b39e6ebed" prot="public" virt="non-virtual"><scope>Sekander::Gun</scope><name>Set_Y_POS</name></member>
      <member refid="d1/d17/class_sekander_1_1_gun_1aced0361bd919bc1221e55d06e8293a88" prot="public" virt="non-virtual"><scope>Sekander::Gun</scope><name>SetOrigin</name></member>
      <member refid="d1/d17/class_sekander_1_1_gun_1a3410d2e3352ec9cb6deb21deda8ff160" prot="public" virt="non-virtual"><scope>Sekander::Gun</scope><name>Shoot_Entities</name></member>
      <member refid="d1/d17/class_sekander_1_1_gun_1a748d795cb18ae0fe6ecc6cb4f5841273" prot="public" virt="non-virtual"><scope>Sekander::Gun</scope><name>Shoot_Gun</name></member>
      <member refid="d1/d17/class_sekander_1_1_gun_1a82e57bc14df7f3a92721c79a761435f6" prot="public" virt="non-virtual"><scope>Sekander::Gun</scope><name>Shoot_Gun</name></member>
      <member refid="d1/d17/class_sekander_1_1_gun_1aad6f4af76435694e0115bb1d702707bd" prot="public" virt="non-virtual"><scope>Sekander::Gun</scope><name>Shoot_Gun</name></member>
    </listofallmembers>
  </compounddef>
</doxygen>
