<?xml version='1.0' encoding='UTF-8' standalone='no'?>
<doxygen xmlns:xsi="http://www.w3.org/2001/XMLSchema-instance" xsi:noNamespaceSchemaLocation="compound.xsd" version="1.9.2" xml:lang="en-US">
  <compounddef id="d1/d6b/class_sekander_1_1_h_u_d" kind="class" language="C++" prot="public">
    <compoundname>Sekander::HUD</compoundname>
    <includes refid="db/df6/_h_u_d_8hpp" local="no">HUD.hpp</includes>
      <sectiondef kind="private-attrib">
      <memberdef kind="variable" id="d1/d6b/class_sekander_1_1_h_u_d_1ae30ad06dbe535abf67b75b05c3297b94" prot="private" static="no" mutable="no">
        <type>sf::Text</type>
        <definition>sf::Text Sekander::HUD::m_text</definition>
        <argsstring></argsstring>
        <name>m_text</name>
        <briefdescription>
        </briefdescription>
        <detaileddescription>
        </detaileddescription>
        <inbodydescription>
        </inbodydescription>
        <location file="HUD.hpp" line="28" column="10" bodyfile="HUD.hpp" bodystart="28" bodyend="-1"/>
      </memberdef>
      <memberdef kind="variable" id="d1/d6b/class_sekander_1_1_h_u_d_1a5658d67de64e63fc05a25c09a573e447" prot="private" static="no" mutable="no">
        <type><ref refid="d8/d6a/namespace_sekander_1a1d69b002ba2d23020901c28f0def5e16" kindref="member">GameDataRef</ref></type>
        <definition>GameDataRef Sekander::HUD::_data</definition>
        <argsstring></argsstring>
        <name>_data</name>
        <briefdescription>
        </briefdescription>
        <detaileddescription>
        </detaileddescription>
        <inbodydescription>
        </inbodydescription>
        <location file="HUD.hpp" line="34" column="13" bodyfile="HUD.hpp" bodystart="34" bodyend="-1"/>
      </memberdef>
      <memberdef kind="variable" id="d1/d6b/class_sekander_1_1_h_u_d_1a7f6f9251b486bfaf585805959e90bd67" prot="private" static="no" mutable="no">
        <type>sf::Text</type>
        <definition>sf::Text Sekander::HUD::_scoreText</definition>
        <argsstring></argsstring>
        <name>_scoreText</name>
        <briefdescription>
        </briefdescription>
        <detaileddescription>
        </detaileddescription>
        <inbodydescription>
        </inbodydescription>
        <location file="HUD.hpp" line="35" column="10" bodyfile="HUD.hpp" bodystart="35" bodyend="-1"/>
      </memberdef>
      <memberdef kind="variable" id="d1/d6b/class_sekander_1_1_h_u_d_1a840582b62f83a28612a72c703b975ed2" prot="private" static="no" mutable="no">
        <type>sf::Text</type>
        <definition>sf::Text Sekander::HUD::text</definition>
        <argsstring></argsstring>
        <name>text</name>
        <briefdescription>
        </briefdescription>
        <detaileddescription>
        </detaileddescription>
        <inbodydescription>
        </inbodydescription>
        <location file="HUD.hpp" line="36" column="10" bodyfile="HUD.hpp" bodystart="36" bodyend="-1"/>
      </memberdef>
      <memberdef kind="variable" id="d1/d6b/class_sekander_1_1_h_u_d_1a2687202d5a03a5058b3ac7e388fda66d" prot="private" static="no" mutable="no">
        <type>sf::Text</type>
        <definition>sf::Text Sekander::HUD::m_clock_text</definition>
        <argsstring></argsstring>
        <name>m_clock_text</name>
        <briefdescription>
        </briefdescription>
        <detaileddescription>
        </detaileddescription>
        <inbodydescription>
        </inbodydescription>
        <location file="HUD.hpp" line="38" column="10" bodyfile="HUD.hpp" bodystart="38" bodyend="-1"/>
      </memberdef>
      <memberdef kind="variable" id="d1/d6b/class_sekander_1_1_h_u_d_1a01751950ac1ddfb126acec810f4e947f" prot="private" static="no" mutable="no">
        <type>int</type>
        <definition>int Sekander::HUD::test</definition>
        <argsstring></argsstring>
        <name>test</name>
        <initializer>= 1000</initializer>
        <briefdescription>
        </briefdescription>
        <detaileddescription>
        </detaileddescription>
        <inbodydescription>
        </inbodydescription>
        <location file="HUD.hpp" line="41" column="5" bodyfile="HUD.hpp" bodystart="41" bodyend="-1"/>
      </memberdef>
      <memberdef kind="variable" id="d1/d6b/class_sekander_1_1_h_u_d_1a73a39d3a2e8b5d648ce9ce738e48b172" prot="private" static="no" mutable="no">
        <type>sf::Text</type>
        <definition>sf::Text Sekander::HUD::mytext</definition>
        <argsstring></argsstring>
        <name>mytext</name>
        <briefdescription>
        </briefdescription>
        <detaileddescription>
        </detaileddescription>
        <inbodydescription>
        </inbodydescription>
        <location file="HUD.hpp" line="43" column="10" bodyfile="HUD.hpp" bodystart="43" bodyend="-1"/>
      </memberdef>
      </sectiondef>
      <sectiondef kind="public-func">
      <memberdef kind="function" id="d1/d6b/class_sekander_1_1_h_u_d_1a36e8acd746cc8528c579f9a443433f49" prot="public" static="no" const="no" explicit="no" inline="no" virt="non-virtual">
        <type></type>
        <definition>Sekander::HUD::HUD</definition>
        <argsstring>(GameDataRef data)</argsstring>
        <name>HUD</name>
        <param>
          <type><ref refid="d8/d6a/namespace_sekander_1a1d69b002ba2d23020901c28f0def5e16" kindref="member">GameDataRef</ref></type>
          <declname>data</declname>
        </param>
        <briefdescription>
        </briefdescription>
        <detaileddescription>
        </detaileddescription>
        <inbodydescription>
        </inbodydescription>
        <location file="HUD.hpp" line="13" column="1" bodyfile="HUD.cpp" bodystart="7" bodyend="45"/>
      </memberdef>
      <memberdef kind="function" id="d1/d6b/class_sekander_1_1_h_u_d_1adae59bd419e3efb72e52039025cc390d" prot="public" static="no" const="no" explicit="no" inline="no" virt="non-virtual">
        <type>void</type>
        <definition>void Sekander::HUD::setPositon</definition>
        <argsstring>()</argsstring>
        <name>setPositon</name>
        <briefdescription>
        </briefdescription>
        <detaileddescription>
        </detaileddescription>
        <inbodydescription>
        </inbodydescription>
        <location file="HUD.hpp" line="16" column="6"/>
      </memberdef>
      <memberdef kind="function" id="d1/d6b/class_sekander_1_1_h_u_d_1a79da321cb1474c30707d744cf2598fda" prot="public" static="no" const="no" explicit="no" inline="no" virt="non-virtual">
        <type>void</type>
        <definition>void Sekander::HUD::Draw</definition>
        <argsstring>()</argsstring>
        <name>Draw</name>
        <briefdescription>
        </briefdescription>
        <detaileddescription>
        </detaileddescription>
        <inbodydescription>
        </inbodydescription>
        <location file="HUD.hpp" line="17" column="6" bodyfile="HUD.cpp" bodystart="74" bodyend="81"/>
        <referencedby refid="d3/db6/class_sekander_1_1_game_state_1ae940d623e220e069c6574810c5d083be" compoundref="d7/d85/_game_state_8cpp" startline="968" endline="1037">Sekander::GameState::Draw</referencedby>
      </memberdef>
      <memberdef kind="function" id="d1/d6b/class_sekander_1_1_h_u_d_1ad94d4fa9b5d08ee9b8759b581fd7bc00" prot="public" static="no" const="no" explicit="no" inline="no" virt="non-virtual">
        <type>void</type>
        <definition>void Sekander::HUD::Update</definition>
        <argsstring>()</argsstring>
        <name>Update</name>
        <briefdescription>
        </briefdescription>
        <detaileddescription>
        </detaileddescription>
        <inbodydescription>
        </inbodydescription>
        <location file="HUD.hpp" line="18" column="6" bodyfile="HUD.cpp" bodystart="49" bodyend="72"/>
        <referencedby refid="d3/db6/class_sekander_1_1_game_state_1ac04d512257bd38244f2d6d1484aa9040" compoundref="d7/d85/_game_state_8cpp" startline="297" endline="966">Sekander::GameState::Update</referencedby>
      </memberdef>
      <memberdef kind="function" id="d1/d6b/class_sekander_1_1_h_u_d_1a1acd603a773e2ccddb08d7e97a658a01" prot="public" static="no" const="no" explicit="no" inline="no" virt="non-virtual">
        <type>void</type>
        <definition>void Sekander::HUD::UpdateScore</definition>
        <argsstring>(int score)</argsstring>
        <name>UpdateScore</name>
        <param>
          <type>int</type>
          <declname>score</declname>
        </param>
        <briefdescription>
        </briefdescription>
        <detaileddescription>
        </detaileddescription>
        <inbodydescription>
        </inbodydescription>
        <location file="HUD.hpp" line="20" column="6" bodyfile="HUD.cpp" bodystart="83" bodyend="85"/>
        <referencedby refid="d3/db6/class_sekander_1_1_game_state_1ac04d512257bd38244f2d6d1484aa9040" compoundref="d7/d85/_game_state_8cpp" startline="297" endline="966">Sekander::GameState::Update</referencedby>
      </memberdef>
      <memberdef kind="function" id="d1/d6b/class_sekander_1_1_h_u_d_1a485d26aab99f64815832644f0fba8057" prot="public" static="no" const="no" explicit="no" inline="no" virt="non-virtual">
        <type>void</type>
        <definition>void Sekander::HUD::Update_text</definition>
        <argsstring>(std::string)</argsstring>
        <name>Update_text</name>
        <param>
          <type>std::string</type>
          <defname>s</defname>
        </param>
        <briefdescription>
        </briefdescription>
        <detaileddescription>
        </detaileddescription>
        <inbodydescription>
        </inbodydescription>
        <location file="HUD.hpp" line="22" column="6" bodyfile="HUD.cpp" bodystart="87" bodyend="90"/>
        <referencedby refid="d3/db6/class_sekander_1_1_game_state_1ac04d512257bd38244f2d6d1484aa9040" compoundref="d7/d85/_game_state_8cpp" startline="297" endline="966">Sekander::GameState::Update</referencedby>
      </memberdef>
      </sectiondef>
    <briefdescription>
    </briefdescription>
    <detaileddescription>
    </detaileddescription>
    <collaborationgraph>
      <node id="1">
        <label>Sekander::HUD</label>
        <link refid="d1/d6b/class_sekander_1_1_h_u_d"/>
      </node>
    </collaborationgraph>
    <location file="HUD.hpp" line="10" column="1" bodyfile="HUD.hpp" bodystart="11" bodyend="50"/>
    <listofallmembers>
      <member refid="d1/d6b/class_sekander_1_1_h_u_d_1a5658d67de64e63fc05a25c09a573e447" prot="private" virt="non-virtual"><scope>Sekander::HUD</scope><name>_data</name></member>
      <member refid="d1/d6b/class_sekander_1_1_h_u_d_1a7f6f9251b486bfaf585805959e90bd67" prot="private" virt="non-virtual"><scope>Sekander::HUD</scope><name>_scoreText</name></member>
      <member refid="d1/d6b/class_sekander_1_1_h_u_d_1a79da321cb1474c30707d744cf2598fda" prot="public" virt="non-virtual"><scope>Sekander::HUD</scope><name>Draw</name></member>
      <member refid="d1/d6b/class_sekander_1_1_h_u_d_1a36e8acd746cc8528c579f9a443433f49" prot="public" virt="non-virtual"><scope>Sekander::HUD</scope><name>HUD</name></member>
      <member refid="d1/d6b/class_sekander_1_1_h_u_d_1a2687202d5a03a5058b3ac7e388fda66d" prot="private" virt="non-virtual"><scope>Sekander::HUD</scope><name>m_clock_text</name></member>
      <member refid="d1/d6b/class_sekander_1_1_h_u_d_1ae30ad06dbe535abf67b75b05c3297b94" prot="private" virt="non-virtual"><scope>Sekander::HUD</scope><name>m_text</name></member>
      <member refid="d1/d6b/class_sekander_1_1_h_u_d_1a73a39d3a2e8b5d648ce9ce738e48b172" prot="private" virt="non-virtual"><scope>Sekander::HUD</scope><name>mytext</name></member>
      <member refid="d1/d6b/class_sekander_1_1_h_u_d_1adae59bd419e3efb72e52039025cc390d" prot="public" virt="non-virtual"><scope>Sekander::HUD</scope><name>setPositon</name></member>
      <member refid="d1/d6b/class_sekander_1_1_h_u_d_1a01751950ac1ddfb126acec810f4e947f" prot="private" virt="non-virtual"><scope>Sekander::HUD</scope><name>test</name></member>
      <member refid="d1/d6b/class_sekander_1_1_h_u_d_1a840582b62f83a28612a72c703b975ed2" prot="private" virt="non-virtual"><scope>Sekander::HUD</scope><name>text</name></member>
      <member refid="d1/d6b/class_sekander_1_1_h_u_d_1ad94d4fa9b5d08ee9b8759b581fd7bc00" prot="public" virt="non-virtual"><scope>Sekander::HUD</scope><name>Update</name></member>
      <member refid="d1/d6b/class_sekander_1_1_h_u_d_1a485d26aab99f64815832644f0fba8057" prot="public" virt="non-virtual"><scope>Sekander::HUD</scope><name>Update_text</name></member>
      <member refid="d1/d6b/class_sekander_1_1_h_u_d_1a1acd603a773e2ccddb08d7e97a658a01" prot="public" virt="non-virtual"><scope>Sekander::HUD</scope><name>UpdateScore</name></member>
    </listofallmembers>
  </compounddef>
</doxygen>
