<?xml version='1.0' encoding='UTF-8' standalone='no'?>
<doxygen xmlns:xsi="http://www.w3.org/2001/XMLSchema-instance" xsi:noNamespaceSchemaLocation="compound.xsd" version="1.9.2" xml:lang="en-US">
  <compounddef id="d1/d6b/class_sekander_1_1_button" kind="class" language="C++" prot="public">
    <compoundname>Sekander::Button</compoundname>
    <includes refid="d2/df0/_button_8hpp" local="no">Button.hpp</includes>
      <sectiondef kind="private-attrib">
      <memberdef kind="variable" id="d1/d6b/class_sekander_1_1_button_1a764d03180d09cc16d5b0075e64ed690e" prot="private" static="no" mutable="no">
        <type>sf::Sprite</type>
        <definition>sf::Sprite Sekander::Button::sf</definition>
        <argsstring></argsstring>
        <name>sf</name>
        <briefdescription>
        </briefdescription>
        <detaileddescription>
        </detaileddescription>
        <inbodydescription>
        </inbodydescription>
        <location file="Button.hpp" line="15" column="24" bodyfile="Button.hpp" bodystart="15" bodyend="-1"/>
      </memberdef>
      <memberdef kind="variable" id="d1/d6b/class_sekander_1_1_button_1a886b33cb3c488812c52b7aba318b5f17" prot="private" static="no" mutable="no">
        <type>std::string</type>
        <definition>std::string Sekander::Button::_object_name</definition>
        <argsstring></argsstring>
        <name>_object_name</name>
        <briefdescription>
        </briefdescription>
        <detaileddescription>
        </detaileddescription>
        <inbodydescription>
        </inbodydescription>
        <location file="Button.hpp" line="16" column="25" bodyfile="Button.hpp" bodystart="16" bodyend="-1"/>
      </memberdef>
      <memberdef kind="variable" id="d1/d6b/class_sekander_1_1_button_1a20e3f9a6f7533f122c793a5660305f8a" prot="private" static="no" mutable="no">
        <type><ref refid="d8/d6a/namespace_sekander_1a1d69b002ba2d23020901c28f0def5e16" kindref="member">GameDataRef</ref></type>
        <definition>GameDataRef Sekander::Button::_data</definition>
        <argsstring></argsstring>
        <name>_data</name>
        <briefdescription>
        </briefdescription>
        <detaileddescription>
        </detaileddescription>
        <inbodydescription>
        </inbodydescription>
        <location file="Button.hpp" line="17" column="13" bodyfile="Button.hpp" bodystart="17" bodyend="-1"/>
      </memberdef>
      </sectiondef>
      <sectiondef kind="public-func">
      <memberdef kind="function" id="d1/d6b/class_sekander_1_1_button_1a97a6651579e507d76aafcd5734b3df34" prot="public" static="no" const="no" explicit="no" inline="no" virt="non-virtual">
        <type></type>
        <definition>Sekander::Button::Button</definition>
        <argsstring>(GameDataRef data)</argsstring>
        <name>Button</name>
        <param>
          <type><ref refid="d8/d6a/namespace_sekander_1a1d69b002ba2d23020901c28f0def5e16" kindref="member">GameDataRef</ref></type>
          <declname>data</declname>
        </param>
        <briefdescription>
        </briefdescription>
        <detaileddescription>
        </detaileddescription>
        <inbodydescription>
        </inbodydescription>
        <location file="Button.hpp" line="21" column="13" bodyfile="Button.hpp" bodystart="25" bodyend="28"/>
      </memberdef>
      <memberdef kind="function" id="d1/d6b/class_sekander_1_1_button_1a4c70ac65fcbc97dc548b57bc1ef87157" prot="public" static="no" const="no" explicit="no" inline="no" virt="non-virtual">
        <type></type>
        <definition>Sekander::Button::~Button</definition>
        <argsstring>()</argsstring>
        <name>~Button</name>
        <briefdescription>
        </briefdescription>
        <detaileddescription>
        </detaileddescription>
        <inbodydescription>
        </inbodydescription>
        <location file="Button.hpp" line="22" column="13" bodyfile="Button.hpp" bodystart="30" bodyend="33"/>
      </memberdef>
      </sectiondef>
    <briefdescription>
    </briefdescription>
    <detaileddescription>
    </detaileddescription>
    <collaborationgraph>
      <node id="1">
        <label>Sekander::Button</label>
        <link refid="d1/d6b/class_sekander_1_1_button"/>
      </node>
    </collaborationgraph>
    <location file="Button.hpp" line="11" column="5" bodyfile="Button.hpp" bodystart="12" bodyend="23"/>
    <listofallmembers>
      <member refid="d1/d6b/class_sekander_1_1_button_1a20e3f9a6f7533f122c793a5660305f8a" prot="private" virt="non-virtual"><scope>Sekander::Button</scope><name>_data</name></member>
      <member refid="d1/d6b/class_sekander_1_1_button_1a886b33cb3c488812c52b7aba318b5f17" prot="private" virt="non-virtual"><scope>Sekander::Button</scope><name>_object_name</name></member>
      <member refid="d1/d6b/class_sekander_1_1_button_1a97a6651579e507d76aafcd5734b3df34" prot="public" virt="non-virtual"><scope>Sekander::Button</scope><name>Button</name></member>
      <member refid="d1/d6b/class_sekander_1_1_button_1a764d03180d09cc16d5b0075e64ed690e" prot="private" virt="non-virtual"><scope>Sekander::Button</scope><name>sf</name></member>
      <member refid="d1/d6b/class_sekander_1_1_button_1a4c70ac65fcbc97dc548b57bc1ef87157" prot="public" virt="non-virtual"><scope>Sekander::Button</scope><name>~Button</name></member>
    </listofallmembers>
  </compounddef>
</doxygen>
