<?xml version='1.0' encoding='UTF-8' standalone='no'?>
<doxygenindex xmlns:xsi="http://www.w3.org/2001/XMLSchema-instance" xsi:noNamespaceSchemaLocation="index.xsd" version="1.9.2" xml:lang="en-US">
  <compound refid="de/d80/struct_map_layer_1_1_animation_state" kind="struct"><name>MapLayer::AnimationState</name>
    <member refid="de/d80/struct_map_layer_1_1_animation_state_1ab37c9495a8dce1f661f1f4e46b77f17f" kind="variable"><name>tileCords</name></member>
    <member refid="de/d80/struct_map_layer_1_1_animation_state_1aa9d9ceefb1f56dac58bc7660a1ba7898" kind="variable"><name>startTime</name></member>
    <member refid="de/d80/struct_map_layer_1_1_animation_state_1a836c7a2799636527b08eeeb1783069e8" kind="variable"><name>currentTime</name></member>
    <member refid="de/d80/struct_map_layer_1_1_animation_state_1aabe80ae4711c86db562b3e7b5e3bb6d1" kind="variable"><name>animTile</name></member>
    <member refid="de/d80/struct_map_layer_1_1_animation_state_1aa880baa2bb7e1e2f02d37ce7a6c0dc8a" kind="variable"><name>flipFlags</name></member>
  </compound>
  <compound refid="d2/d5e/class_sekander_1_1_asset_manager" kind="class"><name>Sekander::AssetManager</name>
    <member refid="d2/d5e/class_sekander_1_1_asset_manager_1a8c48606112891dce7f97438ecb5d78cb" kind="variable"><name>_textures</name></member>
    <member refid="d2/d5e/class_sekander_1_1_asset_manager_1ab9f59df9ccf2272cde52a93690cad9b7" kind="variable"><name>_fonts</name></member>
    <member refid="d2/d5e/class_sekander_1_1_asset_manager_1a5d122bc31351cdf6a844d97351243b1b" kind="function"><name>AssetManager</name></member>
    <member refid="d2/d5e/class_sekander_1_1_asset_manager_1a471be342805da815a3de41b72ed6a763" kind="function"><name>~AssetManager</name></member>
    <member refid="d2/d5e/class_sekander_1_1_asset_manager_1a49871c9808fc5e2988059c92fb181c67" kind="function"><name>LoadTexture</name></member>
    <member refid="d2/d5e/class_sekander_1_1_asset_manager_1a276ceaa15497655f3ecf24d1b74b5122" kind="function"><name>GetTexture</name></member>
    <member refid="d2/d5e/class_sekander_1_1_asset_manager_1adec8c37238ad13c8756c13ed845150e3" kind="function"><name>LoadFont</name></member>
    <member refid="d2/d5e/class_sekander_1_1_asset_manager_1a745b3164696e8a92fb479119d11ac034" kind="function"><name>GetFont</name></member>
  </compound>
  <compound refid="d3/d69/struct_sekander_1_1b0x__2d___s_h_a_p_e_s" kind="struct"><name>Sekander::b0x_2d_SHAPES</name>
    <member refid="d3/d69/struct_sekander_1_1b0x__2d___s_h_a_p_e_s_1a568e7f02c413a6a3148c7d82ae153a90" kind="variable"><name>circle</name></member>
  </compound>
  <compound refid="da/d68/class_sekander_1_1_bullet" kind="class"><name>Sekander::Bullet</name>
    <member refid="da/d68/class_sekander_1_1_bullet_1a8364cf9123fa3cef559b728365e5dfbd" kind="variable"><name>_data</name></member>
    <member refid="da/d68/class_sekander_1_1_bullet_1a9bfd31dd2969cb13c030e4855ad6e941" kind="variable"><name>m_key</name></member>
    <member refid="da/d68/class_sekander_1_1_bullet_1a812362902ae2d81e34d422da1236effb" kind="variable"><name>m_sprite_X_POS</name></member>
    <member refid="da/d68/class_sekander_1_1_bullet_1ad02929665b73be5d20513a2b2dd0aa25" kind="variable"><name>m_sprite_Y_POS</name></member>
    <member refid="da/d68/class_sekander_1_1_bullet_1a053f4f8f61626e60764502601db6910e" kind="variable"><name>m_is_Moving</name></member>
    <member refid="da/d68/class_sekander_1_1_bullet_1a3ffffd748d6b7c0e7afd88a1c2603642" kind="variable"><name>update_speed</name></member>
    <member refid="da/d68/class_sekander_1_1_bullet_1aa01f203963a28b68470ad288d1fd37f7" kind="function"><name>Bullet</name></member>
    <member refid="da/d68/class_sekander_1_1_bullet_1a003f538d802703d9a85898f4c7c9aabd" kind="function"><name>Bullet</name></member>
    <member refid="da/d68/class_sekander_1_1_bullet_1a7b55b501f075c0e647e36d9027c5a6e0" kind="function"><name>SetOrigin</name></member>
    <member refid="da/d68/class_sekander_1_1_bullet_1ad44291d034b112d561ec65d9b57b3fe6" kind="function"><name>SetSpeed</name></member>
    <member refid="da/d68/class_sekander_1_1_bullet_1a149639cae1ad1f688a3ba3fcef0b3985" kind="function"><name>Get_X_POS</name></member>
    <member refid="da/d68/class_sekander_1_1_bullet_1a2ba3aa653350110aad9552b3b7b9d4a5" kind="function"><name>Get_Y_POS</name></member>
    <member refid="da/d68/class_sekander_1_1_bullet_1af301fa12205fe6c3068fffde3a79168f" kind="function"><name>Set_X_POS</name></member>
    <member refid="da/d68/class_sekander_1_1_bullet_1a463b5aa21e128bd022c38989cef6280b" kind="function"><name>Set_Y_POS</name></member>
    <member refid="da/d68/class_sekander_1_1_bullet_1a0014d85f72f42816b9e095c4d2fe8199" kind="function"><name>Get_Name</name></member>
    <member refid="da/d68/class_sekander_1_1_bullet_1a12294c6407f43a86cf9d937e54554712" kind="function"><name>IsBulletAlive</name></member>
    <member refid="da/d68/class_sekander_1_1_bullet_1addf91b40d0c5f045226f853615079ac0" kind="function"><name>Update</name></member>
  </compound>
  <compound refid="d1/d6b/class_sekander_1_1_button" kind="class"><name>Sekander::Button</name>
    <member refid="d1/d6b/class_sekander_1_1_button_1a764d03180d09cc16d5b0075e64ed690e" kind="variable"><name>sf</name></member>
    <member refid="d1/d6b/class_sekander_1_1_button_1a886b33cb3c488812c52b7aba318b5f17" kind="variable"><name>_object_name</name></member>
    <member refid="d1/d6b/class_sekander_1_1_button_1a20e3f9a6f7533f122c793a5660305f8a" kind="variable"><name>_data</name></member>
    <member refid="d1/d6b/class_sekander_1_1_button_1a97a6651579e507d76aafcd5734b3df34" kind="function"><name>Button</name></member>
    <member refid="d1/d6b/class_sekander_1_1_button_1a4c70ac65fcbc97dc548b57bc1ef87157" kind="function"><name>~Button</name></member>
  </compound>
  <compound refid="d4/d55/class_map_layer_1_1_chunk" kind="class"><name>MapLayer::Chunk</name>
    <member refid="d4/d55/class_map_layer_1_1_chunk_1ab1df4d3621c5d9f83c2edb46d0744078" kind="typedef"><name>Ptr</name></member>
    <member refid="d4/d55/class_map_layer_1_1_chunk_1a2137a288bfd4120eb3e4db5934b802f3" kind="typedef"><name>Tile</name></member>
    <member refid="d4/d55/class_map_layer_1_1_chunk_1a2540be672f38d7f6826eebb944881429" kind="variable"><name>layerOpacity</name></member>
    <member refid="d4/d55/class_map_layer_1_1_chunk_1a58aafb7ea1d939755673bef91bfe313e" kind="variable"><name>layerOffset</name></member>
    <member refid="d4/d55/class_map_layer_1_1_chunk_1a010215bc42e515278da75b680c88dcdf" kind="variable"><name>mapTileSize</name></member>
    <member refid="d4/d55/class_map_layer_1_1_chunk_1a48d8fc51f7358f229818659ae7869485" kind="variable"><name>chunkTileCount</name></member>
    <member refid="d4/d55/class_map_layer_1_1_chunk_1ab40e4c80d3c205fc62db6a1c90e6afe7" kind="variable"><name>m_chunkTileIDs</name></member>
    <member refid="d4/d55/class_map_layer_1_1_chunk_1ab09b61a5d77f4acad152ac60db3cd333" kind="variable"><name>m_chunkColors</name></member>
    <member refid="d4/d55/class_map_layer_1_1_chunk_1a70854589957a8232358b04f971c1a1ec" kind="variable"><name>m_animTiles</name></member>
    <member refid="d4/d55/class_map_layer_1_1_chunk_1a8b618ddd7286a02a668fb9f8404427b6" kind="variable"><name>m_activeAnimations</name></member>
    <member refid="d4/d55/class_map_layer_1_1_chunk_1ab264049d7a576a9b8efd88df159704bf" kind="variable"><name>m_chunkArrays</name></member>
    <member refid="d4/d55/class_map_layer_1_1_chunk_1a150ac380ce0e3abfb512ca523ffa3656" kind="function"><name>Chunk</name></member>
    <member refid="d4/d55/class_map_layer_1_1_chunk_1aa8e16ad1e2e77a00313c4ed92f0a87b7" kind="function"><name>generateTiles</name></member>
    <member refid="d4/d55/class_map_layer_1_1_chunk_1a868f8750a2139ead6a79ae6f228303f5" kind="function"><name>~Chunk</name></member>
    <member refid="d4/d55/class_map_layer_1_1_chunk_1ad135fca4082657b3babebd9c5b3402a8" kind="function"><name>Chunk</name></member>
    <member refid="d4/d55/class_map_layer_1_1_chunk_1a9f1e226583aefdea642c4f2f8d26fe2a" kind="function"><name>operator=</name></member>
    <member refid="d4/d55/class_map_layer_1_1_chunk_1a20c30ea7eb61fbe55a0233e888de70fd" kind="function"><name>getActiveAnimations</name></member>
    <member refid="d4/d55/class_map_layer_1_1_chunk_1ae70972baf5ed18a69709f180e62f4eb5" kind="function"><name>getTile</name></member>
    <member refid="d4/d55/class_map_layer_1_1_chunk_1a557343f1e955e78b6f68623007fb9a7a" kind="function"><name>setTile</name></member>
    <member refid="d4/d55/class_map_layer_1_1_chunk_1aeee5ad34f7c428e1fd290b2a1a695397" kind="function"><name>getColor</name></member>
    <member refid="d4/d55/class_map_layer_1_1_chunk_1addf26b112e46bc6995f03a886cf46dc8" kind="function"><name>setColor</name></member>
    <member refid="d4/d55/class_map_layer_1_1_chunk_1abf755ab4f7b9430aae29a631eb2ee48e" kind="function"><name>maybeRegenerate</name></member>
    <member refid="d4/d55/class_map_layer_1_1_chunk_1a3df37cf62d435f242780c6ae3cf0f339" kind="function"><name>calcIndexFrom</name></member>
    <member refid="d4/d55/class_map_layer_1_1_chunk_1ad7e91d957e932e8c4235f5008cbd03c8" kind="function"><name>empty</name></member>
    <member refid="d4/d55/class_map_layer_1_1_chunk_1a6de781e426b23c3b33e34a1ea70eb14f" kind="function"><name>flipY</name></member>
    <member refid="d4/d55/class_map_layer_1_1_chunk_1a0bd785f9c54b97ae99417261210b9579" kind="function"><name>flipX</name></member>
    <member refid="d4/d55/class_map_layer_1_1_chunk_1a82346cb03113d15eb2b135c082257b0e" kind="function"><name>flipD</name></member>
    <member refid="d4/d55/class_map_layer_1_1_chunk_1ac90c3c9041c12cf6955707966c20d0cc" kind="function"><name>doFlips</name></member>
    <member refid="d4/d55/class_map_layer_1_1_chunk_1ab2f932fad581f2dd23d1570ebb4c76b9" kind="function"><name>draw</name></member>
  </compound>
  <compound refid="de/d24/class_map_layer_1_1_chunk_1_1_chunk_array" kind="class"><name>MapLayer::Chunk::ChunkArray</name>
    <member refid="de/d24/class_map_layer_1_1_chunk_1_1_chunk_array_1a6d944dee2fc89a76d7a252405e2732b0" kind="typedef"><name>Ptr</name></member>
    <member refid="de/d24/class_map_layer_1_1_chunk_1_1_chunk_array_1a2338cdb0f900b21dd175ac86f7d4d984" kind="variable"><name>tileSetSize</name></member>
    <member refid="de/d24/class_map_layer_1_1_chunk_1_1_chunk_array_1a2248df4d35f691b2b2afe3aeb02f50ed" kind="variable"><name>tsTileCount</name></member>
    <member refid="de/d24/class_map_layer_1_1_chunk_1_1_chunk_array_1a5f4d6066ddf867552b992d8215fbffcb" kind="variable"><name>m_firstGID</name></member>
    <member refid="de/d24/class_map_layer_1_1_chunk_1_1_chunk_array_1a02890e0578dbc2550e74ac1734b6c608" kind="variable"><name>m_lastGID</name></member>
    <member refid="de/d24/class_map_layer_1_1_chunk_1_1_chunk_array_1a84294fb3f90d1363a3095a978f0b89f8" kind="variable"><name>m_texture</name></member>
    <member refid="de/d24/class_map_layer_1_1_chunk_1_1_chunk_array_1a43fbfdccc94de7aa7e3f822d93789dc6" kind="variable"><name>m_vertices</name></member>
    <member refid="de/d24/class_map_layer_1_1_chunk_1_1_chunk_array_1a566f7f2c8c1fd2405ed8a359a9cf8717" kind="function"><name>ChunkArray</name></member>
    <member refid="de/d24/class_map_layer_1_1_chunk_1_1_chunk_array_1a032e0fa8a35d86815109eb0e1296c567" kind="function"><name>~ChunkArray</name></member>
    <member refid="de/d24/class_map_layer_1_1_chunk_1_1_chunk_array_1a85a82c50eae1a835b7a355813b560cbf" kind="function"><name>ChunkArray</name></member>
    <member refid="de/d24/class_map_layer_1_1_chunk_1_1_chunk_array_1a839bea3ab7810340b8bf9fbf58c320ac" kind="function"><name>operator=</name></member>
    <member refid="de/d24/class_map_layer_1_1_chunk_1_1_chunk_array_1a4f93efce951889766d0336525e697cdd" kind="function"><name>reset</name></member>
    <member refid="de/d24/class_map_layer_1_1_chunk_1_1_chunk_array_1a5d3cc7cca03c66402b6a73978e1440dc" kind="function"><name>addTile</name></member>
    <member refid="de/d24/class_map_layer_1_1_chunk_1_1_chunk_array_1a6de1bdb0370138d0b63b8817da6fb2a2" kind="function"><name>getTextureSize</name></member>
    <member refid="de/d24/class_map_layer_1_1_chunk_1_1_chunk_array_1a9eb79b994907878e26c521a4d0c111b4" kind="function"><name>draw</name></member>
  </compound>
  <compound refid="d4/d7c/class_sekander_1_1_enemy" kind="class"><name>Sekander::Enemy</name>
    <member refid="d4/d7c/class_sekander_1_1_enemy_1aa396253ab86229a1ccd7fd780821dbaa" kind="variable"><name>_data</name></member>
    <member refid="d4/d7c/class_sekander_1_1_enemy_1ae0e65a6e8bd507863c18885083d536ef" kind="variable"><name>m_key</name></member>
    <member refid="d4/d7c/class_sekander_1_1_enemy_1aa7f0768b14bb1a963a7b71b4e53538b7" kind="variable"><name>m_sprite_X_POS</name></member>
    <member refid="d4/d7c/class_sekander_1_1_enemy_1a2987bd4a4703077ba392c61394ba1a70" kind="variable"><name>m_sprite_Y_POS</name></member>
    <member refid="d4/d7c/class_sekander_1_1_enemy_1a0e4ef1c23f56e5aafca0548afe52296b" kind="variable"><name>m_is_Moving</name></member>
    <member refid="d4/d7c/class_sekander_1_1_enemy_1a67150f00eab0f36b392e942c5de06c4d" kind="variable"><name>m_health</name></member>
    <member refid="d4/d7c/class_sekander_1_1_enemy_1ab8bc34ab4da56cb9bf549b84da14b01d" kind="variable"><name>m_health_text</name></member>
    <member refid="d4/d7c/class_sekander_1_1_enemy_1a0d11445e38fea6233e044a3e2078f195" kind="variable"><name>m_took_damage</name></member>
    <member refid="d4/d7c/class_sekander_1_1_enemy_1adb9b64f9077c99f9ce86627dd6f03edb" kind="variable"><name>is_alive</name></member>
    <member refid="d4/d7c/class_sekander_1_1_enemy_1a7b2f42cd29c9e7ddf9a4b7be2e969ced" kind="variable"><name>m_dead</name></member>
    <member refid="d4/d7c/class_sekander_1_1_enemy_1ab69631c38275545e87d25270cce950e0" kind="variable"><name>delay</name></member>
    <member refid="d4/d7c/class_sekander_1_1_enemy_1ad85d76ca502ce719d6c089f9bbfe1500" kind="variable"><name>bullet_counter</name></member>
    <member refid="d4/d7c/class_sekander_1_1_enemy_1a977b28535f3457d2c83c9dcb1c955440" kind="variable"><name>dead_gun</name></member>
    <member refid="d4/d7c/class_sekander_1_1_enemy_1ac47bd10558b515703d7ceb582303b56b" kind="variable"><name>m_sprite_WIDTH</name></member>
    <member refid="d4/d7c/class_sekander_1_1_enemy_1a2e5af993eedfeacbc410a2d70c4ab26b" kind="variable"><name>m_am_I_backwards</name></member>
    <member refid="d4/d7c/class_sekander_1_1_enemy_1aa00ab089845d470adeae537f1c2cbe57" kind="variable"><name>capture_time</name></member>
    <member refid="d4/d7c/class_sekander_1_1_enemy_1ab92eef06a3ab1207d5611aa660211d6e" kind="variable"><name>gun_clock</name></member>
    <member refid="d4/d7c/class_sekander_1_1_enemy_1a1ad3f90651834f3f27b4a1c415b5ae15" kind="variable"><name>time_g</name></member>
    <member refid="d4/d7c/class_sekander_1_1_enemy_1ad599a3359bf97e830e840460d36ec9d3" kind="variable"><name>enemy_attack_square</name></member>
    <member refid="d4/d7c/class_sekander_1_1_enemy_1a44be07820e6bb5f22675a3096d9fd12e" kind="variable"><name>pixel_walking_distance</name></member>
    <member refid="d4/d7c/class_sekander_1_1_enemy_1a77dd464f39a883a164fe52b23949a5ee" kind="variable"><name>e_attack_square_x</name></member>
    <member refid="d4/d7c/class_sekander_1_1_enemy_1aebdb2d8499d594e233c25ae829525ac1" kind="variable"><name>e_attack_square_y</name></member>
    <member refid="d4/d7c/class_sekander_1_1_enemy_1aadd7613e3130e4f60274bfb22c8d983b" kind="variable"><name>b_speed_x</name></member>
    <member refid="d4/d7c/class_sekander_1_1_enemy_1ab6bae906e643c667e3fddefc710a7671" kind="variable"><name>b_speed_y</name></member>
    <member refid="d4/d7c/class_sekander_1_1_enemy_1ad3dc624095323fabfb2be9e4805afd24" kind="variable"><name>enemy_speed_x</name></member>
    <member refid="d4/d7c/class_sekander_1_1_enemy_1a0f04d6bca363cdfcac06832f3de87aaa" kind="variable"><name>enemy_speed_y</name></member>
    <member refid="d4/d7c/class_sekander_1_1_enemy_1af9081f1217d2f9b122eaa77361139be9" kind="function"><name>Enemy</name></member>
    <member refid="d4/d7c/class_sekander_1_1_enemy_1aa5be2d2f7c44b05ed64686363b465bab" kind="function"><name>Enemy</name></member>
    <member refid="d4/d7c/class_sekander_1_1_enemy_1adc8510b9f333718163e4f319cfc9a2f1" kind="function"><name>SetOrigin</name></member>
    <member refid="d4/d7c/class_sekander_1_1_enemy_1a140204b200a98b84fd51bd63d621cfec" kind="function"><name>SetSpeed</name></member>
    <member refid="d4/d7c/class_sekander_1_1_enemy_1a110643efd2b4f89e00c66ddfd447361a" kind="function"><name>Damage</name></member>
    <member refid="d4/d7c/class_sekander_1_1_enemy_1ae788a59ac3cef89141f7c961ff37489d" kind="function"><name>Set_Health</name></member>
    <member refid="d4/d7c/class_sekander_1_1_enemy_1abfcf9b9d10c3b0306bc761b4c582e51c" kind="function"><name>GetHealth</name></member>
    <member refid="d4/d7c/class_sekander_1_1_enemy_1a8f28e7a9f1fa9f039ea780e741683f14" kind="function"><name>Jump</name></member>
    <member refid="d4/d7c/class_sekander_1_1_enemy_1a81ee82bd48b940bb2f9533c039af03c2" kind="function"><name>Get_X_POS</name></member>
    <member refid="d4/d7c/class_sekander_1_1_enemy_1a437363f7582bf66f03e8502c9e30e6af" kind="function"><name>Get_Y_POS</name></member>
    <member refid="d4/d7c/class_sekander_1_1_enemy_1a1e830bd6c9ff60a6b794fbc0f828b357" kind="function"><name>Set_X_POS</name></member>
    <member refid="d4/d7c/class_sekander_1_1_enemy_1a796c49f19dafbec62ce907e6ea8c90cb" kind="function"><name>Set_Y_POS</name></member>
    <member refid="d4/d7c/class_sekander_1_1_enemy_1ada6336570f2bbc3294cab31247ff21a9" kind="function"><name>Hold_Gun</name></member>
    <member refid="d4/d7c/class_sekander_1_1_enemy_1a7023262f1c1f54bdc22dabd32a0c10d9" kind="function"><name>Shooting</name></member>
    <member refid="d4/d7c/class_sekander_1_1_enemy_1a98fd35429990fe36e131c3c364f8b851" kind="function"><name>Shooting</name></member>
    <member refid="d4/d7c/class_sekander_1_1_enemy_1a96b8ac3dfecca684c03179f01606ba38" kind="function"><name>Shoot_Gun</name></member>
    <member refid="d4/d7c/class_sekander_1_1_enemy_1a1db56100425ba6f05092351fc37330e6" kind="function"><name>Get_Name</name></member>
    <member refid="d4/d7c/class_sekander_1_1_enemy_1aaccf2d86ea82595234cee826bc176cfa" kind="function"><name>Update</name></member>
    <member refid="d4/d7c/class_sekander_1_1_enemy_1aebe5e0b142382a975f23f3e106f70781" kind="function"><name>Get_enemy_alive_status</name></member>
    <member refid="d4/d7c/class_sekander_1_1_enemy_1aa2d533f838eef9cb0ca74757ff8bcd7d" kind="function"><name>Draw</name></member>
    <member refid="d4/d7c/class_sekander_1_1_enemy_1abbebd093db5e9b28405a5ebaffb70dc4" kind="function"><name>set_damage</name></member>
    <member refid="d4/d7c/class_sekander_1_1_enemy_1a6012a5db0603ade87347e4daef7d812c" kind="function"><name>set_Alive</name></member>
    <member refid="d4/d7c/class_sekander_1_1_enemy_1a61d05dd6c2d4bb57366e99a6f95d3ba4" kind="function"><name>CheckCollision</name></member>
    <member refid="d4/d7c/class_sekander_1_1_enemy_1ad6e0ecb52ea0c775b09e6b353ae7ef04" kind="function"><name>get_attack_square</name></member>
  </compound>
  <compound refid="d1/da9/class_sekander_1_1_entity" kind="class"><name>Sekander::Entity</name>
    <member refid="d1/da9/class_sekander_1_1_entity_1a7c88f6c5a89eca36cb1204c4eaf0868e" kind="variable"><name>velocity</name></member>
    <member refid="d1/da9/class_sekander_1_1_entity_1a61bec1a7b77dd9b5e08c0908566450d4" kind="variable"><name>body</name></member>
    <member refid="d1/da9/class_sekander_1_1_entity_1a6bd181c05edd3e27fa18efdd5dab2895" kind="variable"><name>active</name></member>
    <member refid="d1/da9/class_sekander_1_1_entity_1a877b3b7b7b81c7e11cb174d1a4fc3b85" kind="variable"><name>groupId</name></member>
    <member refid="d1/da9/class_sekander_1_1_entity_1a6c88c4e735203734409fdd7b1eddca39" kind="variable"><name>world</name></member>
    <member refid="d1/da9/class_sekander_1_1_entity_1af8218d721852341a99eb08ee8ead53ff" kind="variable"><name>bodyDef</name></member>
    <member refid="d1/da9/class_sekander_1_1_entity_1a51d32e27f0af3c9f1d68cc27117310ad" kind="variable"><name>shape</name></member>
    <member refid="d1/da9/class_sekander_1_1_entity_1a85af7309806860be286eb7b7fa89856e" kind="variable"><name>edge</name></member>
    <member refid="d1/da9/class_sekander_1_1_entity_1ab1117f25502fe84887cae07b40272bbf" kind="variable"><name>circle</name></member>
    <member refid="d1/da9/class_sekander_1_1_entity_1a1320e01ecadb8733a7a6204c8383bd4c" kind="variable"><name>fixtureDef</name></member>
    <member refid="d1/da9/class_sekander_1_1_entity_1afb04e74d48d113702c32c991accda0cc" kind="variable"><name>texture</name></member>
    <member refid="d1/da9/class_sekander_1_1_entity_1a2457570ea4a0a1009937a153f8f071f8" kind="function"><name>Entity</name></member>
    <member refid="d1/da9/class_sekander_1_1_entity_1a80ce51e0d09a5ac63eb3c385c47f5d73" kind="function"><name>Load</name></member>
    <member refid="d1/da9/class_sekander_1_1_entity_1a3381ab7a718fbb980415910f47970468" kind="function"><name>Load</name></member>
    <member refid="d1/da9/class_sekander_1_1_entity_1a0f2ae50422b408ef0de2cdcb31f120b4" kind="function"><name>CreateEdeg</name></member>
    <member refid="d1/da9/class_sekander_1_1_entity_1a194f6b6f8a256a3bc0ee73f3eadeb0d0" kind="function"><name>CreateEdeg</name></member>
    <member refid="d1/da9/class_sekander_1_1_entity_1a37320c3ef99e534f80f0306ebdf084ed" kind="function"><name>Update</name></member>
    <member refid="d1/da9/class_sekander_1_1_entity_1a202c7a8db6bcd754ebdd907d4383a6fb" kind="function"><name>CheckCollision</name></member>
    <member refid="d1/da9/class_sekander_1_1_entity_1aaca12636d13d15fe2c84d48c64c43dc4" kind="function"><name>GroupID</name></member>
    <member refid="d1/da9/class_sekander_1_1_entity_1af8b43d3ca6c6740d3e356d98656fa370" kind="function"><name>Active</name></member>
    <member refid="d1/da9/class_sekander_1_1_entity_1a55dcbd586dfa0b339d5116ff14d58cbd" kind="function"><name>DeleteShape</name></member>
    <member refid="d1/da9/class_sekander_1_1_entity_1a85095c868a53dffcb7d1f9c080448c7f" kind="function"><name>Destroy</name></member>
    <member refid="d1/da9/class_sekander_1_1_entity_1a084a9bfb47b0efd2c5098e5f97b51c79" kind="function"><name>Enable</name></member>
    <member refid="d1/da9/class_sekander_1_1_entity_1a2246c81f180544956e614c786b7a2427" kind="function"><name>~Entity</name></member>
  </compound>
  <compound refid="d9/dee/class_sekander_1_1_entity_manager" kind="class"><name>Sekander::EntityManager</name>
    <member refid="d9/dee/class_sekander_1_1_entity_manager_1a8ee9d64c41a23790dc4c1e3f1ce3ea56" kind="variable"><name>entities</name></member>
    <member refid="d9/dee/class_sekander_1_1_entity_manager_1ad2d38ab329ff4b57b2d66b807dacdbb3" kind="variable"><name>world</name></member>
    <member refid="d9/dee/class_sekander_1_1_entity_manager_1af00445583df085f6c28390b4b940ccc5" kind="variable"><name>vertices</name></member>
    <member refid="d9/dee/class_sekander_1_1_entity_manager_1a40f45e16f17a739a730c1373021e5cc9" kind="variable"><name>vertices_vec</name></member>
    <member refid="d9/dee/class_sekander_1_1_entity_manager_1a98a085b51de53396a9a9b7803422c6ff" kind="function"><name>EntityManager</name></member>
    <member refid="d9/dee/class_sekander_1_1_entity_manager_1afaae67bb65ba3dac38417caf4e2c2f2b" kind="function"><name>Add</name></member>
    <member refid="d9/dee/class_sekander_1_1_entity_manager_1a4b0fdd5fb634533e04fe33c48a25f6e9" kind="function"><name>Add</name></member>
    <member refid="d9/dee/class_sekander_1_1_entity_manager_1ab5c80c9646fea25cb0ab110a4ac51d38" kind="function"><name>newEdge</name></member>
    <member refid="d9/dee/class_sekander_1_1_entity_manager_1a0debb38e1fb1e88d3d4e5af522e80b90" kind="function"><name>newEdge</name></member>
    <member refid="d9/dee/class_sekander_1_1_entity_manager_1a9c4fa2dc9649cdd63ba64bea469c267c" kind="function"><name>Get</name></member>
    <member refid="d9/dee/class_sekander_1_1_entity_manager_1a10a4ff59b03ab00e9688063de4bc9c98" kind="function"><name>ListAllEnties</name></member>
    <member refid="d9/dee/class_sekander_1_1_entity_manager_1a242f0776611b1f2de7c574a059795612" kind="function"><name>ReturnMap</name></member>
    <member refid="d9/dee/class_sekander_1_1_entity_manager_1ac2385e541fe3ac866f90daad53892a00" kind="function"><name>Update</name></member>
    <member refid="d9/dee/class_sekander_1_1_entity_manager_1a24bc2a30b608d425aaeded98c1c18cfc" kind="function"><name>Render</name></member>
    <member refid="d9/dee/class_sekander_1_1_entity_manager_1a71d1b6d1c1a80efa0117e3bf8e982562" kind="function"><name>DeleteEntity</name></member>
    <member refid="d9/dee/class_sekander_1_1_entity_manager_1a5ce5af4eb68c0dd7d019877f65ea4c83" kind="function"><name>EnableEntity</name></member>
    <member refid="d9/dee/class_sekander_1_1_entity_manager_1adcd3f85835de9ac2eb2af3c876899244" kind="function"><name>~EntityManager</name></member>
  </compound>
  <compound refid="d1/d46/class_sekander_1_1_game" kind="class"><name>Sekander::Game</name>
    <member refid="d1/d46/class_sekander_1_1_game_1ad38a233b0015262e84bd4f200378c295" kind="variable"><name>dt</name></member>
    <member refid="d1/d46/class_sekander_1_1_game_1a834d5264e03e48eb2cf4fbc11e46b58d" kind="variable"><name>_clock</name></member>
    <member refid="d1/d46/class_sekander_1_1_game_1a2a48d9df37ee8bb23b687a7f9c83a471" kind="variable"><name>_data</name></member>
    <member refid="d1/d46/class_sekander_1_1_game_1a416e310b39c99a719a9429b8366e7a0b" kind="variable"><name>m_isFullscreen</name></member>
    <member refid="d1/d46/class_sekander_1_1_game_1a53c182b8b8b63723740aaef1b0cc25a0" kind="function"><name>Game</name></member>
    <member refid="d1/d46/class_sekander_1_1_game_1afe9c8ee4d47148de8fed696efe7bd9ac" kind="function"><name>Game</name></member>
    <member refid="d1/d46/class_sekander_1_1_game_1a187c141c1b8b70416dccfbfb15d2a3db" kind="function"><name>Game</name></member>
    <member refid="d1/d46/class_sekander_1_1_game_1a2bf4207f57e28e619fcdf383079c3a9d" kind="function"><name>ToggleFullscreen</name></member>
    <member refid="d1/d46/class_sekander_1_1_game_1a70fe3c4cc2af6708dc19ffd54a782283" kind="function"><name>IsDone</name></member>
    <member refid="d1/d46/class_sekander_1_1_game_1aa919e9a5695d21c1ab19b2c8abe54041" kind="function"><name>IsFullscreen</name></member>
    <member refid="d1/d46/class_sekander_1_1_game_1ac944cfcfb5783b7788e591cd748ee51e" kind="function"><name>Run</name></member>
  </compound>
  <compound refid="d3/d90/struct_sekander_1_1_game_data" kind="struct"><name>Sekander::GameData</name>
    <member refid="d3/d90/struct_sekander_1_1_game_data_1a6f701ff9c5018ee293869248798f02a4" kind="variable"><name>machine</name></member>
    <member refid="d3/d90/struct_sekander_1_1_game_data_1a01dc93a762f8235e2e95eb2c79fa25fc" kind="variable"><name>window</name></member>
    <member refid="d3/d90/struct_sekander_1_1_game_data_1a2540773e72a9b18686041a4b626fd90f" kind="variable"><name>assets</name></member>
    <member refid="d3/d90/struct_sekander_1_1_game_data_1afe024ef371741c95bad3abaf8ddeebf1" kind="variable"><name>input</name></member>
    <member refid="d3/d90/struct_sekander_1_1_game_data_1a5d4bea0451d09e81fee2b4c38c2b6ca5" kind="variable"><name>manager</name></member>
  </compound>
  <compound refid="dd/d6a/class_sekander_1_1_game_over_state" kind="class"><name>Sekander::GameOverState</name>
    <member refid="dd/d6a/class_sekander_1_1_game_over_state_1a664bfe46410e08bd6a9d399ac3e79dc3" kind="variable"><name>socket</name></member>
    <member refid="dd/d6a/class_sekander_1_1_game_over_state_1ac60174d0e0b62802ab2b0c05247d33b5" kind="variable"><name>_data</name></member>
    <member refid="dd/d6a/class_sekander_1_1_game_over_state_1a3b1c892e022575bd70cf97928d79b7da" kind="variable"><name>_clock</name></member>
    <member refid="dd/d6a/class_sekander_1_1_game_over_state_1a250cf3a483960abc015415739067f6a5" kind="variable"><name>_background</name></member>
    <member refid="dd/d6a/class_sekander_1_1_game_over_state_1a48e09487fe6fe308acbae0971d041710" kind="variable"><name>_gameOverTitle</name></member>
    <member refid="dd/d6a/class_sekander_1_1_game_over_state_1ae699b96a7881e8852a2e64431ea5bda9" kind="variable"><name>_gameOverContainer</name></member>
    <member refid="dd/d6a/class_sekander_1_1_game_over_state_1a1fc5e8938f774f4dc10d42b3876030ac" kind="variable"><name>_retryButton</name></member>
    <member refid="dd/d6a/class_sekander_1_1_game_over_state_1adb60ef9a4d2fea746dfd3a9edf51d02b" kind="variable"><name>_scoreText</name></member>
    <member refid="dd/d6a/class_sekander_1_1_game_over_state_1afdd0049bf1354a13782e7ba21fb4befd" kind="variable"><name>_highScoreText</name></member>
    <member refid="dd/d6a/class_sekander_1_1_game_over_state_1ad79b72fc4efc8b770422c2c16d07d6c3" kind="variable"><name>_score</name></member>
    <member refid="dd/d6a/class_sekander_1_1_game_over_state_1ad7ba3fadc25c0470994d46ce91170108" kind="variable"><name>_highScore</name></member>
    <member refid="dd/d6a/class_sekander_1_1_game_over_state_1ac04064783eaa87ca083beb919737635c" kind="variable"><name>_temp_score</name></member>
    <member refid="dd/d6a/class_sekander_1_1_game_over_state_1a12cfdad7be4cb5ecc3d6678e1ed0b957" kind="variable"><name>_xml_DOC</name></member>
    <member refid="dd/d6a/class_sekander_1_1_game_over_state_1a5f0d39a093c067de484c17561f862de2" kind="variable"><name>ld</name></member>
    <member refid="dd/d6a/class_sekander_1_1_game_over_state_1aad418282474c59558d02e5b7f52a841c" kind="variable"><name>window_rec</name></member>
    <member refid="dd/d6a/class_sekander_1_1_game_over_state_1afef7263e74fde41d6c779a473fd93105" kind="variable"><name>window_rec2</name></member>
    <member refid="dd/d6a/class_sekander_1_1_game_over_state_1ac0f2e82316a36af6239ae24a03f2824f" kind="variable"><name>r</name></member>
    <member refid="dd/d6a/class_sekander_1_1_game_over_state_1a48dbce2f5fb70dbaec0edf0d2de4aea6" kind="variable"><name>b</name></member>
    <member refid="dd/d6a/class_sekander_1_1_game_over_state_1a7689bd10edad691528b434f0868c9e72" kind="variable"><name>g</name></member>
    <member refid="dd/d6a/class_sekander_1_1_game_over_state_1a982c7e95494397743efa83e216ccd055" kind="variable"><name>a</name></member>
    <member refid="dd/d6a/class_sekander_1_1_game_over_state_1aaf30770d2b2ab5f5be8a4d3443a2aa55" kind="variable"><name>a_b</name></member>
    <member refid="dd/d6a/class_sekander_1_1_game_over_state_1a5656ae0aefaffa2409a51b1c3bd0f88c" kind="variable"><name>_max</name></member>
    <member refid="dd/d6a/class_sekander_1_1_game_over_state_1af8260bf3049c7b7cb7d2ea3781e3beae" kind="variable"><name>fade_out</name></member>
    <member refid="dd/d6a/class_sekander_1_1_game_over_state_1a8248a663f0624ca7f1c081cd0174b396" kind="function"><name>GameOverState</name></member>
    <member refid="dd/d6a/class_sekander_1_1_game_over_state_1a3e432a73ee48a8048c2d5a34226cae4b" kind="function"><name>GameOverState</name></member>
    <member refid="dd/d6a/class_sekander_1_1_game_over_state_1a1f0b4815da9cfb5221f2e3374b003de0" kind="function"><name>Init</name></member>
    <member refid="dd/d6a/class_sekander_1_1_game_over_state_1ade27fc3af036b3c50df4ccf6cb795627" kind="function"><name>HandleInput</name></member>
    <member refid="dd/d6a/class_sekander_1_1_game_over_state_1a00b3dcb61cb0342cf0fe4cc181e99b6b" kind="function"><name>Update</name></member>
    <member refid="dd/d6a/class_sekander_1_1_game_over_state_1af2407df4e95d8add41ed995157bc0905" kind="function"><name>Draw</name></member>
    <member refid="dd/d6a/class_sekander_1_1_game_over_state_1a577c6f01f9d687d772cefd17c2643e5f" kind="function"><name>Conncet</name></member>
  </compound>
  <compound refid="d3/db6/class_sekander_1_1_game_state" kind="class"><name>Sekander::GameState</name>
    <member refid="d3/db6/class_sekander_1_1_game_state_1a8d4871b8f695026f712a631f4d15a7bc" kind="variable"><name>_data</name></member>
    <member refid="d3/db6/class_sekander_1_1_game_state_1ac757f96251226e5d5cd07b8c75671299" kind="variable"><name>_background</name></member>
    <member refid="d3/db6/class_sekander_1_1_game_state_1a3ed5ec609d3994afe8b25a6b3359abb7" kind="variable"><name>_clock</name></member>
    <member refid="d3/db6/class_sekander_1_1_game_state_1a51627fd89906e418c311a4853e7509ed" kind="variable"><name>event</name></member>
    <member refid="d3/db6/class_sekander_1_1_game_state_1a664c380e695b82fb68aead1cd9828282" kind="variable"><name>_xml_DOC</name></member>
    <member refid="d3/db6/class_sekander_1_1_game_state_1a64afed7f84d58d0b0d52752b33969ba2" kind="variable"><name>_is_paused</name></member>
    <member refid="d3/db6/class_sekander_1_1_game_state_1ace01a1a5682f32d83ddc4308c2dd5a0a" kind="variable"><name>_un_pause</name></member>
    <member refid="d3/db6/class_sekander_1_1_game_state_1a9017176374407458e6fe4b0369ae63ba" kind="variable"><name>i</name></member>
    <member refid="d3/db6/class_sekander_1_1_game_state_1a9e4007a56ece8fb04e344198f3f00681" kind="variable"><name>m_pause_text</name></member>
    <member refid="d3/db6/class_sekander_1_1_game_state_1ab8a913dd7ad77c86fd2588ab3cea7a3d" kind="variable"><name>m_p_text</name></member>
    <member refid="d3/db6/class_sekander_1_1_game_state_1a6eae10c82abd67f0c5f277d476040fa7" kind="variable"><name>m_a_text</name></member>
    <member refid="d3/db6/class_sekander_1_1_game_state_1a4d4f6d805ef4f5964cfa985c9eb49863" kind="variable"><name>m_u_text</name></member>
    <member refid="d3/db6/class_sekander_1_1_game_state_1a003a29119d0c6036f48f6629c310e982" kind="variable"><name>m_s_text</name></member>
    <member refid="d3/db6/class_sekander_1_1_game_state_1a5e1efc74f4b4c89981980762f7746188" kind="variable"><name>m_e_text</name></member>
    <member refid="d3/db6/class_sekander_1_1_game_state_1ab267d83dd406910063033004946c83e3" kind="variable"><name>data</name></member>
    <member refid="d3/db6/class_sekander_1_1_game_state_1ad0cf3bf4943c3f025a9d46d1afc8f4ab" kind="variable"><name>ld</name></member>
    <member refid="d3/db6/class_sekander_1_1_game_state_1ab15428b5c508516dfb67eb4b5cdc313d" kind="variable"><name>hud</name></member>
    <member refid="d3/db6/class_sekander_1_1_game_state_1a628790c63ef07329a39c322f370e52db" kind="variable"><name>_gameState</name></member>
    <member refid="d3/db6/class_sekander_1_1_game_state_1a1722679ccb49b683a33dafbcc9cca6d7" kind="variable"><name>_current_state</name></member>
    <member refid="d3/db6/class_sekander_1_1_game_state_1ac8ac6b28d48f95b723ec17ae37f7509e" kind="variable"><name>_score</name></member>
    <member refid="d3/db6/class_sekander_1_1_game_state_1aa259af22c10b0f71cedc50c90a13b6ce" kind="variable"><name>map</name></member>
    <member refid="d3/db6/class_sekander_1_1_game_state_1ae5ef3760e93eaa779734d0287dcca4fb" kind="variable"><name>layer1</name></member>
    <member refid="d3/db6/class_sekander_1_1_game_state_1a4a24b0070e7d22098f6b057964cb0a91" kind="variable"><name>layer2</name></member>
    <member refid="d3/db6/class_sekander_1_1_game_state_1aa6f018f199cabb2f40721403c62b308a" kind="variable"><name>layer3</name></member>
    <member refid="d3/db6/class_sekander_1_1_game_state_1acef64446758069deee763f496a9bc2d6" kind="variable"><name>_Manualmap</name></member>
    <member refid="d3/db6/class_sekander_1_1_game_state_1a3967f08ea45421b5c4ec1a4e6fd1116b" kind="variable"><name>_gameScreen</name></member>
    <member refid="d3/db6/class_sekander_1_1_game_state_1ad03cd6358b24a3559c71eb904df73d5f" kind="variable"><name>isKeyReleased</name></member>
    <member refid="d3/db6/class_sekander_1_1_game_state_1ae5db885953e773fdbce4faf6ad03d480" kind="variable"><name>main_view</name></member>
    <member refid="d3/db6/class_sekander_1_1_game_state_1a4eacd2ce75969c80fc68be5fecd97c70" kind="variable"><name>minimapView</name></member>
    <member refid="d3/db6/class_sekander_1_1_game_state_1add4fe356184898f68a463d3d7b06303f" kind="variable"><name>back</name></member>
    <member refid="d3/db6/class_sekander_1_1_game_state_1a3b73733184431654c40332cf76735265" kind="variable"><name>rect</name></member>
    <member refid="d3/db6/class_sekander_1_1_game_state_1a2ee11887ef73fd6176d8d2ce8ef3c110" kind="variable"><name>pause_window_rec</name></member>
    <member refid="d3/db6/class_sekander_1_1_game_state_1a5286183d60d019bb4a2883e46a183b86" kind="variable"><name>debug_rec</name></member>
    <member refid="d3/db6/class_sekander_1_1_game_state_1a0d3ea2a26abb6cd10c3e493381400ada" kind="variable"><name>r</name></member>
    <member refid="d3/db6/class_sekander_1_1_game_state_1a6985b7cdb15e9be323ccc856379c15bb" kind="variable"><name>b</name></member>
    <member refid="d3/db6/class_sekander_1_1_game_state_1a31e0ac873c64d342e1d010e12edc0e22" kind="variable"><name>g</name></member>
    <member refid="d3/db6/class_sekander_1_1_game_state_1ad44c780816824050101c1489f0f231be" kind="variable"><name>window_rec</name></member>
    <member refid="d3/db6/class_sekander_1_1_game_state_1a5801f9acb771c8886aba02eb17a7b6eb" kind="variable"><name>a</name></member>
    <member refid="d3/db6/class_sekander_1_1_game_state_1ad905829e53a1e331b6859010ddea5d86" kind="variable"><name>_max</name></member>
    <member refid="d3/db6/class_sekander_1_1_game_state_1a272cac0ace6067683e12a7a37c0ab759" kind="variable"><name>time_Start</name></member>
    <member refid="d3/db6/class_sekander_1_1_game_state_1a676037f8cc02d84ad0ef52f8b73ee1ad" kind="variable"><name>time_Finish</name></member>
    <member refid="d3/db6/class_sekander_1_1_game_state_1a1f7b418a56b6e8f31d33db63b1c4fd91" kind="variable"><name>input_counter</name></member>
    <member refid="d3/db6/class_sekander_1_1_game_state_1af70f88a071cda53e0a020a4d2d21dbd3" kind="variable"><name>counter</name></member>
    <member refid="d3/db6/class_sekander_1_1_game_state_1af47a4f5c384bf320048bea9b95b854ea" kind="function"><name>GameState</name></member>
    <member refid="d3/db6/class_sekander_1_1_game_state_1a6003e8f7b7ed16e9cd005972c1738714" kind="function"><name>GameState</name></member>
    <member refid="d3/db6/class_sekander_1_1_game_state_1af27f06a5535b1fbc2f52299a1eb3bee2" kind="function"><name>Init</name></member>
    <member refid="d3/db6/class_sekander_1_1_game_state_1ab3e0961a77a513cdc49fe8e6b3962280" kind="function"><name>HandleInput</name></member>
    <member refid="d3/db6/class_sekander_1_1_game_state_1ac04d512257bd38244f2d6d1484aa9040" kind="function"><name>Update</name></member>
    <member refid="d3/db6/class_sekander_1_1_game_state_1ae940d623e220e069c6574810c5d083be" kind="function"><name>Draw</name></member>
  </compound>
  <compound refid="d4/d74/class_sekander_1_1_game_world" kind="class"><name>Sekander::GameWorld</name>
    <member refid="d4/d74/class_sekander_1_1_game_world_1a59be267007f51217d7f9739029e966cd" kind="variable"><name>is_key_pressed</name></member>
    <member refid="d4/d74/class_sekander_1_1_game_world_1a8b5e8a9e12e49fcd66361a83837c2b30" kind="variable"><name>counter</name></member>
    <member refid="d4/d74/class_sekander_1_1_game_world_1a0253519bdc4bb36ae9b1c835ecdcedc6" kind="variable"><name>input_counter</name></member>
    <member refid="d4/d74/class_sekander_1_1_game_world_1ad6495d2d0423201c931a147682104417" kind="variable"><name>m_OnFloor</name></member>
    <member refid="d4/d74/class_sekander_1_1_game_world_1a2392a1e2b5d6ff4fb352144bf426ae45" kind="variable"><name>m_In_the_Air</name></member>
    <member refid="d4/d74/class_sekander_1_1_game_world_1af884f2489e4a94f95679906932bc0119" kind="variable"><name>_data</name></member>
    <member refid="d4/d74/class_sekander_1_1_game_world_1ab15d5f24af33963d1508f31a9b8cb49e" kind="variable"><name>_playerSprite</name></member>
    <member refid="d4/d74/class_sekander_1_1_game_world_1a5893d4895ff1674d8681216ed8ad7258" kind="variable"><name>_animationIterator</name></member>
    <member refid="d4/d74/class_sekander_1_1_game_world_1ace73eff11891a3cbfce71ec1de85f8eb" kind="variable"><name>_key</name></member>
    <member refid="d4/d74/class_sekander_1_1_game_world_1a825ceb9a0d457b4a8e75d16094ee1c8b" kind="variable"><name>_clock</name></member>
    <member refid="d4/d74/class_sekander_1_1_game_world_1abd93d7c6c2b733c5d0a78ea051886fe9" kind="variable"><name>_playerRect</name></member>
    <member refid="d4/d74/class_sekander_1_1_game_world_1a76785ebd5e10d598db14dd1a338172bd" kind="variable"><name>_playerState</name></member>
    <member refid="d4/d74/class_sekander_1_1_game_world_1a2a23ea4e9dce3bdeee4ce38e2a8a7122" kind="variable"><name>source</name></member>
    <member refid="d4/d74/class_sekander_1_1_game_world_1ae71b1a8c967f13881b54f2fee9d3ce3e" kind="variable"><name>_sprite_WIDTH</name></member>
    <member refid="d4/d74/class_sekander_1_1_game_world_1af8466397055debb51fbdd1c2808af51f" kind="variable"><name>_sprite_HEIGHT</name></member>
    <member refid="d4/d74/class_sekander_1_1_game_world_1a7aa72bbfd5f1b4f7ab04c819b815f7be" kind="variable"><name>_sprite_X_FRAMES</name></member>
    <member refid="d4/d74/class_sekander_1_1_game_world_1a55975c2cb042a079708c204ff24695d6" kind="variable"><name>_sprite_Y_FRAMES</name></member>
    <member refid="d4/d74/class_sekander_1_1_game_world_1a3b4e98fc1c72a8d126f58fc1d65267bf" kind="variable"><name>_sprite_X_POS</name></member>
    <member refid="d4/d74/class_sekander_1_1_game_world_1ac9cee04f7adc8cca928b1fb166c2bac5" kind="variable"><name>_sprite_Y_POS</name></member>
    <member refid="d4/d74/class_sekander_1_1_game_world_1a0797c51490bfc5a53b8effac8f195a65" kind="variable"><name>polygonShape</name></member>
    <member refid="d4/d74/class_sekander_1_1_game_world_1a3efbbb851ccda6cc754ae5a567a6215a" kind="variable"><name>poly</name></member>
    <member refid="d4/d74/class_sekander_1_1_game_world_1a2ceefac22fc6906e1522abf7ca0be576" kind="variable"><name>player</name></member>
    <member refid="d4/d74/class_sekander_1_1_game_world_1ad95a5d205f8b25013916ceec88710042" kind="variable"><name>bullet</name></member>
    <member refid="d4/d74/class_sekander_1_1_game_world_1ae9290e904834fca5fa209a6bddb53bd6" kind="variable"><name>enemy</name></member>
    <member refid="d4/d74/class_sekander_1_1_game_world_1a9267f9cb0e1678b46196ab8bef1de654" kind="variable"><name>floor</name></member>
    <member refid="d4/d74/class_sekander_1_1_game_world_1a0a67f9a7d37aa2aaa03e1a66a46119e8" kind="variable"><name>wall</name></member>
    <member refid="d4/d74/class_sekander_1_1_game_world_1a4eba015ae47c7e54c545a874906be1c1" kind="function"><name>GameWorld</name></member>
    <member refid="d4/d74/class_sekander_1_1_game_world_1a3d57a6627443dcb871f2cc44dd8c5be6" kind="function"><name>GameWorld</name></member>
    <member refid="d4/d74/class_sekander_1_1_game_world_1a7e626b7986bea0d59a262aac5f47f0cd" kind="function"><name>GameWorld</name></member>
    <member refid="d4/d74/class_sekander_1_1_game_world_1aefbdb2473bee50c10a5380e7a6892a60" kind="function"><name>Draw</name></member>
    <member refid="d4/d74/class_sekander_1_1_game_world_1ad5c3fd7f0c1347d393df075cea46177e" kind="function"><name>Animate</name></member>
    <member refid="d4/d74/class_sekander_1_1_game_world_1aa736a4234102bbdbc87dbeb8726d2ce8" kind="function"><name>Animate</name></member>
    <member refid="d4/d74/class_sekander_1_1_game_world_1a827c7077336d604dd4854196cc6be334" kind="function"><name>Update</name></member>
    <member refid="d4/d74/class_sekander_1_1_game_world_1a0d0376040dc0171aecdbb5b618741b8b" kind="function"><name>checkKEYPRESS</name></member>
    <member refid="d4/d74/class_sekander_1_1_game_world_1a543c52aad77747a2f34b5927041ac905" kind="function"><name>pressure_sensitive_KEY_PRESS</name></member>
    <member refid="d4/d74/class_sekander_1_1_game_world_1a658b6f36a3476b2b8ef0f69a2f0ceac3" kind="function"><name>StartAnimation</name></member>
    <member refid="d4/d74/class_sekander_1_1_game_world_1a1a6c95bf62b4ebb4a9269ebe4ef8ec8b" kind="function"><name>StopAnimation</name></member>
    <member refid="d4/d74/class_sekander_1_1_game_world_1a38ce97f68d23c6592bc84971db21354f" kind="function"><name>SetPlayerState</name></member>
    <member refid="d4/d74/class_sekander_1_1_game_world_1ac8b727f77781b0ebeafb3b541bf17a67" kind="function"><name>GetSprite</name></member>
    <member refid="d4/d74/class_sekander_1_1_game_world_1a8b21f915363199319728a893715d684d" kind="function"><name>retrieveData</name></member>
    <member refid="d4/d74/class_sekander_1_1_game_world_1aaa990ab4fb0cc708a7f12ec798ba90ef" kind="function"><name>Set_Y_Frame</name></member>
    <member refid="d4/d74/class_sekander_1_1_game_world_1a060069f1527245efc49cc4bae9306c8d" kind="function"><name>return_entity_rect</name></member>
  </compound>
  <compound refid="d1/d17/class_sekander_1_1_gun" kind="class"><name>Sekander::Gun</name>
    <member refid="d1/d17/class_sekander_1_1_gun_1a95137d634392845be958b7ce8bdfa1df" kind="variable"><name>_data</name></member>
    <member refid="d1/d17/class_sekander_1_1_gun_1a810e56bc82557e745baba8ae9179fe5e" kind="variable"><name>m_key</name></member>
    <member refid="d1/d17/class_sekander_1_1_gun_1a99a1490de874927b69abc0949954a7f5" kind="variable"><name>m_sprite_X_POS</name></member>
    <member refid="d1/d17/class_sekander_1_1_gun_1a792041894089eece8cdaf689260c90f1" kind="variable"><name>m_sprite_Y_POS</name></member>
    <member refid="d1/d17/class_sekander_1_1_gun_1a6e3c2771562a84475c4d596b20388ffa" kind="variable"><name>m_trigger_press</name></member>
    <member refid="d1/d17/class_sekander_1_1_gun_1a4f70959df2c1742c569d041a40bbc182" kind="variable"><name>m_gun_direction_rightwards</name></member>
    <member refid="d1/d17/class_sekander_1_1_gun_1ab8f736dba3a7a589a3f11866e190f46e" kind="variable"><name>m_gun_direction_backwards</name></member>
    <member refid="d1/d17/class_sekander_1_1_gun_1ac91796b5d957ca80618c363e191d5e04" kind="variable"><name>m_gun_direction_upwards</name></member>
    <member refid="d1/d17/class_sekander_1_1_gun_1ae45d67071fd9e59cf8d94723fb6cccc2" kind="variable"><name>m_gun_direction_downwards</name></member>
    <member refid="d1/d17/class_sekander_1_1_gun_1a58b9c611d278ddc0b3b1b0588a405bb1" kind="variable"><name>delay</name></member>
    <member refid="d1/d17/class_sekander_1_1_gun_1a97504b1f4030588c0bca071134d3d891" kind="variable"><name>bullet_counter</name></member>
    <member refid="d1/d17/class_sekander_1_1_gun_1aed128870319529784cca7bc1d11090d2" kind="variable"><name>dead_gun</name></member>
    <member refid="d1/d17/class_sekander_1_1_gun_1a576c17046ba8d7bfca10333695668302" kind="function"><name>Gun</name></member>
    <member refid="d1/d17/class_sekander_1_1_gun_1a0027f58d8ff9eb4b97bd48c5af3aa3f0" kind="function"><name>Gun</name></member>
    <member refid="d1/d17/class_sekander_1_1_gun_1aced0361bd919bc1221e55d06e8293a88" kind="function"><name>SetOrigin</name></member>
    <member refid="d1/d17/class_sekander_1_1_gun_1a748d795cb18ae0fe6ecc6cb4f5841273" kind="function"><name>Shoot_Gun</name></member>
    <member refid="d1/d17/class_sekander_1_1_gun_1a82e57bc14df7f3a92721c79a761435f6" kind="function"><name>Shoot_Gun</name></member>
    <member refid="d1/d17/class_sekander_1_1_gun_1aad6f4af76435694e0115bb1d702707bd" kind="function"><name>Shoot_Gun</name></member>
    <member refid="d1/d17/class_sekander_1_1_gun_1a3410d2e3352ec9cb6deb21deda8ff160" kind="function"><name>Shoot_Entities</name></member>
    <member refid="d1/d17/class_sekander_1_1_gun_1afe5f1919f2c56d662b7229dc1fe80d03" kind="function"><name>Get_X_POS</name></member>
    <member refid="d1/d17/class_sekander_1_1_gun_1a30d3329bf0e9ad440e999395d8a928ef" kind="function"><name>Get_Y_POS</name></member>
    <member refid="d1/d17/class_sekander_1_1_gun_1aa6f3101db896d88eb05d0c334b59507d" kind="function"><name>Set_X_POS</name></member>
    <member refid="d1/d17/class_sekander_1_1_gun_1a5bb1f6897ec05506c0076e4b39e6ebed" kind="function"><name>Set_Y_POS</name></member>
    <member refid="d1/d17/class_sekander_1_1_gun_1aabbbbdf814ee725561dd603f0d406c22" kind="function"><name>Set_Trigger</name></member>
    <member refid="d1/d17/class_sekander_1_1_gun_1ac508687c44a274755e4925abec758770" kind="function"><name>Set_Gun_Direction</name></member>
    <member refid="d1/d17/class_sekander_1_1_gun_1a83f0098d0ed7748787af13f108ed5d90" kind="function"><name>Set_Gun_UP_Direction</name></member>
    <member refid="d1/d17/class_sekander_1_1_gun_1a20b0be2d3c18d28141b7480c933cd370" kind="function"><name>Set_Gun_DOWN_Direction</name></member>
    <member refid="d1/d17/class_sekander_1_1_gun_1a7d2a8fefec4e64f6c56359738d7ec7c5" kind="function"><name>Get_key</name></member>
  </compound>
  <compound refid="d1/d6b/class_sekander_1_1_h_u_d" kind="class"><name>Sekander::HUD</name>
    <member refid="d1/d6b/class_sekander_1_1_h_u_d_1ae30ad06dbe535abf67b75b05c3297b94" kind="variable"><name>m_text</name></member>
    <member refid="d1/d6b/class_sekander_1_1_h_u_d_1a5658d67de64e63fc05a25c09a573e447" kind="variable"><name>_data</name></member>
    <member refid="d1/d6b/class_sekander_1_1_h_u_d_1a7f6f9251b486bfaf585805959e90bd67" kind="variable"><name>_scoreText</name></member>
    <member refid="d1/d6b/class_sekander_1_1_h_u_d_1a840582b62f83a28612a72c703b975ed2" kind="variable"><name>text</name></member>
    <member refid="d1/d6b/class_sekander_1_1_h_u_d_1a2687202d5a03a5058b3ac7e388fda66d" kind="variable"><name>m_clock_text</name></member>
    <member refid="d1/d6b/class_sekander_1_1_h_u_d_1a01751950ac1ddfb126acec810f4e947f" kind="variable"><name>test</name></member>
    <member refid="d1/d6b/class_sekander_1_1_h_u_d_1a73a39d3a2e8b5d648ce9ce738e48b172" kind="variable"><name>mytext</name></member>
    <member refid="d1/d6b/class_sekander_1_1_h_u_d_1a36e8acd746cc8528c579f9a443433f49" kind="function"><name>HUD</name></member>
    <member refid="d1/d6b/class_sekander_1_1_h_u_d_1adae59bd419e3efb72e52039025cc390d" kind="function"><name>setPositon</name></member>
    <member refid="d1/d6b/class_sekander_1_1_h_u_d_1a79da321cb1474c30707d744cf2598fda" kind="function"><name>Draw</name></member>
    <member refid="d1/d6b/class_sekander_1_1_h_u_d_1ad94d4fa9b5d08ee9b8759b581fd7bc00" kind="function"><name>Update</name></member>
    <member refid="d1/d6b/class_sekander_1_1_h_u_d_1a1acd603a773e2ccddb08d7e97a658a01" kind="function"><name>UpdateScore</name></member>
    <member refid="d1/d6b/class_sekander_1_1_h_u_d_1a485d26aab99f64815832644f0fba8057" kind="function"><name>Update_text</name></member>
  </compound>
  <compound refid="dc/dc5/class_sekander_1_1_input_manager" kind="class"><name>Sekander::InputManager</name>
    <member refid="dc/dc5/class_sekander_1_1_input_manager_1aea65e79014e4b92dbce7fefae50b0022" kind="variable"><name>_key</name></member>
    <member refid="dc/dc5/class_sekander_1_1_input_manager_1ab171e3428df1026155f91bbb49fe5a4a" kind="function"><name>InputManager</name></member>
    <member refid="dc/dc5/class_sekander_1_1_input_manager_1ade61718adb0fa9db1a428e3ce6332542" kind="function"><name>~InputManager</name></member>
    <member refid="dc/dc5/class_sekander_1_1_input_manager_1a45b7707b3c38d463a9624624a903a35a" kind="function"><name>IsSpriteClicked</name></member>
    <member refid="dc/dc5/class_sekander_1_1_input_manager_1a66707c739a6e5abc424aba01e6188eef" kind="function"><name>IsKeyPressed</name></member>
    <member refid="dc/dc5/class_sekander_1_1_input_manager_1a6e246fd32b5006e4e5097bbf9dcaea4c" kind="function"><name>GetMousePosition</name></member>
  </compound>
  <compound refid="db/d78/class_sekander_1_1_loading_game_objects" kind="class"><name>Sekander::LoadingGameObjects</name>
    <member refid="db/d78/class_sekander_1_1_loading_game_objects_1aca591b6946d7a71698a91bf97de00f4b" kind="variable"><name>_data</name></member>
    <member refid="db/d78/class_sekander_1_1_loading_game_objects_1a7308de0739e761a8b95d300096ee56e1" kind="variable"><name>_gameObjects</name></member>
    <member refid="db/d78/class_sekander_1_1_loading_game_objects_1accf2f7af898259f2108ef8acc748ac75" kind="variable"><name>_playerObjects</name></member>
    <member refid="db/d78/class_sekander_1_1_loading_game_objects_1a6881e7f0dd40a50a243838f59e2b076d" kind="variable"><name>_bullet_s</name></member>
    <member refid="db/d78/class_sekander_1_1_loading_game_objects_1a566b3d1ff614edae05d037a1f44da254" kind="variable"><name>enemy_bullet_s</name></member>
    <member refid="db/d78/class_sekander_1_1_loading_game_objects_1aeedf5c8a6d95e2d67f493c6a342d1550" kind="variable"><name>_gun_Objects</name></member>
    <member refid="db/d78/class_sekander_1_1_loading_game_objects_1a806a9fe60a9609ccf5b44c9177636074" kind="variable"><name>_enemy_Objects</name></member>
    <member refid="db/d78/class_sekander_1_1_loading_game_objects_1a27952bf7b7b386de19cad86546823db1" kind="variable"><name>_sprite_Objects</name></member>
    <member refid="db/d78/class_sekander_1_1_loading_game_objects_1ae76b503bf88d7696f1a55c38a20f6d01" kind="variable"><name>mm_sprite_Objects</name></member>
    <member refid="db/d78/class_sekander_1_1_loading_game_objects_1a0c211dbd79d70d20408c7c8eccf9d013" kind="variable"><name>sfe</name></member>
    <member refid="db/d78/class_sekander_1_1_loading_game_objects_1ace89ee79603f4375a65ff4503b18b532" kind="variable"><name>some</name></member>
    <member refid="db/d78/class_sekander_1_1_loading_game_objects_1a6148502878e84a5b56a22aa2916a4e3e" kind="variable"><name>bullets</name></member>
    <member refid="db/d78/class_sekander_1_1_loading_game_objects_1a14e02163016d771d35045b3ee995a7c0" kind="variable"><name>debug</name></member>
    <member refid="db/d78/class_sekander_1_1_loading_game_objects_1afeb8ddb9d082cf4187bbe71d0995e4ef" kind="variable"><name>_fileName</name></member>
    <member refid="db/d78/class_sekander_1_1_loading_game_objects_1a05bf4cf5351ede9b00a3c161576c82f1" kind="function"><name>LoadingGameObjects</name></member>
    <member refid="db/d78/class_sekander_1_1_loading_game_objects_1ac0a7e1349776ee6cb266f3c3c8cae4ba" kind="function"><name>~LoadingGameObjects</name></member>
    <member refid="db/d78/class_sekander_1_1_loading_game_objects_1a01a3bccc8f858e5cb35d18b58602f3ac" kind="function"><name>Load_XML_SPLASH_SCREEN</name></member>
    <member refid="db/d78/class_sekander_1_1_loading_game_objects_1ad798b8479b0138f04196e398ab2e2d67" kind="function"><name>Load_XML_MENU_SCREEN</name></member>
    <member refid="db/d78/class_sekander_1_1_loading_game_objects_1a1d4c40b9fe4b0608fd8d40182d37b6d5" kind="function"><name>Load_XML_PLAY_SCREEN</name></member>
    <member refid="db/d78/class_sekander_1_1_loading_game_objects_1a9b1a1dfecbed28a4eef90aa53953cbde" kind="function"><name>Load_XML_GAME_OVER_SCREEN</name></member>
    <member refid="db/d78/class_sekander_1_1_loading_game_objects_1a5b665e8cfe17852dad38dd8231004d62" kind="function"><name>Update</name></member>
    <member refid="db/d78/class_sekander_1_1_loading_game_objects_1a489930b1251e3303e1c0d5e7aa90136d" kind="function"><name>Get</name></member>
    <member refid="db/d78/class_sekander_1_1_loading_game_objects_1a6cc5ff99c7f8853a0bb5d002f130ed2d" kind="function"><name>Get_PLAYER</name></member>
    <member refid="db/d78/class_sekander_1_1_loading_game_objects_1ae13ea38a08bb58ac90279418aac58600" kind="function"><name>ListAllGameObjects</name></member>
    <member refid="db/d78/class_sekander_1_1_loading_game_objects_1a125ca9c8cac46cc560381b786c3f86db" kind="function"><name>Get_Game_objects_Map</name></member>
    <member refid="db/d78/class_sekander_1_1_loading_game_objects_1aeac145a3df0eceb2a1027bff2f728fc6" kind="function"><name>Get_Player_Map</name></member>
    <member refid="db/d78/class_sekander_1_1_loading_game_objects_1a3173568a7e1e21aa78386ea3970f6a24" kind="function"><name>Get_Bullet_Map</name></member>
    <member refid="db/d78/class_sekander_1_1_loading_game_objects_1abeeacd829bfa8a795d5599d15f9df98c" kind="function"><name>Get_Enemy_Bullet_Map</name></member>
    <member refid="db/d78/class_sekander_1_1_loading_game_objects_1aa62023ca73933c5684fd94221cfff0c2" kind="function"><name>Get_Gun_Map</name></member>
    <member refid="db/d78/class_sekander_1_1_loading_game_objects_1a380d17caeefca095fa9166e6426a9cef" kind="function"><name>Get_Sprie_Map</name></member>
    <member refid="db/d78/class_sekander_1_1_loading_game_objects_1a18713ee19900d800be09c3a6c095b7e1" kind="function"><name>sdGet_Sprie_Map</name></member>
    <member refid="db/d78/class_sekander_1_1_loading_game_objects_1abdcfac6303e21fe0ebf74c645a087dfc" kind="function"><name>Get_Enemy_Map</name></member>
    <member refid="db/d78/class_sekander_1_1_loading_game_objects_1a87c64fc0bc77941f9753e7813e623075" kind="function"><name>populate_bullets</name></member>
    <member refid="db/d78/class_sekander_1_1_loading_game_objects_1ae0c8e87b730092dd7129cb9edae07aca" kind="function"><name>populate_enemy_bullets</name></member>
  </compound>
  <compound refid="d1/da1/class_sekander_1_1_main___player" kind="class"><name>Sekander::Main_Player</name>
    <member refid="d1/da1/class_sekander_1_1_main___player_1af8df5e326eb1b6fc0d6d55272b2777c4" kind="variable"><name>world</name></member>
    <member refid="d1/da1/class_sekander_1_1_main___player_1ab1cbaca430daaf9032034f057cc34684" kind="variable"><name>count</name></member>
    <member refid="d1/da1/class_sekander_1_1_main___player_1af1dd80ff5a526e7f46b53ad6b10d3b64" kind="variable"><name>m_touching_floor</name></member>
    <member refid="d1/da1/class_sekander_1_1_main___player_1a795f1a418617738a2732df46747fc1ab" kind="variable"><name>_animationIterator</name></member>
    <member refid="d1/da1/class_sekander_1_1_main___player_1a02b244af7c3da401d40b6793f78ebd30" kind="variable"><name>counter</name></member>
    <member refid="d1/da1/class_sekander_1_1_main___player_1a693be2cc7848f8887f8b30e9c84158f8" kind="variable"><name>jet_fuel</name></member>
    <member refid="d1/da1/class_sekander_1_1_main___player_1aee32dcab4db0b7b79aa812dd2947022d" kind="variable"><name>_clock</name></member>
    <member refid="d1/da1/class_sekander_1_1_main___player_1abf3ac1a3614799b6361d1e2676b13144" kind="variable"><name>_time</name></member>
    <member refid="d1/da1/class_sekander_1_1_main___player_1a3a69070e71c8c0dafeb24763875697a9" kind="variable"><name>_playerRect</name></member>
    <member refid="d1/da1/class_sekander_1_1_main___player_1ab103c1a0eda92b779b5df40d40ad38a3" kind="variable"><name>_data</name></member>
    <member refid="d1/da1/class_sekander_1_1_main___player_1a33cc5e2d4e6462a9de31fc2cddeb946b" kind="variable"><name>m_key</name></member>
    <member refid="d1/da1/class_sekander_1_1_main___player_1a47403c71e431a9b99d6f32fb62d2becb" kind="variable"><name>m_source_x</name></member>
    <member refid="d1/da1/class_sekander_1_1_main___player_1ac4b907b68f4a7eb0b52d4b9ae82ef0e8" kind="variable"><name>m_source_y</name></member>
    <member refid="d1/da1/class_sekander_1_1_main___player_1a922780a2bd4eb58f98b8db35cb1fda64" kind="variable"><name>m_sprite_WIDTH</name></member>
    <member refid="d1/da1/class_sekander_1_1_main___player_1ad5c2af058f12023fbc614fe0ee6a08bc" kind="variable"><name>m_sprite_HEIGHT</name></member>
    <member refid="d1/da1/class_sekander_1_1_main___player_1a64bcbd5f0670d0e09dc50da88bbdf17e" kind="variable"><name>m_sprite_X_FRAME</name></member>
    <member refid="d1/da1/class_sekander_1_1_main___player_1a0228218bfc278df504c0e11635b6b247" kind="variable"><name>m_sprite_Y_FRAME</name></member>
    <member refid="d1/da1/class_sekander_1_1_main___player_1a1bb12bb0093d4875f616d35b64c0c576" kind="variable"><name>m_sprite_X_POS</name></member>
    <member refid="d1/da1/class_sekander_1_1_main___player_1acd6d8d9cb64e2e64c9c68fdb8a39bc73" kind="variable"><name>m_sprite_Y_POS</name></member>
    <member refid="d1/da1/class_sekander_1_1_main___player_1ad384003a5eb6bf3a4afda4652183e79c" kind="variable"><name>m_sprite_ANGLE</name></member>
    <member refid="d1/da1/class_sekander_1_1_main___player_1a9b05bc050c0ad2dbb0e2e5d6996437ad" kind="variable"><name>m_trigger_Press</name></member>
    <member refid="d1/da1/class_sekander_1_1_main___player_1a8c09a161746d48aa23a36908eed1241a" kind="variable"><name>m_am_I_backwards</name></member>
    <member refid="d1/da1/class_sekander_1_1_main___player_1a1a46f90029272d60ea9eb202f37a3ede" kind="variable"><name>press_twice</name></member>
    <member refid="d1/da1/class_sekander_1_1_main___player_1a141ff14ce7f44cd84c1a1d93bcbb49da" kind="variable"><name>can_i_jump</name></member>
    <member refid="d1/da1/class_sekander_1_1_main___player_1ac41d33583f05af81a3f6ec42c7925963" kind="variable"><name>m_health</name></member>
    <member refid="d1/da1/class_sekander_1_1_main___player_1afed990c3a89e6fcbe322d814d3fa1ea1" kind="variable"><name>m_health_text</name></member>
    <member refid="d1/da1/class_sekander_1_1_main___player_1ad8964a5a09d1f3f7812138ac1a9d1123" kind="variable"><name>m_jet_fuel_text</name></member>
    <member refid="d1/da1/class_sekander_1_1_main___player_1a6a06633c43751684ebdf31dc6a261c38" kind="variable"><name>capture_time</name></member>
    <member refid="d1/da1/class_sekander_1_1_main___player_1a1d1774274c0cd58f973b56113d8539cf" kind="variable"><name>gun_clock</name></member>
    <member refid="d1/da1/class_sekander_1_1_main___player_1a0cfd9e7c3c8b23dd2051c93ae3ea23c6" kind="variable"><name>time_g</name></member>
    <member refid="d1/da1/class_sekander_1_1_main___player_1a3db6385e3bff1d503b9305dd51952371" kind="function"><name>Main_Player</name></member>
    <member refid="d1/da1/class_sekander_1_1_main___player_1ad4c368b23e2e27a965a71dd5b5a9b8ba" kind="function"><name>Main_Player</name></member>
    <member refid="d1/da1/class_sekander_1_1_main___player_1a5d37beaabf93f7c5b01578334da246a2" kind="function"><name>Jump</name></member>
    <member refid="d1/da1/class_sekander_1_1_main___player_1af62bb952d58130e6c79bf033c183df20" kind="function"><name>DoubleJump</name></member>
    <member refid="d1/da1/class_sekander_1_1_main___player_1aaa5aa69d0e4947e24d3ea326f7142bc5" kind="function"><name>MoverUp</name></member>
    <member refid="d1/da1/class_sekander_1_1_main___player_1a72cd2d23a9d43627df23bf791d5fe08c" kind="function"><name>MoverDown</name></member>
    <member refid="d1/da1/class_sekander_1_1_main___player_1a5207bda5738aefb2d905170545f6e373" kind="function"><name>MoverRigtht</name></member>
    <member refid="d1/da1/class_sekander_1_1_main___player_1a2745801e5bd672d995a5fda6046535e4" kind="function"><name>Dash</name></member>
    <member refid="d1/da1/class_sekander_1_1_main___player_1a6fa31e322512055913aa49032761f2c6" kind="function"><name>Shooting</name></member>
    <member refid="d1/da1/class_sekander_1_1_main___player_1a870cb1809cf55fa050558d40c2d6f487" kind="function"><name>NU_Shooting</name></member>
    <member refid="d1/da1/class_sekander_1_1_main___player_1a65ef67033301fad1550350ee12ae32d3" kind="function"><name>MoverLeft</name></member>
    <member refid="d1/da1/class_sekander_1_1_main___player_1ac11f979e3ea8f386e0997336670e740b" kind="function"><name>Camera</name></member>
    <member refid="d1/da1/class_sekander_1_1_main___player_1aa2903bcbdbbc88119626429a882b7ab0" kind="function"><name>Shooting</name></member>
    <member refid="d1/da1/class_sekander_1_1_main___player_1aba0b538754bced9c11d7628d0a5096dd" kind="function"><name>PickUpGun</name></member>
    <member refid="d1/da1/class_sekander_1_1_main___player_1ae274e228df0f1d40f87e7bf4c83c5c89" kind="function"><name>Update</name></member>
    <member refid="d1/da1/class_sekander_1_1_main___player_1a2db8b47f870a130057f550d7edeca43b" kind="function"><name>Draw</name></member>
    <member refid="d1/da1/class_sekander_1_1_main___player_1a8d52cc440a3fb8794354930c56cff539" kind="function"><name>Player_t00k_damange</name></member>
    <member refid="d1/da1/class_sekander_1_1_main___player_1af7c8219ebab4cfcfaac1249dd483315c" kind="function"><name>Player_get_velocity_Y</name></member>
    <member refid="d1/da1/class_sekander_1_1_main___player_1a8177402b385700b10772b069e5b94913" kind="function"><name>GetPosition</name></member>
    <member refid="d1/da1/class_sekander_1_1_main___player_1aa204098b85f3075555557e167ab87f82" kind="function"><name>CheckCollision</name></member>
    <member refid="d1/da1/class_sekander_1_1_main___player_1a0da136e5dceaffa007560dbb08784d69" kind="function"><name>GetHealth</name></member>
  </compound>
  <compound refid="dd/d9d/class_sekander_1_1_main_menu_state" kind="class"><name>Sekander::MainMenuState</name>
    <member refid="dd/d9d/class_sekander_1_1_main_menu_state_1a531c88f2e6cc0645a0884a838c821ebc" kind="variable"><name>_data</name></member>
    <member refid="dd/d9d/class_sekander_1_1_main_menu_state_1a6a325d1ce58ad153f8647cf415968e50" kind="variable"><name>_clock</name></member>
    <member refid="dd/d9d/class_sekander_1_1_main_menu_state_1a4397a65b30ddc70f19fb7cb5eef95b40" kind="variable"><name>_background</name></member>
    <member refid="dd/d9d/class_sekander_1_1_main_menu_state_1ab8a4eec1c1100bed373e648a0659d26c" kind="variable"><name>_title</name></member>
    <member refid="dd/d9d/class_sekander_1_1_main_menu_state_1a0283163c03392b1f056e682885822568" kind="variable"><name>_playButton</name></member>
    <member refid="dd/d9d/class_sekander_1_1_main_menu_state_1ab1dafb7e7d50beb5418e72334f81dabd" kind="variable"><name>xml_DOC</name></member>
    <member refid="dd/d9d/class_sekander_1_1_main_menu_state_1ac0847b104c1fcbfcf19c9216b453d34c" kind="variable"><name>ld</name></member>
    <member refid="dd/d9d/class_sekander_1_1_main_menu_state_1a9e445190379faaf2b2f7f8a97f55204d" kind="variable"><name>buffer</name></member>
    <member refid="dd/d9d/class_sekander_1_1_main_menu_state_1af764062a7f43fc388d4e687ab3dca3e5" kind="variable"><name>sound</name></member>
    <member refid="dd/d9d/class_sekander_1_1_main_menu_state_1afa67fe296f512954d3c571e2c238ebd0" kind="variable"><name>selection_rec</name></member>
    <member refid="dd/d9d/class_sekander_1_1_main_menu_state_1aca590f1c1e91223e5f783a93592f165c" kind="variable"><name>r</name></member>
    <member refid="dd/d9d/class_sekander_1_1_main_menu_state_1a8e13c8df7da479728bef75e72cf4fb29" kind="variable"><name>b</name></member>
    <member refid="dd/d9d/class_sekander_1_1_main_menu_state_1a8ee331bec9e89dcc67d231cf1c04bd83" kind="variable"><name>g</name></member>
    <member refid="dd/d9d/class_sekander_1_1_main_menu_state_1a1a25539301721a9ee12f71309d5a62f1" kind="variable"><name>play_button</name></member>
    <member refid="dd/d9d/class_sekander_1_1_main_menu_state_1a5ebf1c8d29ebdea2c6f527e0f37929c1" kind="variable"><name>seting_button</name></member>
    <member refid="dd/d9d/class_sekander_1_1_main_menu_state_1a96d6929e4627393d278b955fd1de5d33" kind="variable"><name>exit_button</name></member>
    <member refid="dd/d9d/class_sekander_1_1_main_menu_state_1afe1fb61b370c0c2e437af904d2529012" kind="variable"><name>two_PI</name></member>
    <member refid="dd/d9d/class_sekander_1_1_main_menu_state_1ac958e893ea737c7940d313d6c85d4f97" kind="variable"><name>amplitude</name></member>
    <member refid="dd/d9d/class_sekander_1_1_main_menu_state_1ad598c82514f10a946507387748488e92" kind="variable"><name>frequency</name></member>
    <member refid="dd/d9d/class_sekander_1_1_main_menu_state_1a0ecd1f7e9110bd75c802497ff59e2220" kind="variable"><name>k</name></member>
    <member refid="dd/d9d/class_sekander_1_1_main_menu_state_1a863c7ceaeacacb0176b025aacc2ac4dc" kind="variable"><name>y</name></member>
    <member refid="dd/d9d/class_sekander_1_1_main_menu_state_1a8f252e97a1df6804381dd900ec16d9ba" kind="variable"><name>x</name></member>
    <member refid="dd/d9d/class_sekander_1_1_main_menu_state_1a66dfd5262c9d2248e4dd4028b4a1b59e" kind="variable"><name>h</name></member>
    <member refid="dd/d9d/class_sekander_1_1_main_menu_state_1a31a95c62e0539845388ac18d68c51098" kind="variable"><name>n_point</name></member>
    <member refid="dd/d9d/class_sekander_1_1_main_menu_state_1ab4bc4a5922ecc10449370f3e7fa94d47" kind="variable"><name>window_rec</name></member>
    <member refid="dd/d9d/class_sekander_1_1_main_menu_state_1a9e090e4993c718debc56945b2921b751" kind="variable"><name>window_rec2</name></member>
    <member refid="dd/d9d/class_sekander_1_1_main_menu_state_1aa371caf0a47f5f6423236d0d33cccf22" kind="variable"><name>a</name></member>
    <member refid="dd/d9d/class_sekander_1_1_main_menu_state_1a6325eb8b3d56ee143f033ea897ff9bbd" kind="variable"><name>a_b</name></member>
    <member refid="dd/d9d/class_sekander_1_1_main_menu_state_1acea6e58d065065f4bc83b27f8b082a13" kind="variable"><name>_max</name></member>
    <member refid="dd/d9d/class_sekander_1_1_main_menu_state_1a186148721efc437af0da39d75ebe00c3" kind="variable"><name>fade_out</name></member>
    <member refid="dd/d9d/class_sekander_1_1_main_menu_state_1a6358c7103ad56cb05813567ab1d591ba" kind="function"><name>MainMenuState</name></member>
    <member refid="dd/d9d/class_sekander_1_1_main_menu_state_1aeeea19d38e84e2ed002a4b47d6d8885e" kind="function"><name>MainMenuState</name></member>
    <member refid="dd/d9d/class_sekander_1_1_main_menu_state_1a45ea852b4aa57ee6c6204da1262c5e91" kind="function"><name>Init</name></member>
    <member refid="dd/d9d/class_sekander_1_1_main_menu_state_1a960cd5207d1869e28d6388e267672397" kind="function"><name>HandleInput</name></member>
    <member refid="dd/d9d/class_sekander_1_1_main_menu_state_1aabbfda236df88eee953e3b88ca8e7631" kind="function"><name>Update</name></member>
    <member refid="dd/d9d/class_sekander_1_1_main_menu_state_1a18aceffe0c53cf90263c24665de379c1" kind="function"><name>Draw</name></member>
  </compound>
  <compound refid="db/d40/class_map_layer" kind="class"><name>MapLayer</name>
    <member refid="db/d40/class_map_layer_1a64011087426e436e3cb8374570378d68" kind="typedef"><name>TextureResource</name></member>
    <member refid="db/d40/class_map_layer_1af8d36b6ff112417b9d4f73a52e8859ae" kind="variable"><name>m_chunkSize</name></member>
    <member refid="db/d40/class_map_layer_1ae816f79d9d81eb7e9e207c00bbf41218" kind="variable"><name>m_chunkCount</name></member>
    <member refid="db/d40/class_map_layer_1a9863689eb080d27e7a99dea7c20aee41" kind="variable"><name>m_MapTileSize</name></member>
    <member refid="db/d40/class_map_layer_1a1e1ca5c4bedf393c1c85e2ced3bbf50a" kind="variable"><name>m_globalBounds</name></member>
    <member refid="db/d40/class_map_layer_1ad7cade67df5e55b3c6a960476e6d2cb9" kind="variable"><name>m_textureResource</name></member>
    <member refid="db/d40/class_map_layer_1a07e8acdbdfc63584a2b9276ca499ad70" kind="variable"><name>m_chunks</name></member>
    <member refid="db/d40/class_map_layer_1a74941b5479affea58ea8a3068770d430" kind="variable"><name>m_visibleChunks</name></member>
    <member refid="db/d40/class_map_layer_1ac1b9f1e3ba6d800abf508fa11490187b" kind="function"><name>MapLayer</name></member>
    <member refid="db/d40/class_map_layer_1a79858f9ee05242aa47ac680940e5ea74" kind="function"><name>~MapLayer</name></member>
    <member refid="db/d40/class_map_layer_1af323ddae8da169a64be1e0c216034397" kind="function"><name>MapLayer</name></member>
    <member refid="db/d40/class_map_layer_1af9ffb2975916c0954ecf834642cb04b0" kind="function"><name>operator=</name></member>
    <member refid="db/d40/class_map_layer_1ab0df69c31bcaa781305ffbabd5de2c93" kind="function"><name>getGlobalBounds</name></member>
    <member refid="db/d40/class_map_layer_1a1152792435a0fa6203f6c3a038b93778" kind="function"><name>setTile</name></member>
    <member refid="db/d40/class_map_layer_1a347375abb72832ea3362ba0d29898f30" kind="function"><name>getTile</name></member>
    <member refid="db/d40/class_map_layer_1a4dad5e08a823925292846664ce42657d" kind="function"><name>setColor</name></member>
    <member refid="db/d40/class_map_layer_1a6ecfbaf968ac9e6e4f814a30aa0c0f30" kind="function"><name>getColor</name></member>
    <member refid="db/d40/class_map_layer_1a0f7690e23ecfde7a7dc6629f9df65635" kind="function"><name>update</name></member>
    <member refid="db/d40/class_map_layer_1a48231e65a6adaabed3920045fabe4829" kind="function"><name>getChunkAndTransform</name></member>
    <member refid="db/d40/class_map_layer_1a853b2091fa76fabe4446797e0a01809a" kind="function"><name>createChunks</name></member>
    <member refid="db/d40/class_map_layer_1a6602d1d89676fa73ace9934f7b77c0c5" kind="function"><name>updateVisibility</name></member>
    <member refid="db/d40/class_map_layer_1a6a43405b98f14c3efbe02395c466c1e6" kind="function"><name>draw</name></member>
  </compound>
  <compound refid="db/da4/class_sekander_1_1_splash_state" kind="class"><name>Sekander::SplashState</name>
    <member refid="db/da4/class_sekander_1_1_splash_state_1a9b4c437b8381b964f3888a9c34c505b3" kind="variable"><name>_data</name></member>
    <member refid="db/da4/class_sekander_1_1_splash_state_1a3b2a0dfe9948b7ce7b0090fd3a4d45ae" kind="variable"><name>_xml_DOC</name></member>
    <member refid="db/da4/class_sekander_1_1_splash_state_1a536a6abd6bf7b25b13c643268e0cdc5f" kind="variable"><name>_clock</name></member>
    <member refid="db/da4/class_sekander_1_1_splash_state_1a138c6168e7a3f910ec07e5358d885d5f" kind="variable"><name>_background</name></member>
    <member refid="db/da4/class_sekander_1_1_splash_state_1a52b5e2e5c009568d86b8d04cab0f25eb" kind="variable"><name>ld</name></member>
    <member refid="db/da4/class_sekander_1_1_splash_state_1ab55b67506296306d1052be850eee455b" kind="variable"><name>buffer</name></member>
    <member refid="db/da4/class_sekander_1_1_splash_state_1a820828a38fcf1bafada569e889d5a779" kind="variable"><name>sound</name></member>
    <member refid="db/da4/class_sekander_1_1_splash_state_1a3522ebb11107475ddb6ab8b787b612b9" kind="variable"><name>window_rec</name></member>
    <member refid="db/da4/class_sekander_1_1_splash_state_1a1f4bf1010fbec5d0873b465c9e8dec7d" kind="variable"><name>window_rec2</name></member>
    <member refid="db/da4/class_sekander_1_1_splash_state_1a4d7ea7b0bddcdc29d96e08da7e2efbf4" kind="variable"><name>r</name></member>
    <member refid="db/da4/class_sekander_1_1_splash_state_1aab2a67735fa67169f0359c9d788e6555" kind="variable"><name>b</name></member>
    <member refid="db/da4/class_sekander_1_1_splash_state_1a20007b0dea253e377162ad99bd0e2c2b" kind="variable"><name>g</name></member>
    <member refid="db/da4/class_sekander_1_1_splash_state_1a4afa8ff30b6f644d71009aaeacbef7cc" kind="variable"><name>a</name></member>
    <member refid="db/da4/class_sekander_1_1_splash_state_1a71eb4ebad66f0d6b65d1aaac9dd394df" kind="variable"><name>a_b</name></member>
    <member refid="db/da4/class_sekander_1_1_splash_state_1a412b596a55aa117ae8b2ebc6c39450ec" kind="variable"><name>two_PI</name></member>
    <member refid="db/da4/class_sekander_1_1_splash_state_1aad2e0b38cdf830b13e042c69cd2e758b" kind="variable"><name>amplitude</name></member>
    <member refid="db/da4/class_sekander_1_1_splash_state_1a52681392f4d654d97af9504e8aa21aa0" kind="variable"><name>frequency</name></member>
    <member refid="db/da4/class_sekander_1_1_splash_state_1a9442aa523cd10d3bbf8bc3da82b310c0" kind="variable"><name>k</name></member>
    <member refid="db/da4/class_sekander_1_1_splash_state_1a6ae3a31d30343bb45aadef7966320668" kind="variable"><name>y</name></member>
    <member refid="db/da4/class_sekander_1_1_splash_state_1a5f21fde83d2389f995b64ab313716a09" kind="variable"><name>x</name></member>
    <member refid="db/da4/class_sekander_1_1_splash_state_1a98175bbd61d8dd4d74a813e5aada605d" kind="variable"><name>h</name></member>
    <member refid="db/da4/class_sekander_1_1_splash_state_1a0d393d6f228cd011e23dcec4723f327a" kind="variable"><name>n_point</name></member>
    <member refid="db/da4/class_sekander_1_1_splash_state_1ae06ef54f8cd627aee5ca845eea105e0a" kind="variable"><name>_max</name></member>
    <member refid="db/da4/class_sekander_1_1_splash_state_1ae341ef8552453a1d343dcad68de101b5" kind="function"><name>SplashState</name></member>
    <member refid="db/da4/class_sekander_1_1_splash_state_1aeb0bbd0553d10ed561166578b3fba993" kind="function"><name>SplashState</name></member>
    <member refid="db/da4/class_sekander_1_1_splash_state_1adefc71fa2623180deda8391d4e64b04c" kind="function"><name>Init</name></member>
    <member refid="db/da4/class_sekander_1_1_splash_state_1a70b45699149208c755d95d1ef3bdb202" kind="function"><name>HandleInput</name></member>
    <member refid="db/da4/class_sekander_1_1_splash_state_1ac7121b90b97b7d9cdb5774bdc0c6cc2d" kind="function"><name>Update</name></member>
    <member refid="db/da4/class_sekander_1_1_splash_state_1ad372f3712cd5d3207e44a50dc70bed46" kind="function"><name>Draw</name></member>
  </compound>
  <compound refid="dc/df0/class_sekander_1_1_state" kind="class"><name>Sekander::State</name>
    <member refid="dc/df0/class_sekander_1_1_state_1a171be4b77d4c13e01849b867bd3fa8f5" kind="function"><name>Init</name></member>
    <member refid="dc/df0/class_sekander_1_1_state_1ad55ae42f5887db5745fda9f2bd30aaa3" kind="function"><name>HandleInput</name></member>
    <member refid="dc/df0/class_sekander_1_1_state_1a08d49e399db6f68247f410f7fddc7963" kind="function"><name>Update</name></member>
    <member refid="dc/df0/class_sekander_1_1_state_1a6ae7c2de1985461232a3ad694ca736b5" kind="function"><name>Draw</name></member>
  </compound>
  <compound refid="d4/d51/class_sekander_1_1_state_machine" kind="class"><name>Sekander::StateMachine</name>
    <member refid="d4/d51/class_sekander_1_1_state_machine_1ad630d5fca511f5585824c279dbe11675" kind="variable"><name>_states</name></member>
    <member refid="d4/d51/class_sekander_1_1_state_machine_1ae2c7d92a467f5aeaade70977e31f82dc" kind="variable"><name>_newState</name></member>
    <member refid="d4/d51/class_sekander_1_1_state_machine_1a40f4cf3657cec4df76f71d28676faf62" kind="variable"><name>_isRemoving</name></member>
    <member refid="d4/d51/class_sekander_1_1_state_machine_1afa37f293d874e998209754a8b80c5ae4" kind="variable"><name>_isAdding</name></member>
    <member refid="d4/d51/class_sekander_1_1_state_machine_1a54e53566400e3097faf59d834b53fd21" kind="variable"><name>_isReplacing</name></member>
    <member refid="d4/d51/class_sekander_1_1_state_machine_1a6cfaf697fb22c18fb44c58577b63639d" kind="function"><name>StateMachine</name></member>
    <member refid="d4/d51/class_sekander_1_1_state_machine_1a886e7903bb1c77ba62ec43cc07059a75" kind="function"><name>~StateMachine</name></member>
    <member refid="d4/d51/class_sekander_1_1_state_machine_1aae2cbc1386cfe4e71d91474536ba25c8" kind="function"><name>AddState</name></member>
    <member refid="d4/d51/class_sekander_1_1_state_machine_1a96961de2424fde705186da0ccd3bac70" kind="function"><name>RemoveState</name></member>
    <member refid="d4/d51/class_sekander_1_1_state_machine_1ad8b749d452acc69abd7c6a64c3e74983" kind="function"><name>ProcessStateChanges</name></member>
    <member refid="d4/d51/class_sekander_1_1_state_machine_1ae1501a43739f33ae0739532b0f2737b1" kind="function"><name>GetActiveState</name></member>
  </compound>
  <compound refid="d8/df4/class_tile_map" kind="class"><name>TileMap</name>
    <member refid="d8/df4/class_tile_map_1a1070824d191a06562a31df73cbe7fe99" kind="variable"><name>m_vertices</name></member>
    <member refid="d8/df4/class_tile_map_1a8be6cb9e600cfd213ba6499aabbcc50b" kind="variable"><name>m_tileset</name></member>
    <member refid="d8/df4/class_tile_map_1a5bc3325e2382599c3f986ac64481e832" kind="function"><name>load</name></member>
    <member refid="d8/df4/class_tile_map_1a52562e9fb37f32fc482d7d64a2e48630" kind="function"><name>draw</name></member>
  </compound>
  <compound refid="d8/d6a/namespace_sekander" kind="namespace"><name>Sekander</name>
    <member refid="d8/d6a/namespace_sekander_1aed8eb219f4685b29738464e9f32c5d94" kind="enum"><name>shape_options</name></member>
    <member refid="d8/d6a/namespace_sekander_1aed8eb219f4685b29738464e9f32c5d94ae1827bea553b36ce0bbc7cddd6c57621" kind="enumvalue"><name>Square</name></member>
    <member refid="d8/d6a/namespace_sekander_1aed8eb219f4685b29738464e9f32c5d94acafcba9574f3415e8e9f6f194a6cb869" kind="enumvalue"><name>Circle</name></member>
    <member refid="d8/d6a/namespace_sekander_1a1d69b002ba2d23020901c28f0def5e16" kind="typedef"><name>GameDataRef</name></member>
    <member refid="d8/d6a/namespace_sekander_1a8503cedf9c863e9f6986eb29f2296f1a" kind="typedef"><name>StateRef</name></member>
    <member refid="d8/d6a/namespace_sekander_1a9abc849b0e833c5c6f3a8b33bdd3f763" kind="function"><name>callbackFunc</name></member>
  </compound>
  <compound refid="d4/dd0/namespacesf" kind="namespace"><name>sf</name>
  </compound>
  <compound refid="df/da4/_asset_manager_8cpp" kind="file"><name>AssetManager.cpp</name>
  </compound>
  <compound refid="d2/d03/_asset_manager_8hpp" kind="file"><name>AssetManager.hpp</name>
  </compound>
  <compound refid="d7/dcd/_bullet_8cpp" kind="file"><name>Bullet.cpp</name>
  </compound>
  <compound refid="d6/d65/_bullet_8hpp" kind="file"><name>Bullet.hpp</name>
  </compound>
  <compound refid="d2/df0/_button_8hpp" kind="file"><name>Button.hpp</name>
  </compound>
  <compound refid="df/d44/_d_e_f_i_n_i_t_i_o_n_s_8hpp" kind="file"><name>DEFINITIONS.hpp</name>
    <member refid="df/d44/_d_e_f_i_n_i_t_i_o_n_s_8hpp_1a2cd109632a6dcccaa80b43561b1ab700" kind="define"><name>SCREEN_WIDTH</name></member>
    <member refid="df/d44/_d_e_f_i_n_i_t_i_o_n_s_8hpp_1a6974d08a74da681b3957b2fead2608b8" kind="define"><name>SCREEN_HEIGHT</name></member>
    <member refid="df/d44/_d_e_f_i_n_i_t_i_o_n_s_8hpp_1a06d8261983af6a29c9587c55cf2481d4" kind="define"><name>SPLASH_STATE_SHOW_TIME</name></member>
    <member refid="df/d44/_d_e_f_i_n_i_t_i_o_n_s_8hpp_1a14e8e00fb25eb45538692a5455119938" kind="define"><name>SPLASH_SCENE_BACKGROUND_FILEPATH</name></member>
    <member refid="df/d44/_d_e_f_i_n_i_t_i_o_n_s_8hpp_1a04cda72602d3ae59216d8aff93ea9b6a" kind="define"><name>MAIN_MENU_BACKGROUND_FILEPATH</name></member>
    <member refid="df/d44/_d_e_f_i_n_i_t_i_o_n_s_8hpp_1a1811efff299e4d80a481decf69ded942" kind="define"><name>GAME_BACKGROUND_FILEPATH</name></member>
    <member refid="df/d44/_d_e_f_i_n_i_t_i_o_n_s_8hpp_1a3d379e9e10cc6055a70e14d69e1a6c43" kind="define"><name>GAME_OVER_BACKGROUND_FILEPATH</name></member>
    <member refid="df/d44/_d_e_f_i_n_i_t_i_o_n_s_8hpp_1a3f1861b2f2234d76b769a649afe4e434" kind="define"><name>GAME_TITLE_FILEPATH</name></member>
    <member refid="df/d44/_d_e_f_i_n_i_t_i_o_n_s_8hpp_1ae522dd0ecdf21fe585e5b033e78b019f" kind="define"><name>PLAY_BUTTON_FILEPATH</name></member>
    <member refid="df/d44/_d_e_f_i_n_i_t_i_o_n_s_8hpp_1a6b473f341c95c363b0eb421ce153414f" kind="define"><name>PIPE_UP_FILEPATH</name></member>
    <member refid="df/d44/_d_e_f_i_n_i_t_i_o_n_s_8hpp_1aeb5574e86ebb961f809fb421580d4cd3" kind="define"><name>PIPE_DOWN_FILEPATH</name></member>
    <member refid="df/d44/_d_e_f_i_n_i_t_i_o_n_s_8hpp_1ad4c6bcb54d444dfa2e1956afd21f6cba" kind="define"><name>PIPE_SCORING_FILEPATH</name></member>
    <member refid="df/d44/_d_e_f_i_n_i_t_i_o_n_s_8hpp_1a6af39d3bc891a2319bef3927d6bd5091" kind="define"><name>HIGH_SCORE_FILEPATH</name></member>
    <member refid="df/d44/_d_e_f_i_n_i_t_i_o_n_s_8hpp_1a726c2d9f0f49eb3ac24bcd5bea667d9c" kind="define"><name>LAND_FILEPATH</name></member>
    <member refid="df/d44/_d_e_f_i_n_i_t_i_o_n_s_8hpp_1a8e19282a32afb23d837abe54f69e7511" kind="define"><name>PIPE_MOVEMENT_SPPED</name></member>
    <member refid="df/d44/_d_e_f_i_n_i_t_i_o_n_s_8hpp_1a52dd4b47013f7da150546d76c2f8d159" kind="define"><name>PIPE_SPAWN_FREQUENCY</name></member>
    <member refid="df/d44/_d_e_f_i_n_i_t_i_o_n_s_8hpp_1afd42bce708882551989569c0601727d4" kind="define"><name>BIRD_FRAME_1_FIILEPATH</name></member>
    <member refid="df/d44/_d_e_f_i_n_i_t_i_o_n_s_8hpp_1ae790870144221367765c28196da08405" kind="define"><name>BIRD_FRAME_2_FIILEPATH</name></member>
    <member refid="df/d44/_d_e_f_i_n_i_t_i_o_n_s_8hpp_1abba75c936a4444d7915cc9f8ae208e6a" kind="define"><name>BIRD_FRAME_3_FIILEPATH</name></member>
    <member refid="df/d44/_d_e_f_i_n_i_t_i_o_n_s_8hpp_1a5fc7ac6aac5a5302a7722346dd7243e7" kind="define"><name>BIRD_FRAME_4_FIILEPATH</name></member>
    <member refid="df/d44/_d_e_f_i_n_i_t_i_o_n_s_8hpp_1ab3dfd2a14893371759479ac6ac57b159" kind="define"><name>PLAYER_FILEPATH</name></member>
    <member refid="df/d44/_d_e_f_i_n_i_t_i_o_n_s_8hpp_1aa8ed31a587192401b0614d619133ca6b" kind="define"><name>MAGIK_FILEPATH</name></member>
    <member refid="df/d44/_d_e_f_i_n_i_t_i_o_n_s_8hpp_1a70d3ca2da5f22b976b64e44a84efb7d9" kind="define"><name>FONT_FILEPATH</name></member>
    <member refid="df/d44/_d_e_f_i_n_i_t_i_o_n_s_8hpp_1ab406f792732179484ea303087b5e09b0" kind="define"><name>GAME_OVER_TITLE_FILEPATH</name></member>
    <member refid="df/d44/_d_e_f_i_n_i_t_i_o_n_s_8hpp_1a18f503e0e4436135f86f7c3a1f49acb9" kind="define"><name>GAME_OVER_BODY_FILEPATH</name></member>
    <member refid="df/d44/_d_e_f_i_n_i_t_i_o_n_s_8hpp_1ae4dd059e801b991d488e234492874af9" kind="define"><name>HIT_SOUND_FILEPATH</name></member>
    <member refid="df/d44/_d_e_f_i_n_i_t_i_o_n_s_8hpp_1a6396cc6dcf0b43f595061ccc6d0a3fc8" kind="define"><name>POINT_SOUND_FILEPATH</name></member>
    <member refid="df/d44/_d_e_f_i_n_i_t_i_o_n_s_8hpp_1a66fd1f4a51ae74fffc582a2b945ef0a5" kind="define"><name>WING_SOUND_FILEPATH</name></member>
    <member refid="df/d44/_d_e_f_i_n_i_t_i_o_n_s_8hpp_1a568d4bb6a0e4a40768c11ab561f607eb" kind="define"><name>BIRD_ANIMATION_DURATION</name></member>
    <member refid="df/d44/_d_e_f_i_n_i_t_i_o_n_s_8hpp_1a0bb93e4bcc4fa20ae7420e2e431eaa31" kind="define"><name>BIRD_STATE_STILL</name></member>
    <member refid="df/d44/_d_e_f_i_n_i_t_i_o_n_s_8hpp_1aeab9a0470159735954c0ba878d614746" kind="define"><name>BIRD_STATE_FALLING</name></member>
    <member refid="df/d44/_d_e_f_i_n_i_t_i_o_n_s_8hpp_1ad06cf05af0fa05c51ff78ac4b853293e" kind="define"><name>BIRD_STATE_FLYING</name></member>
    <member refid="df/d44/_d_e_f_i_n_i_t_i_o_n_s_8hpp_1a6801baa546c6112d19eb095111d24720" kind="define"><name>GRAVITY</name></member>
    <member refid="df/d44/_d_e_f_i_n_i_t_i_o_n_s_8hpp_1ad21551cb06a035460f5c8f64d833cee2" kind="define"><name>FLYING_SPEED</name></member>
    <member refid="df/d44/_d_e_f_i_n_i_t_i_o_n_s_8hpp_1a614aa38aee17fa248602bb4839f4821d" kind="define"><name>FLYING_DURATION</name></member>
    <member refid="df/d44/_d_e_f_i_n_i_t_i_o_n_s_8hpp_1a36867b302379cb0e4d90f9eff433212c" kind="define"><name>SPRITE_WIDTH</name></member>
    <member refid="df/d44/_d_e_f_i_n_i_t_i_o_n_s_8hpp_1a76f347c245a262bf164389951c1d185e" kind="define"><name>SPRITE_HEIGHT</name></member>
    <member refid="df/d44/_d_e_f_i_n_i_t_i_o_n_s_8hpp_1aa5845ccf3e16393ac0731a5d5a46a359" kind="define"><name>DIRECTION_Y_DOWN_INITAL</name></member>
    <member refid="df/d44/_d_e_f_i_n_i_t_i_o_n_s_8hpp_1af2dde0469b6f8f67be28d4ff1af37a32" kind="define"><name>DIRETION_Y_LEFT_INITAL</name></member>
    <member refid="df/d44/_d_e_f_i_n_i_t_i_o_n_s_8hpp_1a680549b56d8e550f167cbf4f49381324" kind="define"><name>DIRECTION_Y_RIGHT_INITAL</name></member>
    <member refid="df/d44/_d_e_f_i_n_i_t_i_o_n_s_8hpp_1ae39044b3eaa6771cb4f851ab28334bee" kind="define"><name>DIRECTION_Y_UP_INITAL</name></member>
    <member refid="df/d44/_d_e_f_i_n_i_t_i_o_n_s_8hpp_1af5619059410adc9da27da47d48bc0208" kind="define"><name>DIRECTION_X_DOWN_INITAL</name></member>
    <member refid="df/d44/_d_e_f_i_n_i_t_i_o_n_s_8hpp_1acd0fa0d6189393268560cdbe0977a20b" kind="define"><name>DIRECTION_X_LEFT_INITAL</name></member>
    <member refid="df/d44/_d_e_f_i_n_i_t_i_o_n_s_8hpp_1a5df2817928b9d616365d41716225855b" kind="define"><name>DIRECTION_X_RIGHT_INITAL</name></member>
    <member refid="df/d44/_d_e_f_i_n_i_t_i_o_n_s_8hpp_1a1654dbfe1ea5b669d521f299b32dcbb4" kind="define"><name>DIRECTION_X_UP_INITAL</name></member>
    <member refid="df/d44/_d_e_f_i_n_i_t_i_o_n_s_8hpp_1a59c1849a23db0716bc2c2de300c35f1a" kind="define"><name>X_FRAMES_1</name></member>
    <member refid="df/d44/_d_e_f_i_n_i_t_i_o_n_s_8hpp_1a47eae7a523c04d9836507102716e0281" kind="define"><name>X_FRAMES_2</name></member>
    <member refid="df/d44/_d_e_f_i_n_i_t_i_o_n_s_8hpp_1af9bdb6427c8fdc0a878037fcb2e163b5" kind="define"><name>X_FRAMES_3</name></member>
    <member refid="df/d44/_d_e_f_i_n_i_t_i_o_n_s_8hpp_1abbfb1b8e88373781c6238d647110f5d2" kind="define"><name>DEGTORAD</name></member>
    <member refid="df/d44/_d_e_f_i_n_i_t_i_o_n_s_8hpp_1a9fcbc53371e9a60b983c6b338537aa40" kind="define"><name>RADTODEG</name></member>
    <member refid="df/d44/_d_e_f_i_n_i_t_i_o_n_s_8hpp_1ab3c0e39118375eb14be39f35057eb94c" kind="define"><name>FLASH_SPEED</name></member>
    <member refid="df/d44/_d_e_f_i_n_i_t_i_o_n_s_8hpp_1a0b73c5aa67be999a8922f4ddfce6e4a9" kind="define"><name>TIME_BEFORE_GAME_OVER_APPEARS</name></member>
    <member refid="df/d44/_d_e_f_i_n_i_t_i_o_n_s_8hpp_1a680d333abdfd9a5053a12072f8364fe4" kind="enum"><name>Game_States</name></member>
    <member refid="df/d44/_d_e_f_i_n_i_t_i_o_n_s_8hpp_1a680d333abdfd9a5053a12072f8364fe4a79e0fbea0598e65a4789cdf35b8d7c52" kind="enumvalue"><name>e_Ready</name></member>
    <member refid="df/d44/_d_e_f_i_n_i_t_i_o_n_s_8hpp_1a680d333abdfd9a5053a12072f8364fe4ad1ce8495b35f97ab21085a7c0779376a" kind="enumvalue"><name>e_Playing</name></member>
    <member refid="df/d44/_d_e_f_i_n_i_t_i_o_n_s_8hpp_1a680d333abdfd9a5053a12072f8364fe4acd81b021f4bf6b2c062809783e227b59" kind="enumvalue"><name>e_GameOver</name></member>
  </compound>
  <compound refid="de/d34/_enemy_8cpp" kind="file"><name>Enemy.cpp</name>
  </compound>
  <compound refid="da/dda/_enemy_8hpp" kind="file"><name>Enemy.hpp</name>
  </compound>
  <compound refid="d9/ddd/entity_8cpp" kind="file"><name>entity.cpp</name>
  </compound>
  <compound refid="d8/d83/entity_8h" kind="file"><name>entity.h</name>
  </compound>
  <compound refid="db/dcd/entity__manager_8cpp" kind="file"><name>entity_manager.cpp</name>
  </compound>
  <compound refid="df/d8c/entity__manager_8h" kind="file"><name>entity_manager.h</name>
  </compound>
  <compound refid="d7/db5/_game_8cpp" kind="file"><name>Game.cpp</name>
  </compound>
  <compound refid="d2/d07/_game_8hpp" kind="file"><name>Game.hpp</name>
  </compound>
  <compound refid="d1/db6/_game_over_state_8cpp" kind="file"><name>GameOverState.cpp</name>
  </compound>
  <compound refid="d7/dd1/_game_over_state_8hpp" kind="file"><name>GameOverState.hpp</name>
  </compound>
  <compound refid="d7/d85/_game_state_8cpp" kind="file"><name>GameState.cpp</name>
  </compound>
  <compound refid="d2/d86/_game_state_8hpp" kind="file"><name>GameState.hpp</name>
  </compound>
  <compound refid="db/d7a/_game_world_8cpp" kind="file"><name>GameWorld.cpp</name>
  </compound>
  <compound refid="d4/db1/_game_world_8hpp" kind="file"><name>GameWorld.hpp</name>
  </compound>
  <compound refid="d7/d7e/_gun_8cpp" kind="file"><name>Gun.cpp</name>
  </compound>
  <compound refid="d0/d06/_gun_8hpp" kind="file"><name>Gun.hpp</name>
  </compound>
  <compound refid="d9/d2a/_h_u_d_8cpp" kind="file"><name>HUD.cpp</name>
  </compound>
  <compound refid="db/df6/_h_u_d_8hpp" kind="file"><name>HUD.hpp</name>
  </compound>
  <compound refid="d3/dee/_input_manager_8cpp" kind="file"><name>InputManager.cpp</name>
  </compound>
  <compound refid="dc/d9f/_input_manager_8hpp" kind="file"><name>InputManager.hpp</name>
  </compound>
  <compound refid="df/dec/_loading_game_objects_8cpp" kind="file"><name>LoadingGameObjects.cpp</name>
  </compound>
  <compound refid="db/db5/_loading_game_objects_8hpp" kind="file"><name>LoadingGameObjects.hpp</name>
  </compound>
  <compound refid="df/d0a/main_8cpp" kind="file"><name>main.cpp</name>
    <member refid="df/d0a/main_8cpp_1a0ddf1224851353fc92bfbff6f499fa97" kind="function"><name>main</name></member>
  </compound>
  <compound refid="d0/db2/_main___player_8cpp" kind="file"><name>Main_Player.cpp</name>
  </compound>
  <compound refid="dc/dea/_main___player_8hpp" kind="file"><name>Main_Player.hpp</name>
  </compound>
  <compound refid="df/d24/_main_menu_state_8cpp" kind="file"><name>MainMenuState.cpp</name>
  </compound>
  <compound refid="db/d83/_main_menu_state_8hpp" kind="file"><name>MainMenuState.hpp</name>
  </compound>
  <compound refid="d7/dd8/_s_f_m_l_orthogonal_layer_8hpp" kind="file"><name>SFMLOrthogonalLayer.hpp</name>
  </compound>
  <compound refid="da/dfb/_splash_state_8cpp" kind="file"><name>SplashState.cpp</name>
  </compound>
  <compound refid="d1/d76/_splash_state_8hpp" kind="file"><name>SplashState.hpp</name>
  </compound>
  <compound refid="d5/d5d/_state_8hpp" kind="file"><name>State.hpp</name>
  </compound>
  <compound refid="d7/d33/_state_machine_8cpp" kind="file"><name>StateMachine.cpp</name>
  </compound>
  <compound refid="d8/d91/_state_machine_8hpp" kind="file"><name>StateMachine.hpp</name>
  </compound>
  <compound refid="dd/d11/_tile_map_8hpp" kind="file"><name>TileMap.hpp</name>
  </compound>
</doxygenindex>
