<?xml version='1.0' encoding='UTF-8' standalone='no'?>
<doxygen xmlns:xsi="http://www.w3.org/2001/XMLSchema-instance" xsi:noNamespaceSchemaLocation="compound.xsd" version="1.9.2" xml:lang="en-US">
  <compounddef id="d4/d51/class_sekander_1_1_state_machine" kind="class" language="C++" prot="public">
    <compoundname>Sekander::StateMachine</compoundname>
    <includes refid="d8/d91/_state_machine_8hpp" local="no">StateMachine.hpp</includes>
      <sectiondef kind="private-attrib">
      <memberdef kind="variable" id="d4/d51/class_sekander_1_1_state_machine_1ad630d5fca511f5585824c279dbe11675" prot="private" static="no" mutable="no">
        <type>std::stack&lt; <ref refid="d8/d6a/namespace_sekander_1a8503cedf9c863e9f6986eb29f2296f1a" kindref="member">StateRef</ref> &gt;</type>
        <definition>std::stack&lt;StateRef&gt; Sekander::StateMachine::_states</definition>
        <argsstring></argsstring>
        <name>_states</name>
        <briefdescription>
        </briefdescription>
        <detaileddescription>
        </detaileddescription>
        <inbodydescription>
        </inbodydescription>
        <location file="StateMachine.hpp" line="41" column="12" bodyfile="StateMachine.hpp" bodystart="41" bodyend="-1"/>
      </memberdef>
      <memberdef kind="variable" id="d4/d51/class_sekander_1_1_state_machine_1ae2c7d92a467f5aeaade70977e31f82dc" prot="private" static="no" mutable="no">
        <type><ref refid="d8/d6a/namespace_sekander_1a8503cedf9c863e9f6986eb29f2296f1a" kindref="member">StateRef</ref></type>
        <definition>StateRef Sekander::StateMachine::_newState</definition>
        <argsstring></argsstring>
        <name>_newState</name>
        <briefdescription>
        </briefdescription>
        <detaileddescription>
        </detaileddescription>
        <inbodydescription>
        </inbodydescription>
        <location file="StateMachine.hpp" line="44" column="10" bodyfile="StateMachine.hpp" bodystart="44" bodyend="-1"/>
      </memberdef>
      <memberdef kind="variable" id="d4/d51/class_sekander_1_1_state_machine_1a40f4cf3657cec4df76f71d28676faf62" prot="private" static="no" mutable="no">
        <type>bool</type>
        <definition>bool Sekander::StateMachine::_isRemoving</definition>
        <argsstring></argsstring>
        <name>_isRemoving</name>
        <briefdescription>
        </briefdescription>
        <detaileddescription>
        </detaileddescription>
        <inbodydescription>
        </inbodydescription>
        <location file="StateMachine.hpp" line="49" column="6" bodyfile="StateMachine.hpp" bodystart="49" bodyend="-1"/>
      </memberdef>
      <memberdef kind="variable" id="d4/d51/class_sekander_1_1_state_machine_1afa37f293d874e998209754a8b80c5ae4" prot="private" static="no" mutable="no">
        <type>bool</type>
        <definition>bool Sekander::StateMachine::_isAdding</definition>
        <argsstring></argsstring>
        <name>_isAdding</name>
        <briefdescription>
        </briefdescription>
        <detaileddescription>
        </detaileddescription>
        <inbodydescription>
        </inbodydescription>
        <location file="StateMachine.hpp" line="50" column="6" bodyfile="StateMachine.hpp" bodystart="50" bodyend="-1"/>
      </memberdef>
      <memberdef kind="variable" id="d4/d51/class_sekander_1_1_state_machine_1a54e53566400e3097faf59d834b53fd21" prot="private" static="no" mutable="no">
        <type>bool</type>
        <definition>bool Sekander::StateMachine::_isReplacing</definition>
        <argsstring></argsstring>
        <name>_isReplacing</name>
        <briefdescription>
        </briefdescription>
        <detaileddescription>
        </detaileddescription>
        <inbodydescription>
        </inbodydescription>
        <location file="StateMachine.hpp" line="50" column="16" bodyfile="StateMachine.hpp" bodystart="50" bodyend="-1"/>
      </memberdef>
      </sectiondef>
      <sectiondef kind="public-func">
      <memberdef kind="function" id="d4/d51/class_sekander_1_1_state_machine_1a6cfaf697fb22c18fb44c58577b63639d" prot="public" static="no" const="no" explicit="no" inline="yes" virt="non-virtual">
        <type></type>
        <definition>Sekander::StateMachine::StateMachine</definition>
        <argsstring>()</argsstring>
        <name>StateMachine</name>
        <briefdescription>
        </briefdescription>
        <detaileddescription>
        </detaileddescription>
        <inbodydescription>
        </inbodydescription>
        <location file="StateMachine.hpp" line="19" column="1" bodyfile="StateMachine.hpp" bodystart="19" bodyend="19"/>
      </memberdef>
      <memberdef kind="function" id="d4/d51/class_sekander_1_1_state_machine_1a886e7903bb1c77ba62ec43cc07059a75" prot="public" static="no" const="no" explicit="no" inline="yes" virt="non-virtual">
        <type></type>
        <definition>Sekander::StateMachine::~StateMachine</definition>
        <argsstring>()</argsstring>
        <name>~StateMachine</name>
        <briefdescription>
        </briefdescription>
        <detaileddescription>
        </detaileddescription>
        <inbodydescription>
        </inbodydescription>
        <location file="StateMachine.hpp" line="20" column="1" bodyfile="StateMachine.hpp" bodystart="20" bodyend="20"/>
      </memberdef>
      <memberdef kind="function" id="d4/d51/class_sekander_1_1_state_machine_1aae2cbc1386cfe4e71d91474536ba25c8" prot="public" static="no" const="no" explicit="no" inline="no" virt="non-virtual">
        <type>void</type>
        <definition>void Sekander::StateMachine::AddState</definition>
        <argsstring>(StateRef newState, bool isReplacing=true)</argsstring>
        <name>AddState</name>
        <param>
          <type><ref refid="d8/d6a/namespace_sekander_1a8503cedf9c863e9f6986eb29f2296f1a" kindref="member">StateRef</ref></type>
          <declname>newState</declname>
        </param>
        <param>
          <type>bool</type>
          <declname>isReplacing</declname>
          <defval>true</defval>
        </param>
        <briefdescription>
        </briefdescription>
        <detaileddescription>
        </detaileddescription>
        <inbodydescription>
        </inbodydescription>
        <location file="StateMachine.hpp" line="26" column="6" bodyfile="StateMachine.cpp" bodystart="5" bodyend="14"/>
      </memberdef>
      <memberdef kind="function" id="d4/d51/class_sekander_1_1_state_machine_1a96961de2424fde705186da0ccd3bac70" prot="public" static="no" const="no" explicit="no" inline="no" virt="non-virtual">
        <type>void</type>
        <definition>void Sekander::StateMachine::RemoveState</definition>
        <argsstring>()</argsstring>
        <name>RemoveState</name>
        <briefdescription>
        </briefdescription>
        <detaileddescription>
        </detaileddescription>
        <inbodydescription>
        </inbodydescription>
        <location file="StateMachine.hpp" line="29" column="6" bodyfile="StateMachine.cpp" bodystart="16" bodyend="19"/>
      </memberdef>
      <memberdef kind="function" id="d4/d51/class_sekander_1_1_state_machine_1ad8b749d452acc69abd7c6a64c3e74983" prot="public" static="no" const="no" explicit="no" inline="no" virt="non-virtual">
        <type>void</type>
        <definition>void Sekander::StateMachine::ProcessStateChanges</definition>
        <argsstring>()</argsstring>
        <name>ProcessStateChanges</name>
        <briefdescription>
        </briefdescription>
        <detaileddescription>
        </detaileddescription>
        <inbodydescription>
        </inbodydescription>
        <location file="StateMachine.hpp" line="32" column="6" bodyfile="StateMachine.cpp" bodystart="21" bodyend="53"/>
      </memberdef>
      <memberdef kind="function" id="d4/d51/class_sekander_1_1_state_machine_1ae1501a43739f33ae0739532b0f2737b1" prot="public" static="no" const="no" explicit="no" inline="no" virt="non-virtual">
        <type><ref refid="d8/d6a/namespace_sekander_1a8503cedf9c863e9f6986eb29f2296f1a" kindref="member">StateRef</ref> &amp;</type>
        <definition>StateRef &amp; Sekander::StateMachine::GetActiveState</definition>
        <argsstring>()</argsstring>
        <name>GetActiveState</name>
        <briefdescription>
        </briefdescription>
        <detaileddescription>
        </detaileddescription>
        <inbodydescription>
        </inbodydescription>
        <location file="StateMachine.hpp" line="35" column="10" bodyfile="StateMachine.cpp" bodystart="55" bodyend="58"/>
      </memberdef>
      </sectiondef>
    <briefdescription>
    </briefdescription>
    <detaileddescription>
    </detaileddescription>
    <collaborationgraph>
      <node id="1">
        <label>Sekander::StateMachine</label>
        <link refid="d4/d51/class_sekander_1_1_state_machine"/>
      </node>
    </collaborationgraph>
    <location file="StateMachine.hpp" line="15" column="1" bodyfile="StateMachine.hpp" bodystart="16" bodyend="51"/>
    <listofallmembers>
      <member refid="d4/d51/class_sekander_1_1_state_machine_1afa37f293d874e998209754a8b80c5ae4" prot="private" virt="non-virtual"><scope>Sekander::StateMachine</scope><name>_isAdding</name></member>
      <member refid="d4/d51/class_sekander_1_1_state_machine_1a40f4cf3657cec4df76f71d28676faf62" prot="private" virt="non-virtual"><scope>Sekander::StateMachine</scope><name>_isRemoving</name></member>
      <member refid="d4/d51/class_sekander_1_1_state_machine_1a54e53566400e3097faf59d834b53fd21" prot="private" virt="non-virtual"><scope>Sekander::StateMachine</scope><name>_isReplacing</name></member>
      <member refid="d4/d51/class_sekander_1_1_state_machine_1ae2c7d92a467f5aeaade70977e31f82dc" prot="private" virt="non-virtual"><scope>Sekander::StateMachine</scope><name>_newState</name></member>
      <member refid="d4/d51/class_sekander_1_1_state_machine_1ad630d5fca511f5585824c279dbe11675" prot="private" virt="non-virtual"><scope>Sekander::StateMachine</scope><name>_states</name></member>
      <member refid="d4/d51/class_sekander_1_1_state_machine_1aae2cbc1386cfe4e71d91474536ba25c8" prot="public" virt="non-virtual"><scope>Sekander::StateMachine</scope><name>AddState</name></member>
      <member refid="d4/d51/class_sekander_1_1_state_machine_1ae1501a43739f33ae0739532b0f2737b1" prot="public" virt="non-virtual"><scope>Sekander::StateMachine</scope><name>GetActiveState</name></member>
      <member refid="d4/d51/class_sekander_1_1_state_machine_1ad8b749d452acc69abd7c6a64c3e74983" prot="public" virt="non-virtual"><scope>Sekander::StateMachine</scope><name>ProcessStateChanges</name></member>
      <member refid="d4/d51/class_sekander_1_1_state_machine_1a96961de2424fde705186da0ccd3bac70" prot="public" virt="non-virtual"><scope>Sekander::StateMachine</scope><name>RemoveState</name></member>
      <member refid="d4/d51/class_sekander_1_1_state_machine_1a6cfaf697fb22c18fb44c58577b63639d" prot="public" virt="non-virtual"><scope>Sekander::StateMachine</scope><name>StateMachine</name></member>
      <member refid="d4/d51/class_sekander_1_1_state_machine_1a886e7903bb1c77ba62ec43cc07059a75" prot="public" virt="non-virtual"><scope>Sekander::StateMachine</scope><name>~StateMachine</name></member>
    </listofallmembers>
  </compounddef>
</doxygen>
