<?xml version='1.0' encoding='UTF-8' standalone='no'?>
<doxygen xmlns:xsi="http://www.w3.org/2001/XMLSchema-instance" xsi:noNamespaceSchemaLocation="compound.xsd" version="1.9.2" xml:lang="en-US">
  <compounddef id="df/d44/_d_e_f_i_n_i_t_i_o_n_s_8hpp" kind="file" language="C++">
    <compoundname>DEFINITIONS.hpp</compoundname>
    <includedby refid="d7/db5/_game_8cpp" local="yes">Game.cpp</includedby>
    <includedby refid="d1/db6/_game_over_state_8cpp" local="yes">GameOverState.cpp</includedby>
    <includedby refid="d7/d85/_game_state_8cpp" local="yes">GameState.cpp</includedby>
    <includedby refid="d4/db1/_game_world_8hpp" local="yes">GameWorld.hpp</includedby>
    <includedby refid="db/df6/_h_u_d_8hpp" local="yes">HUD.hpp</includedby>
    <includedby refid="db/db5/_loading_game_objects_8hpp" local="yes">LoadingGameObjects.hpp</includedby>
    <includedby refid="df/d24/_main_menu_state_8cpp" local="yes">MainMenuState.cpp</includedby>
    <includedby refid="da/dfb/_splash_state_8cpp" local="yes">SplashState.cpp</includedby>
    <includedby refid="df/d0a/main_8cpp" local="yes">main.cpp</includedby>
    <invincdepgraph>
      <node id="7">
        <label>Bullet.cpp</label>
        <link refid="d7/dcd/_bullet_8cpp"/>
      </node>
      <node id="6">
        <label>Bullet.hpp</label>
        <link refid="d6/d65/_bullet_8hpp"/>
        <childnode refid="7" relation="include">
        </childnode>
        <childnode refid="8" relation="include">
        </childnode>
        <childnode refid="12" relation="include">
        </childnode>
        <childnode refid="18" relation="include">
        </childnode>
        <childnode refid="10" relation="include">
        </childnode>
        <childnode refid="20" relation="include">
        </childnode>
      </node>
      <node id="1">
        <label>DEFINITIONS.hpp</label>
        <link refid="df/d44/_d_e_f_i_n_i_t_i_o_n_s_8hpp"/>
        <childnode refid="2" relation="include">
        </childnode>
        <childnode refid="3" relation="include">
        </childnode>
        <childnode refid="4" relation="include">
        </childnode>
        <childnode refid="5" relation="include">
        </childnode>
        <childnode refid="23" relation="include">
        </childnode>
        <childnode refid="10" relation="include">
        </childnode>
        <childnode refid="13" relation="include">
        </childnode>
        <childnode refid="16" relation="include">
        </childnode>
        <childnode refid="25" relation="include">
        </childnode>
      </node>
      <node id="9">
        <label>Enemy.cpp</label>
        <link refid="de/d34/_enemy_8cpp"/>
      </node>
      <node id="8">
        <label>Enemy.hpp</label>
        <link refid="da/dda/_enemy_8hpp"/>
        <childnode refid="9" relation="include">
        </childnode>
        <childnode refid="10" relation="include">
        </childnode>
      </node>
      <node id="2">
        <label>Game.cpp</label>
        <link refid="d7/db5/_game_8cpp"/>
      </node>
      <node id="3">
        <label>GameOverState.cpp</label>
        <link refid="d1/db6/_game_over_state_8cpp"/>
      </node>
      <node id="11">
        <label>GameOverState.hpp</label>
        <link refid="d7/dd1/_game_over_state_8hpp"/>
        <childnode refid="3" relation="include">
        </childnode>
        <childnode refid="4" relation="include">
        </childnode>
      </node>
      <node id="4">
        <label>GameState.cpp</label>
        <link refid="d7/d85/_game_state_8cpp"/>
      </node>
      <node id="12">
        <label>GameState.hpp</label>
        <link refid="d2/d86/_game_state_8hpp"/>
        <childnode refid="2" relation="include">
        </childnode>
        <childnode refid="3" relation="include">
        </childnode>
        <childnode refid="4" relation="include">
        </childnode>
        <childnode refid="13" relation="include">
        </childnode>
      </node>
      <node id="22">
        <label>GameWorld.cpp</label>
        <link refid="db/d7a/_game_world_8cpp"/>
      </node>
      <node id="5">
        <label>GameWorld.hpp</label>
        <link refid="d4/db1/_game_world_8hpp"/>
        <childnode refid="6" relation="include">
        </childnode>
        <childnode refid="8" relation="include">
        </childnode>
        <childnode refid="12" relation="include">
        </childnode>
        <childnode refid="22" relation="include">
        </childnode>
        <childnode refid="18" relation="include">
        </childnode>
        <childnode refid="20" relation="include">
        </childnode>
      </node>
      <node id="19">
        <label>Gun.cpp</label>
        <link refid="d7/d7e/_gun_8cpp"/>
      </node>
      <node id="18">
        <label>Gun.hpp</label>
        <link refid="d0/d06/_gun_8hpp"/>
        <childnode refid="8" relation="include">
        </childnode>
        <childnode refid="19" relation="include">
        </childnode>
        <childnode refid="20" relation="include">
        </childnode>
      </node>
      <node id="24">
        <label>HUD.cpp</label>
        <link refid="d9/d2a/_h_u_d_8cpp"/>
      </node>
      <node id="23">
        <label>HUD.hpp</label>
        <link refid="db/df6/_h_u_d_8hpp"/>
        <childnode refid="12" relation="include">
        </childnode>
        <childnode refid="24" relation="include">
        </childnode>
      </node>
      <node id="14">
        <label>LoadingGameObjects.cpp</label>
        <link refid="df/dec/_loading_game_objects_8cpp"/>
      </node>
      <node id="10">
        <label>LoadingGameObjects.hpp</label>
        <link refid="db/db5/_loading_game_objects_8hpp"/>
        <childnode refid="11" relation="include">
        </childnode>
        <childnode refid="12" relation="include">
        </childnode>
        <childnode refid="14" relation="include">
        </childnode>
        <childnode refid="15" relation="include">
        </childnode>
        <childnode refid="17" relation="include">
        </childnode>
      </node>
      <node id="13">
        <label>MainMenuState.cpp</label>
        <link refid="df/d24/_main_menu_state_8cpp"/>
      </node>
      <node id="15">
        <label>MainMenuState.hpp</label>
        <link refid="db/d83/_main_menu_state_8hpp"/>
        <childnode refid="13" relation="include">
        </childnode>
        <childnode refid="16" relation="include">
        </childnode>
      </node>
      <node id="21">
        <label>Main_Player.cpp</label>
        <link refid="d0/db2/_main___player_8cpp"/>
      </node>
      <node id="20">
        <label>Main_Player.hpp</label>
        <link refid="dc/dea/_main___player_8hpp"/>
        <childnode refid="12" relation="include">
        </childnode>
        <childnode refid="10" relation="include">
        </childnode>
        <childnode refid="21" relation="include">
        </childnode>
      </node>
      <node id="16">
        <label>SplashState.cpp</label>
        <link refid="da/dfb/_splash_state_8cpp"/>
      </node>
      <node id="17">
        <label>SplashState.hpp</label>
        <link refid="d1/d76/_splash_state_8hpp"/>
        <childnode refid="2" relation="include">
        </childnode>
        <childnode refid="16" relation="include">
        </childnode>
      </node>
      <node id="25">
        <label>main.cpp</label>
        <link refid="df/d0a/main_8cpp"/>
      </node>
    </invincdepgraph>
      <sectiondef kind="define">
      <memberdef kind="define" id="df/d44/_d_e_f_i_n_i_t_i_o_n_s_8hpp_1a2cd109632a6dcccaa80b43561b1ab700" prot="public" static="no">
        <name>SCREEN_WIDTH</name>
        <initializer>1366</initializer>
        <briefdescription>
        </briefdescription>
        <detaileddescription>
        </detaileddescription>
        <inbodydescription>
        </inbodydescription>
        <location file="DEFINITIONS.hpp" line="3" column="9" bodyfile="DEFINITIONS.hpp" bodystart="3" bodyend="-1"/>
      </memberdef>
      <memberdef kind="define" id="df/d44/_d_e_f_i_n_i_t_i_o_n_s_8hpp_1a6974d08a74da681b3957b2fead2608b8" prot="public" static="no">
        <name>SCREEN_HEIGHT</name>
        <initializer>768</initializer>
        <briefdescription>
        </briefdescription>
        <detaileddescription>
        </detaileddescription>
        <inbodydescription>
        </inbodydescription>
        <location file="DEFINITIONS.hpp" line="4" column="9" bodyfile="DEFINITIONS.hpp" bodystart="4" bodyend="-1"/>
      </memberdef>
      <memberdef kind="define" id="df/d44/_d_e_f_i_n_i_t_i_o_n_s_8hpp_1a06d8261983af6a29c9587c55cf2481d4" prot="public" static="no">
        <name>SPLASH_STATE_SHOW_TIME</name>
        <initializer>7.0</initializer>
        <briefdescription>
        </briefdescription>
        <detaileddescription>
        </detaileddescription>
        <inbodydescription>
        </inbodydescription>
        <location file="DEFINITIONS.hpp" line="6" column="9" bodyfile="DEFINITIONS.hpp" bodystart="6" bodyend="-1"/>
      </memberdef>
      <memberdef kind="define" id="df/d44/_d_e_f_i_n_i_t_i_o_n_s_8hpp_1a14e8e00fb25eb45538692a5455119938" prot="public" static="no">
        <name>SPLASH_SCENE_BACKGROUND_FILEPATH</name>
        <initializer>&quot;Resources/res/nintendo-switch-minimal.jpg&quot;</initializer>
        <briefdescription>
        </briefdescription>
        <detaileddescription>
        </detaileddescription>
        <inbodydescription>
        </inbodydescription>
        <location file="DEFINITIONS.hpp" line="8" column="9" bodyfile="DEFINITIONS.hpp" bodystart="8" bodyend="-1"/>
      </memberdef>
      <memberdef kind="define" id="df/d44/_d_e_f_i_n_i_t_i_o_n_s_8hpp_1a04cda72602d3ae59216d8aff93ea9b6a" prot="public" static="no">
        <name>MAIN_MENU_BACKGROUND_FILEPATH</name>
        <initializer>&quot;Resources/res/main_menu.png&quot;</initializer>
        <briefdescription>
        </briefdescription>
        <detaileddescription>
        </detaileddescription>
        <inbodydescription>
        </inbodydescription>
        <location file="DEFINITIONS.hpp" line="12" column="9" bodyfile="DEFINITIONS.hpp" bodystart="12" bodyend="-1"/>
      </memberdef>
      <memberdef kind="define" id="df/d44/_d_e_f_i_n_i_t_i_o_n_s_8hpp_1a1811efff299e4d80a481decf69ded942" prot="public" static="no">
        <name>GAME_BACKGROUND_FILEPATH</name>
        <initializer>&quot;Resources/res/blue_background.jpg&quot;</initializer>
        <briefdescription>
        </briefdescription>
        <detaileddescription>
        </detaileddescription>
        <inbodydescription>
        </inbodydescription>
        <location file="DEFINITIONS.hpp" line="15" column="9" bodyfile="DEFINITIONS.hpp" bodystart="15" bodyend="-1"/>
      </memberdef>
      <memberdef kind="define" id="df/d44/_d_e_f_i_n_i_t_i_o_n_s_8hpp_1a3d379e9e10cc6055a70e14d69e1a6c43" prot="public" static="no">
        <name>GAME_OVER_BACKGROUND_FILEPATH</name>
        <initializer>&quot;Resources/res/game_over_background.jpg&quot;</initializer>
        <briefdescription>
        </briefdescription>
        <detaileddescription>
        </detaileddescription>
        <inbodydescription>
        </inbodydescription>
        <location file="DEFINITIONS.hpp" line="16" column="9" bodyfile="DEFINITIONS.hpp" bodystart="16" bodyend="-1"/>
      </memberdef>
      <memberdef kind="define" id="df/d44/_d_e_f_i_n_i_t_i_o_n_s_8hpp_1a3f1861b2f2234d76b769a649afe4e434" prot="public" static="no">
        <name>GAME_TITLE_FILEPATH</name>
        <initializer>&quot;Resources/res/alexi.png&quot;</initializer>
        <briefdescription>
        </briefdescription>
        <detaileddescription>
        </detaileddescription>
        <inbodydescription>
        </inbodydescription>
        <location file="DEFINITIONS.hpp" line="20" column="9" bodyfile="DEFINITIONS.hpp" bodystart="20" bodyend="-1"/>
      </memberdef>
      <memberdef kind="define" id="df/d44/_d_e_f_i_n_i_t_i_o_n_s_8hpp_1ae522dd0ecdf21fe585e5b033e78b019f" prot="public" static="no">
        <name>PLAY_BUTTON_FILEPATH</name>
        <initializer>&quot;Resources/res/play_bt.png&quot;</initializer>
        <briefdescription>
        </briefdescription>
        <detaileddescription>
        </detaileddescription>
        <inbodydescription>
        </inbodydescription>
        <location file="DEFINITIONS.hpp" line="23" column="9" bodyfile="DEFINITIONS.hpp" bodystart="23" bodyend="-1"/>
      </memberdef>
      <memberdef kind="define" id="df/d44/_d_e_f_i_n_i_t_i_o_n_s_8hpp_1a6b473f341c95c363b0eb421ce153414f" prot="public" static="no">
        <name>PIPE_UP_FILEPATH</name>
        <initializer>&quot;Resources/res/PipeUp.png&quot;</initializer>
        <briefdescription>
        </briefdescription>
        <detaileddescription>
        </detaileddescription>
        <inbodydescription>
        </inbodydescription>
        <location file="DEFINITIONS.hpp" line="25" column="9" bodyfile="DEFINITIONS.hpp" bodystart="25" bodyend="-1"/>
      </memberdef>
      <memberdef kind="define" id="df/d44/_d_e_f_i_n_i_t_i_o_n_s_8hpp_1aeb5574e86ebb961f809fb421580d4cd3" prot="public" static="no">
        <name>PIPE_DOWN_FILEPATH</name>
        <initializer>&quot;Resources/res/PipeDown.png&quot;</initializer>
        <briefdescription>
        </briefdescription>
        <detaileddescription>
        </detaileddescription>
        <inbodydescription>
        </inbodydescription>
        <location file="DEFINITIONS.hpp" line="26" column="9" bodyfile="DEFINITIONS.hpp" bodystart="26" bodyend="-1"/>
      </memberdef>
      <memberdef kind="define" id="df/d44/_d_e_f_i_n_i_t_i_o_n_s_8hpp_1ad4c6bcb54d444dfa2e1956afd21f6cba" prot="public" static="no">
        <name>PIPE_SCORING_FILEPATH</name>
        <initializer>&quot;Resources/res/InvisibleScoringPipe.png&quot;</initializer>
        <briefdescription>
        </briefdescription>
        <detaileddescription>
        </detaileddescription>
        <inbodydescription>
        </inbodydescription>
        <location file="DEFINITIONS.hpp" line="27" column="9" bodyfile="DEFINITIONS.hpp" bodystart="27" bodyend="-1"/>
      </memberdef>
      <memberdef kind="define" id="df/d44/_d_e_f_i_n_i_t_i_o_n_s_8hpp_1a6af39d3bc891a2319bef3927d6bd5091" prot="public" static="no">
        <name>HIGH_SCORE_FILEPATH</name>
        <initializer>&quot;Resources/HighScore.txt&quot;</initializer>
        <briefdescription>
        </briefdescription>
        <detaileddescription>
        </detaileddescription>
        <inbodydescription>
        </inbodydescription>
        <location file="DEFINITIONS.hpp" line="28" column="9" bodyfile="DEFINITIONS.hpp" bodystart="28" bodyend="-1"/>
      </memberdef>
      <memberdef kind="define" id="df/d44/_d_e_f_i_n_i_t_i_o_n_s_8hpp_1a726c2d9f0f49eb3ac24bcd5bea667d9c" prot="public" static="no">
        <name>LAND_FILEPATH</name>
        <initializer>&quot;Resources/res/land.png&quot;</initializer>
        <briefdescription>
        </briefdescription>
        <detaileddescription>
        </detaileddescription>
        <inbodydescription>
        </inbodydescription>
        <location file="DEFINITIONS.hpp" line="30" column="9" bodyfile="DEFINITIONS.hpp" bodystart="30" bodyend="-1"/>
      </memberdef>
      <memberdef kind="define" id="df/d44/_d_e_f_i_n_i_t_i_o_n_s_8hpp_1a8e19282a32afb23d837abe54f69e7511" prot="public" static="no">
        <name>PIPE_MOVEMENT_SPPED</name>
        <initializer>200.0f</initializer>
        <briefdescription>
        </briefdescription>
        <detaileddescription>
        </detaileddescription>
        <inbodydescription>
        </inbodydescription>
        <location file="DEFINITIONS.hpp" line="32" column="9" bodyfile="DEFINITIONS.hpp" bodystart="32" bodyend="-1"/>
      </memberdef>
      <memberdef kind="define" id="df/d44/_d_e_f_i_n_i_t_i_o_n_s_8hpp_1a52dd4b47013f7da150546d76c2f8d159" prot="public" static="no">
        <name>PIPE_SPAWN_FREQUENCY</name>
        <initializer>3.0f;</initializer>
        <briefdescription>
        </briefdescription>
        <detaileddescription>
        </detaileddescription>
        <inbodydescription>
        </inbodydescription>
        <location file="DEFINITIONS.hpp" line="33" column="9" bodyfile="DEFINITIONS.hpp" bodystart="33" bodyend="-1"/>
      </memberdef>
      <memberdef kind="define" id="df/d44/_d_e_f_i_n_i_t_i_o_n_s_8hpp_1afd42bce708882551989569c0601727d4" prot="public" static="no">
        <name>BIRD_FRAME_1_FIILEPATH</name>
        <initializer>&quot;Resources/res/bird-01.png&quot;</initializer>
        <briefdescription>
        </briefdescription>
        <detaileddescription>
        </detaileddescription>
        <inbodydescription>
        </inbodydescription>
        <location file="DEFINITIONS.hpp" line="35" column="9" bodyfile="DEFINITIONS.hpp" bodystart="35" bodyend="-1"/>
      </memberdef>
      <memberdef kind="define" id="df/d44/_d_e_f_i_n_i_t_i_o_n_s_8hpp_1ae790870144221367765c28196da08405" prot="public" static="no">
        <name>BIRD_FRAME_2_FIILEPATH</name>
        <initializer>&quot;Resources/res/bird-02.png&quot;</initializer>
        <briefdescription>
        </briefdescription>
        <detaileddescription>
        </detaileddescription>
        <inbodydescription>
        </inbodydescription>
        <location file="DEFINITIONS.hpp" line="36" column="9" bodyfile="DEFINITIONS.hpp" bodystart="36" bodyend="-1"/>
      </memberdef>
      <memberdef kind="define" id="df/d44/_d_e_f_i_n_i_t_i_o_n_s_8hpp_1abba75c936a4444d7915cc9f8ae208e6a" prot="public" static="no">
        <name>BIRD_FRAME_3_FIILEPATH</name>
        <initializer>&quot;Resources/res/bird-03.png&quot;</initializer>
        <briefdescription>
        </briefdescription>
        <detaileddescription>
        </detaileddescription>
        <inbodydescription>
        </inbodydescription>
        <location file="DEFINITIONS.hpp" line="37" column="9" bodyfile="DEFINITIONS.hpp" bodystart="37" bodyend="-1"/>
      </memberdef>
      <memberdef kind="define" id="df/d44/_d_e_f_i_n_i_t_i_o_n_s_8hpp_1a5fc7ac6aac5a5302a7722346dd7243e7" prot="public" static="no">
        <name>BIRD_FRAME_4_FIILEPATH</name>
        <initializer>&quot;Resources/res/bird-04.png&quot;</initializer>
        <briefdescription>
        </briefdescription>
        <detaileddescription>
        </detaileddescription>
        <inbodydescription>
        </inbodydescription>
        <location file="DEFINITIONS.hpp" line="38" column="9" bodyfile="DEFINITIONS.hpp" bodystart="38" bodyend="-1"/>
      </memberdef>
      <memberdef kind="define" id="df/d44/_d_e_f_i_n_i_t_i_o_n_s_8hpp_1ab3dfd2a14893371759479ac6ac57b159" prot="public" static="no">
        <name>PLAYER_FILEPATH</name>
        <initializer>&quot;Resources/res/sprite_sheet.png&quot;</initializer>
        <briefdescription>
        </briefdescription>
        <detaileddescription>
        </detaileddescription>
        <inbodydescription>
        </inbodydescription>
        <location file="DEFINITIONS.hpp" line="41" column="9" bodyfile="DEFINITIONS.hpp" bodystart="41" bodyend="-1"/>
      </memberdef>
      <memberdef kind="define" id="df/d44/_d_e_f_i_n_i_t_i_o_n_s_8hpp_1aa8ed31a587192401b0614d619133ca6b" prot="public" static="no">
        <name>MAGIK_FILEPATH</name>
        <initializer>&quot;Resources/res/magik8.png&quot;</initializer>
        <briefdescription>
        </briefdescription>
        <detaileddescription>
        </detaileddescription>
        <inbodydescription>
        </inbodydescription>
        <location file="DEFINITIONS.hpp" line="42" column="9" bodyfile="DEFINITIONS.hpp" bodystart="42" bodyend="-1"/>
      </memberdef>
      <memberdef kind="define" id="df/d44/_d_e_f_i_n_i_t_i_o_n_s_8hpp_1a70d3ca2da5f22b976b64e44a84efb7d9" prot="public" static="no">
        <name>FONT_FILEPATH</name>
        <initializer>&quot;Resources/fonts/FlappyFont.ttf&quot;</initializer>
        <briefdescription>
        </briefdescription>
        <detaileddescription>
        </detaileddescription>
        <inbodydescription>
        </inbodydescription>
        <location file="DEFINITIONS.hpp" line="45" column="9" bodyfile="DEFINITIONS.hpp" bodystart="45" bodyend="-1"/>
      </memberdef>
      <memberdef kind="define" id="df/d44/_d_e_f_i_n_i_t_i_o_n_s_8hpp_1ab406f792732179484ea303087b5e09b0" prot="public" static="no">
        <name>GAME_OVER_TITLE_FILEPATH</name>
        <initializer>&quot;Resources/res/Game-Over-Title.png&quot;</initializer>
        <briefdescription>
        </briefdescription>
        <detaileddescription>
        </detaileddescription>
        <inbodydescription>
        </inbodydescription>
        <location file="DEFINITIONS.hpp" line="47" column="9" bodyfile="DEFINITIONS.hpp" bodystart="47" bodyend="-1"/>
      </memberdef>
      <memberdef kind="define" id="df/d44/_d_e_f_i_n_i_t_i_o_n_s_8hpp_1a18f503e0e4436135f86f7c3a1f49acb9" prot="public" static="no">
        <name>GAME_OVER_BODY_FILEPATH</name>
        <initializer>&quot;Resources/res/Game-Over-Body.png&quot;</initializer>
        <briefdescription>
        </briefdescription>
        <detaileddescription>
        </detaileddescription>
        <inbodydescription>
        </inbodydescription>
        <location file="DEFINITIONS.hpp" line="49" column="9" bodyfile="DEFINITIONS.hpp" bodystart="49" bodyend="-1"/>
      </memberdef>
      <memberdef kind="define" id="df/d44/_d_e_f_i_n_i_t_i_o_n_s_8hpp_1ae4dd059e801b991d488e234492874af9" prot="public" static="no">
        <name>HIT_SOUND_FILEPATH</name>
        <initializer>&quot;Resources/audio/Hit.wav&quot;</initializer>
        <briefdescription>
        </briefdescription>
        <detaileddescription>
        </detaileddescription>
        <inbodydescription>
        </inbodydescription>
        <location file="DEFINITIONS.hpp" line="52" column="9" bodyfile="DEFINITIONS.hpp" bodystart="52" bodyend="-1"/>
      </memberdef>
      <memberdef kind="define" id="df/d44/_d_e_f_i_n_i_t_i_o_n_s_8hpp_1a6396cc6dcf0b43f595061ccc6d0a3fc8" prot="public" static="no">
        <name>POINT_SOUND_FILEPATH</name>
        <initializer>&quot;Resources/audio/Point.wav&quot;</initializer>
        <briefdescription>
        </briefdescription>
        <detaileddescription>
        </detaileddescription>
        <inbodydescription>
        </inbodydescription>
        <location file="DEFINITIONS.hpp" line="53" column="9" bodyfile="DEFINITIONS.hpp" bodystart="53" bodyend="-1"/>
      </memberdef>
      <memberdef kind="define" id="df/d44/_d_e_f_i_n_i_t_i_o_n_s_8hpp_1a66fd1f4a51ae74fffc582a2b945ef0a5" prot="public" static="no">
        <name>WING_SOUND_FILEPATH</name>
        <initializer>&quot;Resources/audio/Wing.wav&quot;</initializer>
        <briefdescription>
        </briefdescription>
        <detaileddescription>
        </detaileddescription>
        <inbodydescription>
        </inbodydescription>
        <location file="DEFINITIONS.hpp" line="54" column="9" bodyfile="DEFINITIONS.hpp" bodystart="54" bodyend="-1"/>
      </memberdef>
      <memberdef kind="define" id="df/d44/_d_e_f_i_n_i_t_i_o_n_s_8hpp_1a568d4bb6a0e4a40768c11ab561f607eb" prot="public" static="no">
        <name>BIRD_ANIMATION_DURATION</name>
        <initializer>0.5f</initializer>
        <briefdescription>
        </briefdescription>
        <detaileddescription>
        </detaileddescription>
        <inbodydescription>
        </inbodydescription>
        <location file="DEFINITIONS.hpp" line="56" column="9" bodyfile="DEFINITIONS.hpp" bodystart="56" bodyend="-1"/>
      </memberdef>
      <memberdef kind="define" id="df/d44/_d_e_f_i_n_i_t_i_o_n_s_8hpp_1a0bb93e4bcc4fa20ae7420e2e431eaa31" prot="public" static="no">
        <name>BIRD_STATE_STILL</name>
        <initializer>1</initializer>
        <briefdescription>
        </briefdescription>
        <detaileddescription>
        </detaileddescription>
        <inbodydescription>
        </inbodydescription>
        <location file="DEFINITIONS.hpp" line="58" column="9" bodyfile="DEFINITIONS.hpp" bodystart="58" bodyend="-1"/>
      </memberdef>
      <memberdef kind="define" id="df/d44/_d_e_f_i_n_i_t_i_o_n_s_8hpp_1aeab9a0470159735954c0ba878d614746" prot="public" static="no">
        <name>BIRD_STATE_FALLING</name>
        <initializer>2</initializer>
        <briefdescription>
        </briefdescription>
        <detaileddescription>
        </detaileddescription>
        <inbodydescription>
        </inbodydescription>
        <location file="DEFINITIONS.hpp" line="59" column="9" bodyfile="DEFINITIONS.hpp" bodystart="59" bodyend="-1"/>
      </memberdef>
      <memberdef kind="define" id="df/d44/_d_e_f_i_n_i_t_i_o_n_s_8hpp_1ad06cf05af0fa05c51ff78ac4b853293e" prot="public" static="no">
        <name>BIRD_STATE_FLYING</name>
        <initializer>3</initializer>
        <briefdescription>
        </briefdescription>
        <detaileddescription>
        </detaileddescription>
        <inbodydescription>
        </inbodydescription>
        <location file="DEFINITIONS.hpp" line="60" column="9" bodyfile="DEFINITIONS.hpp" bodystart="60" bodyend="-1"/>
      </memberdef>
      <memberdef kind="define" id="df/d44/_d_e_f_i_n_i_t_i_o_n_s_8hpp_1a6801baa546c6112d19eb095111d24720" prot="public" static="no">
        <name>GRAVITY</name>
        <initializer>350.0f</initializer>
        <briefdescription>
        </briefdescription>
        <detaileddescription>
        </detaileddescription>
        <inbodydescription>
        </inbodydescription>
        <location file="DEFINITIONS.hpp" line="62" column="9" bodyfile="DEFINITIONS.hpp" bodystart="62" bodyend="-1"/>
      </memberdef>
      <memberdef kind="define" id="df/d44/_d_e_f_i_n_i_t_i_o_n_s_8hpp_1ad21551cb06a035460f5c8f64d833cee2" prot="public" static="no">
        <name>FLYING_SPEED</name>
        <initializer>350.0f</initializer>
        <briefdescription>
        </briefdescription>
        <detaileddescription>
        </detaileddescription>
        <inbodydescription>
        </inbodydescription>
        <location file="DEFINITIONS.hpp" line="63" column="9" bodyfile="DEFINITIONS.hpp" bodystart="63" bodyend="-1"/>
      </memberdef>
      <memberdef kind="define" id="df/d44/_d_e_f_i_n_i_t_i_o_n_s_8hpp_1a614aa38aee17fa248602bb4839f4821d" prot="public" static="no">
        <name>FLYING_DURATION</name>
        <initializer>0.25f</initializer>
        <briefdescription>
        </briefdescription>
        <detaileddescription>
        </detaileddescription>
        <inbodydescription>
        </inbodydescription>
        <location file="DEFINITIONS.hpp" line="64" column="9" bodyfile="DEFINITIONS.hpp" bodystart="64" bodyend="-1"/>
      </memberdef>
      <memberdef kind="define" id="df/d44/_d_e_f_i_n_i_t_i_o_n_s_8hpp_1a36867b302379cb0e4d90f9eff433212c" prot="public" static="no">
        <name>SPRITE_WIDTH</name>
        <initializer>32</initializer>
        <briefdescription>
        </briefdescription>
        <detaileddescription>
        </detaileddescription>
        <inbodydescription>
        </inbodydescription>
        <location file="DEFINITIONS.hpp" line="66" column="9" bodyfile="DEFINITIONS.hpp" bodystart="66" bodyend="-1"/>
      </memberdef>
      <memberdef kind="define" id="df/d44/_d_e_f_i_n_i_t_i_o_n_s_8hpp_1a76f347c245a262bf164389951c1d185e" prot="public" static="no">
        <name>SPRITE_HEIGHT</name>
        <initializer>32</initializer>
        <briefdescription>
        </briefdescription>
        <detaileddescription>
        </detaileddescription>
        <inbodydescription>
        </inbodydescription>
        <location file="DEFINITIONS.hpp" line="67" column="9" bodyfile="DEFINITIONS.hpp" bodystart="67" bodyend="-1"/>
      </memberdef>
      <memberdef kind="define" id="df/d44/_d_e_f_i_n_i_t_i_o_n_s_8hpp_1aa5845ccf3e16393ac0731a5d5a46a359" prot="public" static="no">
        <name>DIRECTION_Y_DOWN_INITAL</name>
        <initializer>0</initializer>
        <briefdescription>
        </briefdescription>
        <detaileddescription>
        </detaileddescription>
        <inbodydescription>
        </inbodydescription>
        <location file="DEFINITIONS.hpp" line="68" column="9" bodyfile="DEFINITIONS.hpp" bodystart="68" bodyend="-1"/>
      </memberdef>
      <memberdef kind="define" id="df/d44/_d_e_f_i_n_i_t_i_o_n_s_8hpp_1af2dde0469b6f8f67be28d4ff1af37a32" prot="public" static="no">
        <name>DIRETION_Y_LEFT_INITAL</name>
        <initializer>1</initializer>
        <briefdescription>
        </briefdescription>
        <detaileddescription>
        </detaileddescription>
        <inbodydescription>
        </inbodydescription>
        <location file="DEFINITIONS.hpp" line="69" column="9" bodyfile="DEFINITIONS.hpp" bodystart="69" bodyend="-1"/>
      </memberdef>
      <memberdef kind="define" id="df/d44/_d_e_f_i_n_i_t_i_o_n_s_8hpp_1a680549b56d8e550f167cbf4f49381324" prot="public" static="no">
        <name>DIRECTION_Y_RIGHT_INITAL</name>
        <initializer>2</initializer>
        <briefdescription>
        </briefdescription>
        <detaileddescription>
        </detaileddescription>
        <inbodydescription>
        </inbodydescription>
        <location file="DEFINITIONS.hpp" line="70" column="9" bodyfile="DEFINITIONS.hpp" bodystart="70" bodyend="-1"/>
      </memberdef>
      <memberdef kind="define" id="df/d44/_d_e_f_i_n_i_t_i_o_n_s_8hpp_1ae39044b3eaa6771cb4f851ab28334bee" prot="public" static="no">
        <name>DIRECTION_Y_UP_INITAL</name>
        <initializer>3</initializer>
        <briefdescription>
        </briefdescription>
        <detaileddescription>
        </detaileddescription>
        <inbodydescription>
        </inbodydescription>
        <location file="DEFINITIONS.hpp" line="71" column="9" bodyfile="DEFINITIONS.hpp" bodystart="71" bodyend="-1"/>
      </memberdef>
      <memberdef kind="define" id="df/d44/_d_e_f_i_n_i_t_i_o_n_s_8hpp_1af5619059410adc9da27da47d48bc0208" prot="public" static="no">
        <name>DIRECTION_X_DOWN_INITAL</name>
        <initializer>0</initializer>
        <briefdescription>
        </briefdescription>
        <detaileddescription>
        </detaileddescription>
        <inbodydescription>
        </inbodydescription>
        <location file="DEFINITIONS.hpp" line="73" column="9" bodyfile="DEFINITIONS.hpp" bodystart="73" bodyend="-1"/>
      </memberdef>
      <memberdef kind="define" id="df/d44/_d_e_f_i_n_i_t_i_o_n_s_8hpp_1acd0fa0d6189393268560cdbe0977a20b" prot="public" static="no">
        <name>DIRECTION_X_LEFT_INITAL</name>
        <initializer>0</initializer>
        <briefdescription>
        </briefdescription>
        <detaileddescription>
        </detaileddescription>
        <inbodydescription>
        </inbodydescription>
        <location file="DEFINITIONS.hpp" line="74" column="9" bodyfile="DEFINITIONS.hpp" bodystart="74" bodyend="-1"/>
      </memberdef>
      <memberdef kind="define" id="df/d44/_d_e_f_i_n_i_t_i_o_n_s_8hpp_1a5df2817928b9d616365d41716225855b" prot="public" static="no">
        <name>DIRECTION_X_RIGHT_INITAL</name>
        <initializer>0</initializer>
        <briefdescription>
        </briefdescription>
        <detaileddescription>
        </detaileddescription>
        <inbodydescription>
        </inbodydescription>
        <location file="DEFINITIONS.hpp" line="75" column="9" bodyfile="DEFINITIONS.hpp" bodystart="75" bodyend="-1"/>
      </memberdef>
      <memberdef kind="define" id="df/d44/_d_e_f_i_n_i_t_i_o_n_s_8hpp_1a1654dbfe1ea5b669d521f299b32dcbb4" prot="public" static="no">
        <name>DIRECTION_X_UP_INITAL</name>
        <initializer>0</initializer>
        <briefdescription>
        </briefdescription>
        <detaileddescription>
        </detaileddescription>
        <inbodydescription>
        </inbodydescription>
        <location file="DEFINITIONS.hpp" line="76" column="9" bodyfile="DEFINITIONS.hpp" bodystart="76" bodyend="-1"/>
      </memberdef>
      <memberdef kind="define" id="df/d44/_d_e_f_i_n_i_t_i_o_n_s_8hpp_1a59c1849a23db0716bc2c2de300c35f1a" prot="public" static="no">
        <name>X_FRAMES_1</name>
        <initializer>0</initializer>
        <briefdescription>
        </briefdescription>
        <detaileddescription>
        </detaileddescription>
        <inbodydescription>
        </inbodydescription>
        <location file="DEFINITIONS.hpp" line="78" column="9" bodyfile="DEFINITIONS.hpp" bodystart="78" bodyend="-1"/>
      </memberdef>
      <memberdef kind="define" id="df/d44/_d_e_f_i_n_i_t_i_o_n_s_8hpp_1a47eae7a523c04d9836507102716e0281" prot="public" static="no">
        <name>X_FRAMES_2</name>
        <initializer>1</initializer>
        <briefdescription>
        </briefdescription>
        <detaileddescription>
        </detaileddescription>
        <inbodydescription>
        </inbodydescription>
        <location file="DEFINITIONS.hpp" line="79" column="9" bodyfile="DEFINITIONS.hpp" bodystart="79" bodyend="-1"/>
      </memberdef>
      <memberdef kind="define" id="df/d44/_d_e_f_i_n_i_t_i_o_n_s_8hpp_1af9bdb6427c8fdc0a878037fcb2e163b5" prot="public" static="no">
        <name>X_FRAMES_3</name>
        <initializer>2</initializer>
        <briefdescription>
        </briefdescription>
        <detaileddescription>
        </detaileddescription>
        <inbodydescription>
        </inbodydescription>
        <location file="DEFINITIONS.hpp" line="80" column="9" bodyfile="DEFINITIONS.hpp" bodystart="80" bodyend="-1"/>
      </memberdef>
      <memberdef kind="define" id="df/d44/_d_e_f_i_n_i_t_i_o_n_s_8hpp_1abbfb1b8e88373781c6238d647110f5d2" prot="public" static="no">
        <name>DEGTORAD</name>
        <initializer>0.0174532925199432957f</initializer>
        <briefdescription>
        </briefdescription>
        <detaileddescription>
        </detaileddescription>
        <inbodydescription>
        </inbodydescription>
        <location file="DEFINITIONS.hpp" line="84" column="9" bodyfile="DEFINITIONS.hpp" bodystart="84" bodyend="-1"/>
      </memberdef>
      <memberdef kind="define" id="df/d44/_d_e_f_i_n_i_t_i_o_n_s_8hpp_1a9fcbc53371e9a60b983c6b338537aa40" prot="public" static="no">
        <name>RADTODEG</name>
        <initializer>57.295779513082320876f</initializer>
        <briefdescription>
        </briefdescription>
        <detaileddescription>
        </detaileddescription>
        <inbodydescription>
        </inbodydescription>
        <location file="DEFINITIONS.hpp" line="85" column="9" bodyfile="DEFINITIONS.hpp" bodystart="85" bodyend="-1"/>
      </memberdef>
      <memberdef kind="define" id="df/d44/_d_e_f_i_n_i_t_i_o_n_s_8hpp_1ab3c0e39118375eb14be39f35057eb94c" prot="public" static="no">
        <name>FLASH_SPEED</name>
        <initializer>1500.0f</initializer>
        <briefdescription>
        </briefdescription>
        <detaileddescription>
        </detaileddescription>
        <inbodydescription>
        </inbodydescription>
        <location file="DEFINITIONS.hpp" line="95" column="9" bodyfile="DEFINITIONS.hpp" bodystart="95" bodyend="-1"/>
      </memberdef>
      <memberdef kind="define" id="df/d44/_d_e_f_i_n_i_t_i_o_n_s_8hpp_1a0b73c5aa67be999a8922f4ddfce6e4a9" prot="public" static="no">
        <name>TIME_BEFORE_GAME_OVER_APPEARS</name>
        <initializer>1.5f</initializer>
        <briefdescription>
        </briefdescription>
        <detaileddescription>
        </detaileddescription>
        <inbodydescription>
        </inbodydescription>
        <location file="DEFINITIONS.hpp" line="97" column="9" bodyfile="DEFINITIONS.hpp" bodystart="97" bodyend="-1"/>
      </memberdef>
      </sectiondef>
      <sectiondef kind="enum">
      <memberdef kind="enum" id="df/d44/_d_e_f_i_n_i_t_i_o_n_s_8hpp_1a680d333abdfd9a5053a12072f8364fe4" prot="public" static="no" strong="no">
        <type></type>
        <name>Game_States</name>
        <enumvalue id="df/d44/_d_e_f_i_n_i_t_i_o_n_s_8hpp_1a680d333abdfd9a5053a12072f8364fe4a79e0fbea0598e65a4789cdf35b8d7c52" prot="public">
          <name>e_Ready</name>
          <briefdescription>
          </briefdescription>
          <detaileddescription>
          </detaileddescription>
        </enumvalue>
        <enumvalue id="df/d44/_d_e_f_i_n_i_t_i_o_n_s_8hpp_1a680d333abdfd9a5053a12072f8364fe4ad1ce8495b35f97ab21085a7c0779376a" prot="public">
          <name>e_Playing</name>
          <briefdescription>
          </briefdescription>
          <detaileddescription>
          </detaileddescription>
        </enumvalue>
        <enumvalue id="df/d44/_d_e_f_i_n_i_t_i_o_n_s_8hpp_1a680d333abdfd9a5053a12072f8364fe4acd81b021f4bf6b2c062809783e227b59" prot="public">
          <name>e_GameOver</name>
          <briefdescription>
          </briefdescription>
          <detaileddescription>
          </detaileddescription>
        </enumvalue>
        <briefdescription>
        </briefdescription>
        <detaileddescription>
        </detaileddescription>
        <inbodydescription>
        </inbodydescription>
        <location file="DEFINITIONS.hpp" line="88" column="1" bodyfile="DEFINITIONS.hpp" bodystart="89" bodyend="93"/>
      </memberdef>
      </sectiondef>
    <briefdescription>
    </briefdescription>
    <detaileddescription>
    </detaileddescription>
    <programlisting>
<codeline lineno="1"><highlight class="preprocessor">#pragma<sp/>once</highlight><highlight class="normal"></highlight></codeline>
<codeline lineno="2"><highlight class="normal"></highlight></codeline>
<codeline lineno="3" refid="df/d44/_d_e_f_i_n_i_t_i_o_n_s_8hpp_1a2cd109632a6dcccaa80b43561b1ab700" refkind="member"><highlight class="normal"></highlight><highlight class="preprocessor">#define<sp/>SCREEN_WIDTH<sp/><sp/>1366</highlight><highlight class="normal"></highlight></codeline>
<codeline lineno="4" refid="df/d44/_d_e_f_i_n_i_t_i_o_n_s_8hpp_1a6974d08a74da681b3957b2fead2608b8" refkind="member"><highlight class="normal"></highlight><highlight class="preprocessor">#define<sp/>SCREEN_HEIGHT<sp/>768<sp/></highlight><highlight class="normal"></highlight></codeline>
<codeline lineno="5"><highlight class="normal"></highlight></codeline>
<codeline lineno="6" refid="df/d44/_d_e_f_i_n_i_t_i_o_n_s_8hpp_1a06d8261983af6a29c9587c55cf2481d4" refkind="member"><highlight class="normal"></highlight><highlight class="preprocessor">#define<sp/>SPLASH_STATE_SHOW_TIME<sp/>7.0</highlight><highlight class="normal"></highlight></codeline>
<codeline lineno="7"><highlight class="normal"></highlight></codeline>
<codeline lineno="8" refid="df/d44/_d_e_f_i_n_i_t_i_o_n_s_8hpp_1a14e8e00fb25eb45538692a5455119938" refkind="member"><highlight class="normal"></highlight><highlight class="preprocessor">#define<sp/>SPLASH_SCENE_BACKGROUND_FILEPATH<sp/>&quot;Resources/res/nintendo-switch-minimal.jpg&quot;</highlight><highlight class="normal"></highlight></codeline>
<codeline lineno="9"><highlight class="normal"></highlight></codeline>
<codeline lineno="10"><highlight class="normal"></highlight></codeline>
<codeline lineno="11"><highlight class="normal"></highlight><highlight class="comment">//#define<sp/>MAIN_MENU_BACKGROUND_FILEPATH<sp/>&quot;Resources/res/arcade_menu.jpg&quot;</highlight><highlight class="normal"></highlight></codeline>
<codeline lineno="12" refid="df/d44/_d_e_f_i_n_i_t_i_o_n_s_8hpp_1a04cda72602d3ae59216d8aff93ea9b6a" refkind="member"><highlight class="normal"></highlight><highlight class="preprocessor">#define<sp/>MAIN_MENU_BACKGROUND_FILEPATH<sp/>&quot;Resources/res/main_menu.png&quot;</highlight><highlight class="normal"></highlight></codeline>
<codeline lineno="13"><highlight class="normal"></highlight></codeline>
<codeline lineno="14"><highlight class="normal"></highlight></codeline>
<codeline lineno="15" refid="df/d44/_d_e_f_i_n_i_t_i_o_n_s_8hpp_1a1811efff299e4d80a481decf69ded942" refkind="member"><highlight class="normal"></highlight><highlight class="preprocessor">#define<sp/>GAME_BACKGROUND_FILEPATH<sp/>&quot;Resources/res/blue_background.jpg&quot;</highlight><highlight class="normal"></highlight></codeline>
<codeline lineno="16" refid="df/d44/_d_e_f_i_n_i_t_i_o_n_s_8hpp_1a3d379e9e10cc6055a70e14d69e1a6c43" refkind="member"><highlight class="normal"></highlight><highlight class="preprocessor">#define<sp/>GAME_OVER_BACKGROUND_FILEPATH<sp/>&quot;Resources/res/game_over_background.jpg&quot;</highlight><highlight class="normal"></highlight></codeline>
<codeline lineno="17"><highlight class="normal"></highlight></codeline>
<codeline lineno="18"><highlight class="normal"></highlight><highlight class="comment">//#define<sp/>GAME_TITLE_FILEPATH<sp/>&quot;Resources/res/game_title.png&quot;</highlight><highlight class="normal"></highlight></codeline>
<codeline lineno="19"><highlight class="normal"></highlight><highlight class="comment">//#define<sp/>GAME_TITLE_FILEPATH<sp/>&quot;Resources/res/title.png&quot;</highlight><highlight class="normal"></highlight></codeline>
<codeline lineno="20" refid="df/d44/_d_e_f_i_n_i_t_i_o_n_s_8hpp_1a3f1861b2f2234d76b769a649afe4e434" refkind="member"><highlight class="normal"></highlight><highlight class="preprocessor">#define<sp/>GAME_TITLE_FILEPATH<sp/>&quot;Resources/res/alexi.png&quot;</highlight><highlight class="normal"></highlight></codeline>
<codeline lineno="21"><highlight class="normal"></highlight></codeline>
<codeline lineno="22"><highlight class="normal"></highlight><highlight class="comment">//#define<sp/>PLAY_BUTTON_FILEPATH<sp/>&quot;Resources/res/PlayButton.png&quot;</highlight><highlight class="normal"></highlight></codeline>
<codeline lineno="23" refid="df/d44/_d_e_f_i_n_i_t_i_o_n_s_8hpp_1ae522dd0ecdf21fe585e5b033e78b019f" refkind="member"><highlight class="normal"></highlight><highlight class="preprocessor">#define<sp/>PLAY_BUTTON_FILEPATH<sp/>&quot;Resources/res/play_bt.png&quot;</highlight><highlight class="normal"></highlight></codeline>
<codeline lineno="24"><highlight class="normal"></highlight></codeline>
<codeline lineno="25" refid="df/d44/_d_e_f_i_n_i_t_i_o_n_s_8hpp_1a6b473f341c95c363b0eb421ce153414f" refkind="member"><highlight class="normal"></highlight><highlight class="preprocessor">#define<sp/>PIPE_UP_FILEPATH<sp/><sp/><sp/><sp/><sp/><sp/><sp/><sp/>&quot;Resources/res/PipeUp.png&quot;</highlight><highlight class="normal"></highlight></codeline>
<codeline lineno="26" refid="df/d44/_d_e_f_i_n_i_t_i_o_n_s_8hpp_1aeb5574e86ebb961f809fb421580d4cd3" refkind="member"><highlight class="normal"></highlight><highlight class="preprocessor">#define<sp/>PIPE_DOWN_FILEPATH<sp/><sp/>&quot;Resources/res/PipeDown.png&quot;</highlight><highlight class="normal"></highlight></codeline>
<codeline lineno="27" refid="df/d44/_d_e_f_i_n_i_t_i_o_n_s_8hpp_1ad4c6bcb54d444dfa2e1956afd21f6cba" refkind="member"><highlight class="normal"></highlight><highlight class="preprocessor">#define<sp/>PIPE_SCORING_FILEPATH<sp/><sp/><sp/>&quot;Resources/res/InvisibleScoringPipe.png&quot;</highlight><highlight class="normal"></highlight></codeline>
<codeline lineno="28" refid="df/d44/_d_e_f_i_n_i_t_i_o_n_s_8hpp_1a6af39d3bc891a2319bef3927d6bd5091" refkind="member"><highlight class="normal"></highlight><highlight class="preprocessor">#define<sp/>HIGH_SCORE_FILEPATH<sp/>&quot;Resources/HighScore.txt&quot;</highlight><highlight class="normal"></highlight></codeline>
<codeline lineno="29"><highlight class="normal"></highlight></codeline>
<codeline lineno="30" refid="df/d44/_d_e_f_i_n_i_t_i_o_n_s_8hpp_1a726c2d9f0f49eb3ac24bcd5bea667d9c" refkind="member"><highlight class="normal"></highlight><highlight class="preprocessor">#define<sp/>LAND_FILEPATH<sp/>&quot;Resources/res/land.png&quot;</highlight><highlight class="normal"></highlight></codeline>
<codeline lineno="31"><highlight class="normal"></highlight></codeline>
<codeline lineno="32" refid="df/d44/_d_e_f_i_n_i_t_i_o_n_s_8hpp_1a8e19282a32afb23d837abe54f69e7511" refkind="member"><highlight class="normal"></highlight><highlight class="preprocessor">#define<sp/>PIPE_MOVEMENT_SPPED<sp/>200.0f</highlight><highlight class="normal"></highlight></codeline>
<codeline lineno="33" refid="df/d44/_d_e_f_i_n_i_t_i_o_n_s_8hpp_1a52dd4b47013f7da150546d76c2f8d159" refkind="member"><highlight class="normal"></highlight><highlight class="preprocessor">#define<sp/>PIPE_SPAWN_FREQUENCY<sp/>3.0f;</highlight><highlight class="normal"></highlight></codeline>
<codeline lineno="34"><highlight class="normal"></highlight></codeline>
<codeline lineno="35" refid="df/d44/_d_e_f_i_n_i_t_i_o_n_s_8hpp_1afd42bce708882551989569c0601727d4" refkind="member"><highlight class="normal"></highlight><highlight class="preprocessor">#define<sp/>BIRD_FRAME_1_FIILEPATH<sp/>&quot;Resources/res/bird-01.png&quot;</highlight><highlight class="normal"></highlight></codeline>
<codeline lineno="36" refid="df/d44/_d_e_f_i_n_i_t_i_o_n_s_8hpp_1ae790870144221367765c28196da08405" refkind="member"><highlight class="normal"></highlight><highlight class="preprocessor">#define<sp/>BIRD_FRAME_2_FIILEPATH<sp/>&quot;Resources/res/bird-02.png&quot;</highlight><highlight class="normal"></highlight></codeline>
<codeline lineno="37" refid="df/d44/_d_e_f_i_n_i_t_i_o_n_s_8hpp_1abba75c936a4444d7915cc9f8ae208e6a" refkind="member"><highlight class="normal"></highlight><highlight class="preprocessor">#define<sp/>BIRD_FRAME_3_FIILEPATH<sp/>&quot;Resources/res/bird-03.png&quot;</highlight><highlight class="normal"></highlight></codeline>
<codeline lineno="38" refid="df/d44/_d_e_f_i_n_i_t_i_o_n_s_8hpp_1a5fc7ac6aac5a5302a7722346dd7243e7" refkind="member"><highlight class="normal"></highlight><highlight class="preprocessor">#define<sp/>BIRD_FRAME_4_FIILEPATH<sp/>&quot;Resources/res/bird-04.png&quot;</highlight><highlight class="normal"></highlight></codeline>
<codeline lineno="39"><highlight class="normal"></highlight></codeline>
<codeline lineno="40"><highlight class="normal"></highlight></codeline>
<codeline lineno="41" refid="df/d44/_d_e_f_i_n_i_t_i_o_n_s_8hpp_1ab3dfd2a14893371759479ac6ac57b159" refkind="member"><highlight class="normal"></highlight><highlight class="preprocessor">#define<sp/>PLAYER_FILEPATH<sp/>&quot;Resources/res/sprite_sheet.png&quot;</highlight><highlight class="normal"></highlight></codeline>
<codeline lineno="42" refid="df/d44/_d_e_f_i_n_i_t_i_o_n_s_8hpp_1aa8ed31a587192401b0614d619133ca6b" refkind="member"><highlight class="normal"></highlight><highlight class="preprocessor">#define<sp/>MAGIK_FILEPATH<sp/>&quot;Resources/res/magik8.png&quot;</highlight><highlight class="normal"></highlight></codeline>
<codeline lineno="43"><highlight class="normal"></highlight></codeline>
<codeline lineno="44"><highlight class="normal"></highlight></codeline>
<codeline lineno="45" refid="df/d44/_d_e_f_i_n_i_t_i_o_n_s_8hpp_1a70d3ca2da5f22b976b64e44a84efb7d9" refkind="member"><highlight class="normal"></highlight><highlight class="preprocessor">#define<sp/>FONT_FILEPATH<sp/>&quot;Resources/fonts/FlappyFont.ttf&quot;</highlight><highlight class="normal"></highlight></codeline>
<codeline lineno="46"><highlight class="normal"></highlight></codeline>
<codeline lineno="47" refid="df/d44/_d_e_f_i_n_i_t_i_o_n_s_8hpp_1ab406f792732179484ea303087b5e09b0" refkind="member"><highlight class="normal"></highlight><highlight class="preprocessor">#define<sp/>GAME_OVER_TITLE_FILEPATH<sp/><sp/>&quot;Resources/res/Game-Over-Title.png&quot;</highlight><highlight class="normal"></highlight></codeline>
<codeline lineno="48"><highlight class="normal"></highlight></codeline>
<codeline lineno="49" refid="df/d44/_d_e_f_i_n_i_t_i_o_n_s_8hpp_1a18f503e0e4436135f86f7c3a1f49acb9" refkind="member"><highlight class="normal"></highlight><highlight class="preprocessor">#define<sp/>GAME_OVER_BODY_FILEPATH<sp/><sp/><sp/><sp/><sp/>&quot;Resources/res/Game-Over-Body.png&quot;</highlight><highlight class="normal"></highlight></codeline>
<codeline lineno="50"><highlight class="normal"></highlight></codeline>
<codeline lineno="51"><highlight class="normal"></highlight></codeline>
<codeline lineno="52" refid="df/d44/_d_e_f_i_n_i_t_i_o_n_s_8hpp_1ae4dd059e801b991d488e234492874af9" refkind="member"><highlight class="normal"></highlight><highlight class="preprocessor">#define<sp/>HIT_SOUND_FILEPATH<sp/>&quot;Resources/audio/Hit.wav&quot;</highlight><highlight class="normal"></highlight></codeline>
<codeline lineno="53" refid="df/d44/_d_e_f_i_n_i_t_i_o_n_s_8hpp_1a6396cc6dcf0b43f595061ccc6d0a3fc8" refkind="member"><highlight class="normal"></highlight><highlight class="preprocessor">#define<sp/>POINT_SOUND_FILEPATH<sp/>&quot;Resources/audio/Point.wav&quot;</highlight><highlight class="normal"></highlight></codeline>
<codeline lineno="54" refid="df/d44/_d_e_f_i_n_i_t_i_o_n_s_8hpp_1a66fd1f4a51ae74fffc582a2b945ef0a5" refkind="member"><highlight class="normal"></highlight><highlight class="preprocessor">#define<sp/>WING_SOUND_FILEPATH<sp/>&quot;Resources/audio/Wing.wav&quot;</highlight><highlight class="normal"></highlight></codeline>
<codeline lineno="55"><highlight class="normal"></highlight></codeline>
<codeline lineno="56" refid="df/d44/_d_e_f_i_n_i_t_i_o_n_s_8hpp_1a568d4bb6a0e4a40768c11ab561f607eb" refkind="member"><highlight class="normal"></highlight><highlight class="preprocessor">#define<sp/>BIRD_ANIMATION_DURATION<sp/>0.5f</highlight><highlight class="normal"></highlight></codeline>
<codeline lineno="57"><highlight class="normal"></highlight></codeline>
<codeline lineno="58" refid="df/d44/_d_e_f_i_n_i_t_i_o_n_s_8hpp_1a0bb93e4bcc4fa20ae7420e2e431eaa31" refkind="member"><highlight class="normal"></highlight><highlight class="preprocessor">#define<sp/>BIRD_STATE_STILL<sp/>1</highlight><highlight class="normal"></highlight></codeline>
<codeline lineno="59" refid="df/d44/_d_e_f_i_n_i_t_i_o_n_s_8hpp_1aeab9a0470159735954c0ba878d614746" refkind="member"><highlight class="normal"></highlight><highlight class="preprocessor">#define<sp/>BIRD_STATE_FALLING<sp/>2</highlight><highlight class="normal"></highlight></codeline>
<codeline lineno="60" refid="df/d44/_d_e_f_i_n_i_t_i_o_n_s_8hpp_1ad06cf05af0fa05c51ff78ac4b853293e" refkind="member"><highlight class="normal"></highlight><highlight class="preprocessor">#define<sp/>BIRD_STATE_FLYING<sp/>3</highlight><highlight class="normal"></highlight></codeline>
<codeline lineno="61"><highlight class="normal"></highlight></codeline>
<codeline lineno="62" refid="df/d44/_d_e_f_i_n_i_t_i_o_n_s_8hpp_1a6801baa546c6112d19eb095111d24720" refkind="member"><highlight class="normal"></highlight><highlight class="preprocessor">#define<sp/>GRAVITY<sp/><sp/><sp/><sp/><sp/><sp/><sp/><sp/><sp/><sp/><sp/><sp/><sp/><sp/><sp/><sp/><sp/><sp/><sp/><sp/><sp/>350.0f</highlight><highlight class="normal"></highlight></codeline>
<codeline lineno="63" refid="df/d44/_d_e_f_i_n_i_t_i_o_n_s_8hpp_1ad21551cb06a035460f5c8f64d833cee2" refkind="member"><highlight class="normal"></highlight><highlight class="preprocessor">#define<sp/>FLYING_SPEED<sp/><sp/><sp/><sp/><sp/><sp/><sp/><sp/><sp/><sp/><sp/><sp/>350.0f</highlight><highlight class="normal"></highlight></codeline>
<codeline lineno="64" refid="df/d44/_d_e_f_i_n_i_t_i_o_n_s_8hpp_1a614aa38aee17fa248602bb4839f4821d" refkind="member"><highlight class="normal"></highlight><highlight class="preprocessor">#define<sp/>FLYING_DURATION<sp/><sp/><sp/><sp/><sp/>0.25f</highlight><highlight class="normal"></highlight></codeline>
<codeline lineno="65"><highlight class="normal"></highlight></codeline>
<codeline lineno="66" refid="df/d44/_d_e_f_i_n_i_t_i_o_n_s_8hpp_1a36867b302379cb0e4d90f9eff433212c" refkind="member"><highlight class="normal"></highlight><highlight class="preprocessor">#define<sp/>SPRITE_WIDTH<sp/>32</highlight><highlight class="normal"></highlight></codeline>
<codeline lineno="67" refid="df/d44/_d_e_f_i_n_i_t_i_o_n_s_8hpp_1a76f347c245a262bf164389951c1d185e" refkind="member"><highlight class="normal"></highlight><highlight class="preprocessor">#define<sp/>SPRITE_HEIGHT<sp/>32</highlight><highlight class="normal"></highlight></codeline>
<codeline lineno="68" refid="df/d44/_d_e_f_i_n_i_t_i_o_n_s_8hpp_1aa5845ccf3e16393ac0731a5d5a46a359" refkind="member"><highlight class="normal"></highlight><highlight class="preprocessor">#define<sp/>DIRECTION_Y_DOWN_INITAL<sp/><sp/><sp/><sp/><sp/>0</highlight><highlight class="normal"></highlight></codeline>
<codeline lineno="69" refid="df/d44/_d_e_f_i_n_i_t_i_o_n_s_8hpp_1af2dde0469b6f8f67be28d4ff1af37a32" refkind="member"><highlight class="normal"></highlight><highlight class="preprocessor">#define<sp/>DIRETION_Y_LEFT_INITAL<sp/><sp/><sp/><sp/><sp/><sp/>1</highlight><highlight class="normal"></highlight></codeline>
<codeline lineno="70" refid="df/d44/_d_e_f_i_n_i_t_i_o_n_s_8hpp_1a680549b56d8e550f167cbf4f49381324" refkind="member"><highlight class="normal"></highlight><highlight class="preprocessor">#define<sp/>DIRECTION_Y_RIGHT_INITAL<sp/><sp/><sp/><sp/>2</highlight><highlight class="normal"></highlight></codeline>
<codeline lineno="71" refid="df/d44/_d_e_f_i_n_i_t_i_o_n_s_8hpp_1ae39044b3eaa6771cb4f851ab28334bee" refkind="member"><highlight class="normal"></highlight><highlight class="preprocessor">#define<sp/>DIRECTION_Y_UP_INITAL<sp/><sp/><sp/><sp/><sp/><sp/><sp/>3</highlight><highlight class="normal"></highlight></codeline>
<codeline lineno="72"><highlight class="normal"><sp/><sp/><sp/><sp/></highlight></codeline>
<codeline lineno="73" refid="df/d44/_d_e_f_i_n_i_t_i_o_n_s_8hpp_1af5619059410adc9da27da47d48bc0208" refkind="member"><highlight class="normal"></highlight><highlight class="preprocessor">#define<sp/>DIRECTION_X_DOWN_INITAL<sp/><sp/><sp/><sp/><sp/>0</highlight><highlight class="normal"></highlight></codeline>
<codeline lineno="74" refid="df/d44/_d_e_f_i_n_i_t_i_o_n_s_8hpp_1acd0fa0d6189393268560cdbe0977a20b" refkind="member"><highlight class="normal"></highlight><highlight class="preprocessor">#define<sp/>DIRECTION_X_LEFT_INITAL<sp/><sp/><sp/><sp/><sp/>0</highlight><highlight class="normal"></highlight></codeline>
<codeline lineno="75" refid="df/d44/_d_e_f_i_n_i_t_i_o_n_s_8hpp_1a5df2817928b9d616365d41716225855b" refkind="member"><highlight class="normal"></highlight><highlight class="preprocessor">#define<sp/>DIRECTION_X_RIGHT_INITAL<sp/><sp/><sp/><sp/>0</highlight><highlight class="normal"></highlight></codeline>
<codeline lineno="76" refid="df/d44/_d_e_f_i_n_i_t_i_o_n_s_8hpp_1a1654dbfe1ea5b669d521f299b32dcbb4" refkind="member"><highlight class="normal"></highlight><highlight class="preprocessor">#define<sp/>DIRECTION_X_UP_INITAL<sp/><sp/><sp/><sp/><sp/><sp/><sp/>0</highlight><highlight class="normal"></highlight></codeline>
<codeline lineno="77"><highlight class="normal"></highlight></codeline>
<codeline lineno="78" refid="df/d44/_d_e_f_i_n_i_t_i_o_n_s_8hpp_1a59c1849a23db0716bc2c2de300c35f1a" refkind="member"><highlight class="normal"></highlight><highlight class="preprocessor">#define<sp/>X_FRAMES_1<sp/>0</highlight><highlight class="normal"></highlight></codeline>
<codeline lineno="79" refid="df/d44/_d_e_f_i_n_i_t_i_o_n_s_8hpp_1a47eae7a523c04d9836507102716e0281" refkind="member"><highlight class="normal"></highlight><highlight class="preprocessor">#define<sp/>X_FRAMES_2<sp/>1</highlight><highlight class="normal"></highlight></codeline>
<codeline lineno="80" refid="df/d44/_d_e_f_i_n_i_t_i_o_n_s_8hpp_1af9bdb6427c8fdc0a878037fcb2e163b5" refkind="member"><highlight class="normal"></highlight><highlight class="preprocessor">#define<sp/>X_FRAMES_3<sp/>2</highlight><highlight class="normal"></highlight></codeline>
<codeline lineno="81"><highlight class="normal"></highlight></codeline>
<codeline lineno="82"><highlight class="normal"></highlight></codeline>
<codeline lineno="83"><highlight class="normal"></highlight></codeline>
<codeline lineno="84" refid="df/d44/_d_e_f_i_n_i_t_i_o_n_s_8hpp_1abbfb1b8e88373781c6238d647110f5d2" refkind="member"><highlight class="normal"></highlight><highlight class="preprocessor">#define<sp/>DEGTORAD<sp/>0.0174532925199432957f</highlight><highlight class="normal"></highlight></codeline>
<codeline lineno="85" refid="df/d44/_d_e_f_i_n_i_t_i_o_n_s_8hpp_1a9fcbc53371e9a60b983c6b338537aa40" refkind="member"><highlight class="normal"></highlight><highlight class="preprocessor">#define<sp/>RADTODEG<sp/>57.295779513082320876f</highlight><highlight class="normal"></highlight></codeline>
<codeline lineno="86"><highlight class="normal"></highlight></codeline>
<codeline lineno="87"><highlight class="normal"></highlight></codeline>
<codeline lineno="88" refid="df/d44/_d_e_f_i_n_i_t_i_o_n_s_8hpp_1a680d333abdfd9a5053a12072f8364fe4" refkind="member"><highlight class="normal"></highlight><highlight class="keyword">enum</highlight><highlight class="normal"><sp/><ref refid="df/d44/_d_e_f_i_n_i_t_i_o_n_s_8hpp_1a680d333abdfd9a5053a12072f8364fe4" kindref="member">Game_States</ref></highlight></codeline>
<codeline lineno="89"><highlight class="normal">{</highlight></codeline>
<codeline lineno="90" refid="df/d44/_d_e_f_i_n_i_t_i_o_n_s_8hpp_1a680d333abdfd9a5053a12072f8364fe4a79e0fbea0598e65a4789cdf35b8d7c52" refkind="member"><highlight class="normal"><sp/><sp/><sp/><sp/><ref refid="df/d44/_d_e_f_i_n_i_t_i_o_n_s_8hpp_1a680d333abdfd9a5053a12072f8364fe4a79e0fbea0598e65a4789cdf35b8d7c52" kindref="member">e_Ready</ref>,</highlight></codeline>
<codeline lineno="91" refid="df/d44/_d_e_f_i_n_i_t_i_o_n_s_8hpp_1a680d333abdfd9a5053a12072f8364fe4ad1ce8495b35f97ab21085a7c0779376a" refkind="member"><highlight class="normal"><sp/><sp/><sp/><sp/><ref refid="df/d44/_d_e_f_i_n_i_t_i_o_n_s_8hpp_1a680d333abdfd9a5053a12072f8364fe4ad1ce8495b35f97ab21085a7c0779376a" kindref="member">e_Playing</ref>,</highlight></codeline>
<codeline lineno="92"><highlight class="normal"><sp/><sp/><sp/><sp/><ref refid="df/d44/_d_e_f_i_n_i_t_i_o_n_s_8hpp_1a680d333abdfd9a5053a12072f8364fe4acd81b021f4bf6b2c062809783e227b59" kindref="member">e_GameOver</ref></highlight></codeline>
<codeline lineno="93" refid="df/d44/_d_e_f_i_n_i_t_i_o_n_s_8hpp_1a680d333abdfd9a5053a12072f8364fe4acd81b021f4bf6b2c062809783e227b59" refkind="member"><highlight class="normal">};</highlight></codeline>
<codeline lineno="94"><highlight class="normal"></highlight></codeline>
<codeline lineno="95" refid="df/d44/_d_e_f_i_n_i_t_i_o_n_s_8hpp_1ab3c0e39118375eb14be39f35057eb94c" refkind="member"><highlight class="normal"></highlight><highlight class="preprocessor">#define<sp/>FLASH_SPEED<sp/>1500.0f</highlight><highlight class="normal"></highlight></codeline>
<codeline lineno="96"><highlight class="normal"></highlight></codeline>
<codeline lineno="97" refid="df/d44/_d_e_f_i_n_i_t_i_o_n_s_8hpp_1a0b73c5aa67be999a8922f4ddfce6e4a9" refkind="member"><highlight class="normal"></highlight><highlight class="preprocessor">#define<sp/>TIME_BEFORE_GAME_OVER_APPEARS<sp/>1.5f</highlight></codeline>
    </programlisting>
    <location file="DEFINITIONS.hpp"/>
  </compounddef>
</doxygen>
