<?xml version='1.0' encoding='UTF-8' standalone='no'?>
<doxygen xmlns:xsi="http://www.w3.org/2001/XMLSchema-instance" xsi:noNamespaceSchemaLocation="compound.xsd" version="1.9.2" xml:lang="en-US">
  <compounddef id="d3/d90/struct_sekander_1_1_game_data" kind="struct" language="C++" prot="public">
    <compoundname>Sekander::GameData</compoundname>
    <includes refid="d2/d07/_game_8hpp" local="no">Game.hpp</includes>
      <sectiondef kind="public-attrib">
      <memberdef kind="variable" id="d3/d90/struct_sekander_1_1_game_data_1a6f701ff9c5018ee293869248798f02a4" prot="public" static="no" mutable="no">
        <type><ref refid="d4/d51/class_sekander_1_1_state_machine" kindref="compound">StateMachine</ref></type>
        <definition>StateMachine Sekander::GameData::machine</definition>
        <argsstring></argsstring>
        <name>machine</name>
        <briefdescription>
        </briefdescription>
        <detaileddescription>
        </detaileddescription>
        <inbodydescription>
        </inbodydescription>
        <location file="Game.hpp" line="16" column="14" bodyfile="Game.hpp" bodystart="16" bodyend="-1"/>
      </memberdef>
      <memberdef kind="variable" id="d3/d90/struct_sekander_1_1_game_data_1a01dc93a762f8235e2e95eb2c79fa25fc" prot="public" static="no" mutable="no">
        <type>sf::RenderWindow</type>
        <definition>sf::RenderWindow Sekander::GameData::window</definition>
        <argsstring></argsstring>
        <name>window</name>
        <briefdescription>
        </briefdescription>
        <detaileddescription>
        </detaileddescription>
        <inbodydescription>
        </inbodydescription>
        <location file="Game.hpp" line="17" column="18" bodyfile="Game.hpp" bodystart="17" bodyend="-1"/>
      </memberdef>
      <memberdef kind="variable" id="d3/d90/struct_sekander_1_1_game_data_1a2540773e72a9b18686041a4b626fd90f" prot="public" static="no" mutable="no">
        <type><ref refid="d2/d5e/class_sekander_1_1_asset_manager" kindref="compound">AssetManager</ref></type>
        <definition>AssetManager Sekander::GameData::assets</definition>
        <argsstring></argsstring>
        <name>assets</name>
        <briefdescription>
        </briefdescription>
        <detaileddescription>
        </detaileddescription>
        <inbodydescription>
        </inbodydescription>
        <location file="Game.hpp" line="18" column="14" bodyfile="Game.hpp" bodystart="18" bodyend="-1"/>
      </memberdef>
      <memberdef kind="variable" id="d3/d90/struct_sekander_1_1_game_data_1afe024ef371741c95bad3abaf8ddeebf1" prot="public" static="no" mutable="no">
        <type><ref refid="dc/dc5/class_sekander_1_1_input_manager" kindref="compound">InputManager</ref></type>
        <definition>InputManager Sekander::GameData::input</definition>
        <argsstring></argsstring>
        <name>input</name>
        <briefdescription>
        </briefdescription>
        <detaileddescription>
        </detaileddescription>
        <inbodydescription>
        </inbodydescription>
        <location file="Game.hpp" line="19" column="14" bodyfile="Game.hpp" bodystart="19" bodyend="-1"/>
      </memberdef>
      <memberdef kind="variable" id="d3/d90/struct_sekander_1_1_game_data_1a5d4bea0451d09e81fee2b4c38c2b6ca5" prot="public" static="no" mutable="no">
        <type><ref refid="d9/dee/class_sekander_1_1_entity_manager" kindref="compound">EntityManager</ref></type>
        <definition>EntityManager Sekander::GameData::manager</definition>
        <argsstring></argsstring>
        <name>manager</name>
        <briefdescription>
        </briefdescription>
        <detaileddescription>
        </detaileddescription>
        <inbodydescription>
        </inbodydescription>
        <location file="Game.hpp" line="20" column="15" bodyfile="Game.hpp" bodystart="20" bodyend="-1"/>
      </memberdef>
      </sectiondef>
    <briefdescription>
    </briefdescription>
    <detaileddescription>
    </detaileddescription>
    <collaborationgraph>
      <node id="3">
        <label>Sekander::AssetManager</label>
        <link refid="d2/d5e/class_sekander_1_1_asset_manager"/>
      </node>
      <node id="5">
        <label>Sekander::EntityManager</label>
        <link refid="d9/dee/class_sekander_1_1_entity_manager"/>
      </node>
      <node id="1">
        <label>Sekander::GameData</label>
        <link refid="d3/d90/struct_sekander_1_1_game_data"/>
        <childnode refid="2" relation="usage">
          <edgelabel>+machine</edgelabel>
        </childnode>
        <childnode refid="3" relation="usage">
          <edgelabel>+assets</edgelabel>
        </childnode>
        <childnode refid="4" relation="usage">
          <edgelabel>+input</edgelabel>
        </childnode>
        <childnode refid="5" relation="usage">
          <edgelabel>+manager</edgelabel>
        </childnode>
      </node>
      <node id="4">
        <label>Sekander::InputManager</label>
        <link refid="dc/dc5/class_sekander_1_1_input_manager"/>
      </node>
      <node id="2">
        <label>Sekander::StateMachine</label>
        <link refid="d4/d51/class_sekander_1_1_state_machine"/>
      </node>
    </collaborationgraph>
    <location file="Game.hpp" line="14" column="1" bodyfile="Game.hpp" bodystart="15" bodyend="22"/>
    <listofallmembers>
      <member refid="d3/d90/struct_sekander_1_1_game_data_1a2540773e72a9b18686041a4b626fd90f" prot="public" virt="non-virtual"><scope>Sekander::GameData</scope><name>assets</name></member>
      <member refid="d3/d90/struct_sekander_1_1_game_data_1afe024ef371741c95bad3abaf8ddeebf1" prot="public" virt="non-virtual"><scope>Sekander::GameData</scope><name>input</name></member>
      <member refid="d3/d90/struct_sekander_1_1_game_data_1a6f701ff9c5018ee293869248798f02a4" prot="public" virt="non-virtual"><scope>Sekander::GameData</scope><name>machine</name></member>
      <member refid="d3/d90/struct_sekander_1_1_game_data_1a5d4bea0451d09e81fee2b4c38c2b6ca5" prot="public" virt="non-virtual"><scope>Sekander::GameData</scope><name>manager</name></member>
      <member refid="d3/d90/struct_sekander_1_1_game_data_1a01dc93a762f8235e2e95eb2c79fa25fc" prot="public" virt="non-virtual"><scope>Sekander::GameData</scope><name>window</name></member>
    </listofallmembers>
  </compounddef>
</doxygen>
