<?xml version='1.0' encoding='UTF-8' standalone='no'?>
<doxygen xmlns:xsi="http://www.w3.org/2001/XMLSchema-instance" xsi:noNamespaceSchemaLocation="compound.xsd" version="1.9.2" xml:lang="en-US">
  <compounddef id="dc/df0/class_sekander_1_1_state" kind="class" language="C++" prot="public" abstract="yes">
    <compoundname>Sekander::State</compoundname>
    <derivedcompoundref refid="dd/d6a/class_sekander_1_1_game_over_state" prot="public" virt="non-virtual">Sekander::GameOverState</derivedcompoundref>
    <derivedcompoundref refid="d3/db6/class_sekander_1_1_game_state" prot="public" virt="non-virtual">Sekander::GameState</derivedcompoundref>
    <derivedcompoundref refid="dd/d9d/class_sekander_1_1_main_menu_state" prot="public" virt="non-virtual">Sekander::MainMenuState</derivedcompoundref>
    <derivedcompoundref refid="db/da4/class_sekander_1_1_splash_state" prot="public" virt="non-virtual">Sekander::SplashState</derivedcompoundref>
    <includes refid="d5/d5d/_state_8hpp" local="no">State.hpp</includes>
      <sectiondef kind="public-func">
      <memberdef kind="function" id="dc/df0/class_sekander_1_1_state_1a171be4b77d4c13e01849b867bd3fa8f5" prot="public" static="no" const="no" explicit="no" inline="no" virt="pure-virtual">
        <type>void</type>
        <definition>virtual void Sekander::State::Init</definition>
        <argsstring>()=0</argsstring>
        <name>Init</name>
        <reimplementedby refid="dd/d6a/class_sekander_1_1_game_over_state_1a1f0b4815da9cfb5221f2e3374b003de0">Init</reimplementedby>
        <reimplementedby refid="d3/db6/class_sekander_1_1_game_state_1af27f06a5535b1fbc2f52299a1eb3bee2">Init</reimplementedby>
        <reimplementedby refid="dd/d9d/class_sekander_1_1_main_menu_state_1a45ea852b4aa57ee6c6204da1262c5e91">Init</reimplementedby>
        <reimplementedby refid="db/da4/class_sekander_1_1_splash_state_1adefc71fa2623180deda8391d4e64b04c">Init</reimplementedby>
        <briefdescription>
        </briefdescription>
        <detaileddescription>
        </detaileddescription>
        <inbodydescription>
        </inbodydescription>
        <location file="State.hpp" line="12" column="14"/>
      </memberdef>
      <memberdef kind="function" id="dc/df0/class_sekander_1_1_state_1ad55ae42f5887db5745fda9f2bd30aaa3" prot="public" static="no" const="no" explicit="no" inline="no" virt="pure-virtual">
        <type>void</type>
        <definition>virtual void Sekander::State::HandleInput</definition>
        <argsstring>()=0</argsstring>
        <name>HandleInput</name>
        <reimplementedby refid="dd/d6a/class_sekander_1_1_game_over_state_1ade27fc3af036b3c50df4ccf6cb795627">HandleInput</reimplementedby>
        <reimplementedby refid="d3/db6/class_sekander_1_1_game_state_1ab3e0961a77a513cdc49fe8e6b3962280">HandleInput</reimplementedby>
        <reimplementedby refid="dd/d9d/class_sekander_1_1_main_menu_state_1a960cd5207d1869e28d6388e267672397">HandleInput</reimplementedby>
        <reimplementedby refid="db/da4/class_sekander_1_1_splash_state_1a70b45699149208c755d95d1ef3bdb202">HandleInput</reimplementedby>
        <briefdescription>
        </briefdescription>
        <detaileddescription>
        </detaileddescription>
        <inbodydescription>
        </inbodydescription>
        <location file="State.hpp" line="15" column="14"/>
      </memberdef>
      <memberdef kind="function" id="dc/df0/class_sekander_1_1_state_1a08d49e399db6f68247f410f7fddc7963" prot="public" static="no" const="no" explicit="no" inline="no" virt="pure-virtual">
        <type>void</type>
        <definition>virtual void Sekander::State::Update</definition>
        <argsstring>(float dt)=0</argsstring>
        <name>Update</name>
        <reimplementedby refid="dd/d6a/class_sekander_1_1_game_over_state_1a00b3dcb61cb0342cf0fe4cc181e99b6b">Update</reimplementedby>
        <reimplementedby refid="d3/db6/class_sekander_1_1_game_state_1ac04d512257bd38244f2d6d1484aa9040">Update</reimplementedby>
        <reimplementedby refid="dd/d9d/class_sekander_1_1_main_menu_state_1aabbfda236df88eee953e3b88ca8e7631">Update</reimplementedby>
        <reimplementedby refid="db/da4/class_sekander_1_1_splash_state_1ac7121b90b97b7d9cdb5774bdc0c6cc2d">Update</reimplementedby>
        <param>
          <type>float</type>
          <declname>dt</declname>
        </param>
        <briefdescription>
        </briefdescription>
        <detaileddescription>
        </detaileddescription>
        <inbodydescription>
        </inbodydescription>
        <location file="State.hpp" line="20" column="14"/>
      </memberdef>
      <memberdef kind="function" id="dc/df0/class_sekander_1_1_state_1a6ae7c2de1985461232a3ad694ca736b5" prot="public" static="no" const="no" explicit="no" inline="no" virt="pure-virtual">
        <type>void</type>
        <definition>virtual void Sekander::State::Draw</definition>
        <argsstring>(float dt)=0</argsstring>
        <name>Draw</name>
        <reimplementedby refid="dd/d6a/class_sekander_1_1_game_over_state_1af2407df4e95d8add41ed995157bc0905">Draw</reimplementedby>
        <reimplementedby refid="d3/db6/class_sekander_1_1_game_state_1ae940d623e220e069c6574810c5d083be">Draw</reimplementedby>
        <reimplementedby refid="dd/d9d/class_sekander_1_1_main_menu_state_1a18aceffe0c53cf90263c24665de379c1">Draw</reimplementedby>
        <reimplementedby refid="db/da4/class_sekander_1_1_splash_state_1ad372f3712cd5d3207e44a50dc70bed46">Draw</reimplementedby>
        <param>
          <type>float</type>
          <declname>dt</declname>
        </param>
        <briefdescription>
        </briefdescription>
        <detaileddescription>
        </detaileddescription>
        <inbodydescription>
        </inbodydescription>
        <location file="State.hpp" line="23" column="14"/>
      </memberdef>
      </sectiondef>
    <briefdescription>
    </briefdescription>
    <detaileddescription>
    </detaileddescription>
    <inheritancegraph>
      <node id="2">
        <label>Sekander::GameOverState</label>
        <link refid="dd/d6a/class_sekander_1_1_game_over_state"/>
        <childnode refid="1" relation="public-inheritance">
        </childnode>
      </node>
      <node id="3">
        <label>Sekander::GameState</label>
        <link refid="d3/db6/class_sekander_1_1_game_state"/>
        <childnode refid="1" relation="public-inheritance">
        </childnode>
      </node>
      <node id="4">
        <label>Sekander::MainMenuState</label>
        <link refid="dd/d9d/class_sekander_1_1_main_menu_state"/>
        <childnode refid="1" relation="public-inheritance">
        </childnode>
      </node>
      <node id="5">
        <label>Sekander::SplashState</label>
        <link refid="db/da4/class_sekander_1_1_splash_state"/>
        <childnode refid="1" relation="public-inheritance">
        </childnode>
      </node>
      <node id="1">
        <label>Sekander::State</label>
        <link refid="dc/df0/class_sekander_1_1_state"/>
      </node>
    </inheritancegraph>
    <collaborationgraph>
      <node id="1">
        <label>Sekander::State</label>
        <link refid="dc/df0/class_sekander_1_1_state"/>
      </node>
    </collaborationgraph>
    <location file="State.hpp" line="7" column="1" bodyfile="State.hpp" bodystart="8" bodyend="26"/>
    <listofallmembers>
      <member refid="dc/df0/class_sekander_1_1_state_1a6ae7c2de1985461232a3ad694ca736b5" prot="public" virt="pure-virtual"><scope>Sekander::State</scope><name>Draw</name></member>
      <member refid="dc/df0/class_sekander_1_1_state_1ad55ae42f5887db5745fda9f2bd30aaa3" prot="public" virt="pure-virtual"><scope>Sekander::State</scope><name>HandleInput</name></member>
      <member refid="dc/df0/class_sekander_1_1_state_1a171be4b77d4c13e01849b867bd3fa8f5" prot="public" virt="pure-virtual"><scope>Sekander::State</scope><name>Init</name></member>
      <member refid="dc/df0/class_sekander_1_1_state_1a08d49e399db6f68247f410f7fddc7963" prot="public" virt="pure-virtual"><scope>Sekander::State</scope><name>Update</name></member>
    </listofallmembers>
  </compounddef>
</doxygen>
