<?xml version='1.0' encoding='UTF-8' standalone='no'?>
<doxygen xmlns:xsi="http://www.w3.org/2001/XMLSchema-instance" xsi:noNamespaceSchemaLocation="compound.xsd" version="1.9.2" xml:lang="en-US">
  <compounddef id="d7/db5/_game_8cpp" kind="file" language="C++">
    <compoundname>Game.cpp</compoundname>
    <includes refid="d2/d07/_game_8hpp" local="yes">Game.hpp</includes>
    <includes refid="d1/d76/_splash_state_8hpp" local="yes">SplashState.hpp</includes>
    <includes refid="d2/d86/_game_state_8hpp" local="yes">GameState.hpp</includes>
    <includes refid="df/d44/_d_e_f_i_n_i_t_i_o_n_s_8hpp" local="yes">DEFINITIONS.hpp</includes>
    <includes local="no">stdlib.h</includes>
    <includes local="no">time.h</includes>
    <incdepgraph>
      <node id="9">
        <label>AssetManager.hpp</label>
        <link refid="d2/d03/_asset_manager_8hpp"/>
        <childnode refid="10" relation="include">
        </childnode>
        <childnode refid="5" relation="include">
        </childnode>
      </node>
      <node id="24">
        <label>Bullet.hpp</label>
        <link refid="d6/d65/_bullet_8hpp"/>
        <childnode refid="23" relation="include">
        </childnode>
        <childnode refid="17" relation="include">
        </childnode>
      </node>
      <node id="21">
        <label>DEFINITIONS.hpp</label>
        <link refid="df/d44/_d_e_f_i_n_i_t_i_o_n_s_8hpp"/>
      </node>
      <node id="29">
        <label>Enemy.hpp</label>
        <link refid="da/dda/_enemy_8hpp"/>
        <childnode refid="23" relation="include">
        </childnode>
        <childnode refid="17" relation="include">
        </childnode>
        <childnode refid="26" relation="include">
        </childnode>
        <childnode refid="25" relation="include">
        </childnode>
        <childnode refid="24" relation="include">
        </childnode>
      </node>
      <node id="1">
        <label>Game.cpp</label>
        <link refid="d7/db5/_game_8cpp"/>
        <childnode refid="2" relation="include">
        </childnode>
        <childnode refid="18" relation="include">
        </childnode>
        <childnode refid="33" relation="include">
        </childnode>
        <childnode refid="21" relation="include">
        </childnode>
        <childnode refid="26" relation="include">
        </childnode>
        <childnode refid="27" relation="include">
        </childnode>
      </node>
      <node id="2">
        <label>Game.hpp</label>
        <link refid="d2/d07/_game_8hpp"/>
        <childnode refid="3" relation="include">
        </childnode>
        <childnode refid="4" relation="include">
        </childnode>
        <childnode refid="5" relation="include">
        </childnode>
        <childnode refid="6" relation="include">
        </childnode>
        <childnode refid="9" relation="include">
        </childnode>
        <childnode refid="11" relation="include">
        </childnode>
        <childnode refid="12" relation="include">
        </childnode>
      </node>
      <node id="33">
        <label>GameState.hpp</label>
        <link refid="d2/d86/_game_state_8hpp"/>
        <childnode refid="5" relation="include">
        </childnode>
        <childnode refid="19" relation="include">
        </childnode>
        <childnode refid="8" relation="include">
        </childnode>
        <childnode refid="2" relation="include">
        </childnode>
        <childnode refid="23" relation="include">
        </childnode>
        <childnode refid="24" relation="include">
        </childnode>
        <childnode refid="22" relation="include">
        </childnode>
        <childnode refid="34" relation="include">
        </childnode>
        <childnode refid="35" relation="include">
        </childnode>
        <childnode refid="36" relation="include">
        </childnode>
        <childnode refid="48" relation="include">
        </childnode>
        <childnode refid="20" relation="include">
        </childnode>
      </node>
      <node id="23">
        <label>GameWorld.hpp</label>
        <link refid="d4/db1/_game_world_8hpp"/>
        <childnode refid="5" relation="include">
        </childnode>
        <childnode refid="21" relation="include">
        </childnode>
        <childnode refid="2" relation="include">
        </childnode>
        <childnode refid="12" relation="include">
        </childnode>
        <childnode refid="14" relation="include">
        </childnode>
      </node>
      <node id="25">
        <label>Gun.hpp</label>
        <link refid="d0/d06/_gun_8hpp"/>
        <childnode refid="23" relation="include">
        </childnode>
        <childnode refid="24" relation="include">
        </childnode>
        <childnode refid="17" relation="include">
        </childnode>
      </node>
      <node id="34">
        <label>HUD.hpp</label>
        <link refid="db/df6/_h_u_d_8hpp"/>
        <childnode refid="5" relation="include">
        </childnode>
        <childnode refid="21" relation="include">
        </childnode>
        <childnode refid="2" relation="include">
        </childnode>
      </node>
      <node id="11">
        <label>InputManager.hpp</label>
        <link refid="dc/d9f/_input_manager_8hpp"/>
        <childnode refid="5" relation="include">
        </childnode>
      </node>
      <node id="20">
        <label>LoadingGameObjects.hpp</label>
        <link refid="db/db5/_loading_game_objects_8hpp"/>
        <childnode refid="5" relation="include">
        </childnode>
        <childnode refid="21" relation="include">
        </childnode>
        <childnode refid="2" relation="include">
        </childnode>
        <childnode refid="22" relation="include">
        </childnode>
        <childnode refid="24" relation="include">
        </childnode>
        <childnode refid="29" relation="include">
        </childnode>
        <childnode refid="30" relation="include">
        </childnode>
      </node>
      <node id="22">
        <label>Main_Player.hpp</label>
        <link refid="dc/dea/_main___player_8hpp"/>
        <childnode refid="23" relation="include">
        </childnode>
        <childnode refid="24" relation="include">
        </childnode>
        <childnode refid="25" relation="include">
        </childnode>
        <childnode refid="17" relation="include">
        </childnode>
        <childnode refid="26" relation="include">
        </childnode>
        <childnode refid="27" relation="include">
        </childnode>
        <childnode refid="28" relation="include">
        </childnode>
      </node>
      <node id="36">
        <label>SFMLOrthogonalLayer.hpp</label>
        <link refid="d7/dd8/_s_f_m_l_orthogonal_layer_8hpp"/>
        <childnode refid="35" relation="include">
        </childnode>
        <childnode refid="37" relation="include">
        </childnode>
        <childnode refid="38" relation="include">
        </childnode>
        <childnode refid="39" relation="include">
        </childnode>
        <childnode refid="40" relation="include">
        </childnode>
        <childnode refid="41" relation="include">
        </childnode>
        <childnode refid="42" relation="include">
        </childnode>
        <childnode refid="43" relation="include">
        </childnode>
        <childnode refid="44" relation="include">
        </childnode>
        <childnode refid="45" relation="include">
        </childnode>
        <childnode refid="3" relation="include">
        </childnode>
        <childnode refid="14" relation="include">
        </childnode>
        <childnode refid="46" relation="include">
        </childnode>
        <childnode refid="10" relation="include">
        </childnode>
        <childnode refid="4" relation="include">
        </childnode>
        <childnode refid="47" relation="include">
        </childnode>
        <childnode refid="17" relation="include">
        </childnode>
        <childnode refid="32" relation="include">
        </childnode>
      </node>
      <node id="18">
        <label>SplashState.hpp</label>
        <link refid="d1/d76/_splash_state_8hpp"/>
        <childnode refid="5" relation="include">
        </childnode>
        <childnode refid="19" relation="include">
        </childnode>
        <childnode refid="8" relation="include">
        </childnode>
        <childnode refid="2" relation="include">
        </childnode>
        <childnode refid="20" relation="include">
        </childnode>
        <childnode refid="31" relation="include">
        </childnode>
        <childnode refid="32" relation="include">
        </childnode>
      </node>
      <node id="8">
        <label>State.hpp</label>
        <link refid="d5/d5d/_state_8hpp"/>
      </node>
      <node id="6">
        <label>StateMachine.hpp</label>
        <link refid="d8/d91/_state_machine_8hpp"/>
        <childnode refid="3" relation="include">
        </childnode>
        <childnode refid="7" relation="include">
        </childnode>
        <childnode refid="8" relation="include">
        </childnode>
      </node>
      <node id="48">
        <label>TileMap.hpp</label>
        <link refid="dd/d11/_tile_map_8hpp"/>
        <childnode refid="5" relation="include">
        </childnode>
      </node>
      <node id="16">
        <label>entity.h</label>
        <link refid="d8/d83/entity_8h"/>
        <childnode refid="5" relation="include">
        </childnode>
        <childnode refid="4" relation="include">
        </childnode>
        <childnode refid="15" relation="include">
        </childnode>
        <childnode refid="17" relation="include">
        </childnode>
      </node>
      <node id="12">
        <label>entity_manager.h</label>
        <link refid="df/d8c/entity__manager_8h"/>
        <childnode refid="13" relation="include">
        </childnode>
        <childnode refid="14" relation="include">
        </childnode>
        <childnode refid="15" relation="include">
        </childnode>
        <childnode refid="16" relation="include">
        </childnode>
      </node>
      <node id="19">
        <label>SFML/Audio.hpp</label>
      </node>
      <node id="5">
        <label>SFML/Graphics.hpp</label>
      </node>
      <node id="39">
        <label>SFML/Graphics/Drawable.hpp</label>
      </node>
      <node id="40">
        <label>SFML/Graphics/RenderStates.hpp</label>
      </node>
      <node id="41">
        <label>SFML/Graphics/RenderTarget.hpp</label>
      </node>
      <node id="43">
        <label>SFML/Graphics/Texture.hpp</label>
      </node>
      <node id="44">
        <label>SFML/Graphics/Transformable.hpp</label>
      </node>
      <node id="42">
        <label>SFML/Graphics/Vertex.hpp</label>
      </node>
      <node id="45">
        <label>SFML/System/Time.hpp</label>
      </node>
      <node id="46">
        <label>array</label>
      </node>
      <node id="15">
        <label>box2d/box2d.h</label>
      </node>
      <node id="32">
        <label>cmath</label>
      </node>
      <node id="31">
        <label>complex</label>
      </node>
      <node id="17">
        <label>iostream</label>
      </node>
      <node id="47">
        <label>limits</label>
      </node>
      <node id="10">
        <label>map</label>
      </node>
      <node id="3">
        <label>memory</label>
      </node>
      <node id="7">
        <label>stack</label>
      </node>
      <node id="26">
        <label>stdlib.h</label>
      </node>
      <node id="4">
        <label>string</label>
      </node>
      <node id="27">
        <label>time.h</label>
      </node>
      <node id="30">
        <label>tinyxml.h</label>
      </node>
      <node id="35">
        <label>tmxlite/Map.hpp</label>
      </node>
      <node id="37">
        <label>tmxlite/TileLayer.hpp</label>
      </node>
      <node id="38">
        <label>tmxlite/detail/Log.hpp</label>
      </node>
      <node id="28">
        <label>unistd.h</label>
      </node>
      <node id="13">
        <label>unordered_map</label>
      </node>
      <node id="14">
        <label>vector</label>
      </node>
    </incdepgraph>
    <innernamespace refid="d8/d6a/namespace_sekander">Sekander</innernamespace>
    <briefdescription>
    </briefdescription>
    <detaileddescription>
    </detaileddescription>
    <programlisting>
<codeline lineno="1"><highlight class="preprocessor">#include<sp/>&quot;<ref refid="d2/d07/_game_8hpp" kindref="compound">Game.hpp</ref>&quot;</highlight><highlight class="normal"></highlight></codeline>
<codeline lineno="2"><highlight class="normal"></highlight><highlight class="preprocessor">#include<sp/>&quot;<ref refid="d1/d76/_splash_state_8hpp" kindref="compound">SplashState.hpp</ref>&quot;</highlight><highlight class="normal"></highlight></codeline>
<codeline lineno="3"><highlight class="normal"></highlight><highlight class="preprocessor">#include<sp/>&quot;<ref refid="d2/d86/_game_state_8hpp" kindref="compound">GameState.hpp</ref>&quot;</highlight><highlight class="normal"></highlight></codeline>
<codeline lineno="4"><highlight class="normal"></highlight><highlight class="preprocessor">#include<sp/>&quot;<ref refid="df/d44/_d_e_f_i_n_i_t_i_o_n_s_8hpp" kindref="compound">DEFINITIONS.hpp</ref>&quot;</highlight><highlight class="normal"></highlight></codeline>
<codeline lineno="5"><highlight class="normal"></highlight><highlight class="preprocessor">#include<sp/>&lt;stdlib.h&gt;</highlight><highlight class="normal"></highlight></codeline>
<codeline lineno="6"><highlight class="normal"></highlight><highlight class="preprocessor">#include<sp/>&lt;time.h&gt;</highlight><highlight class="normal"></highlight></codeline>
<codeline lineno="7"><highlight class="normal"></highlight></codeline>
<codeline lineno="8"><highlight class="normal"></highlight><highlight class="keyword">namespace<sp/></highlight><highlight class="normal"><ref refid="d8/d6a/namespace_sekander" kindref="compound">Sekander</ref></highlight></codeline>
<codeline lineno="9"><highlight class="normal">{</highlight></codeline>
<codeline lineno="10" refid="d1/d46/class_sekander_1_1_game_1a53c182b8b8b63723740aaef1b0cc25a0" refkind="member"><highlight class="normal"><sp/><sp/><sp/><sp/><ref refid="d1/d46/class_sekander_1_1_game_1a53c182b8b8b63723740aaef1b0cc25a0" kindref="member">Game::Game</ref>(</highlight><highlight class="keywordtype">int</highlight><highlight class="normal"><sp/>width,<sp/></highlight><highlight class="keywordtype">int</highlight><highlight class="normal"><sp/>height,<sp/>std::string<sp/>title)</highlight></codeline>
<codeline lineno="11"><highlight class="normal"><sp/><sp/><sp/><sp/>{</highlight></codeline>
<codeline lineno="12"><highlight class="normal"><sp/><sp/><sp/><sp/><sp/><sp/><sp/><sp/>srand(time(NULL));</highlight></codeline>
<codeline lineno="13"><highlight class="normal"></highlight></codeline>
<codeline lineno="14"><highlight class="normal"><sp/><sp/><sp/><sp/><sp/><sp/><sp/><sp/>_data-&gt;window.create(sf::VideoMode(width,<sp/>height),<sp/>title,<sp/>sf::Style::Close<sp/>|<sp/>sf::Style::Titlebar);</highlight></codeline>
<codeline lineno="15"><highlight class="normal"><sp/><sp/><sp/><sp/><sp/><sp/><sp/><sp/>_data-&gt;machine.AddState(<ref refid="d8/d6a/namespace_sekander_1a8503cedf9c863e9f6986eb29f2296f1a" kindref="member">StateRef</ref>(</highlight><highlight class="keyword">new</highlight><highlight class="normal"><sp/><ref refid="db/da4/class_sekander_1_1_splash_state" kindref="compound">SplashState</ref>(this-&gt;_data)));</highlight></codeline>
<codeline lineno="16"><highlight class="normal"><sp/><sp/><sp/><sp/><sp/><sp/><sp/><sp/>_data-&gt;window.setVerticalSyncEnabled(</highlight><highlight class="keyword">true</highlight><highlight class="normal">);<sp/></highlight><highlight class="comment">//<sp/>call<sp/>it<sp/>once,<sp/>after<sp/>creating<sp/>the<sp/>window</highlight><highlight class="normal"></highlight></codeline>
<codeline lineno="17"><highlight class="normal"></highlight></codeline>
<codeline lineno="18"><highlight class="normal"></highlight></codeline>
<codeline lineno="19"><highlight class="normal"><sp/><sp/><sp/><sp/><sp/><sp/><sp/><sp/>this-&gt;Run();</highlight></codeline>
<codeline lineno="20"><highlight class="normal"><sp/><sp/><sp/><sp/>}</highlight></codeline>
<codeline lineno="21"><highlight class="normal"></highlight></codeline>
<codeline lineno="22" refid="d1/d46/class_sekander_1_1_game_1afe9c8ee4d47148de8fed696efe7bd9ac" refkind="member"><highlight class="normal"><sp/><sp/><sp/><sp/><ref refid="d1/d46/class_sekander_1_1_game_1a53c182b8b8b63723740aaef1b0cc25a0" kindref="member">Game::Game</ref>(</highlight><highlight class="keywordtype">int</highlight><highlight class="normal"><sp/>width,<sp/></highlight><highlight class="keywordtype">int</highlight><highlight class="normal"><sp/>height,<sp/>std::string<sp/>title,<sp/></highlight><highlight class="keywordtype">bool</highlight><highlight class="normal"><sp/>fullScreen)</highlight></codeline>
<codeline lineno="23"><highlight class="normal"><sp/><sp/><sp/><sp/>{</highlight></codeline>
<codeline lineno="24"><highlight class="normal"></highlight></codeline>
<codeline lineno="25"><highlight class="normal"><sp/><sp/><sp/><sp/><sp/><sp/><sp/><sp/>fullScreen<sp/>=<sp/>m_isFullscreen;</highlight></codeline>
<codeline lineno="26"><highlight class="normal"></highlight></codeline>
<codeline lineno="27"><highlight class="normal"><sp/><sp/><sp/><sp/><sp/><sp/><sp/><sp/>srand(time(NULL));</highlight></codeline>
<codeline lineno="28"><highlight class="normal"></highlight></codeline>
<codeline lineno="29"><highlight class="normal"><sp/><sp/><sp/><sp/><sp/><sp/><sp/><sp/></highlight><highlight class="keywordflow">if</highlight><highlight class="normal">(fullScreen<sp/>==<sp/></highlight><highlight class="keyword">true</highlight><highlight class="normal">)</highlight></codeline>
<codeline lineno="30"><highlight class="normal"><sp/><sp/><sp/><sp/><sp/><sp/><sp/><sp/>{</highlight></codeline>
<codeline lineno="31"><highlight class="normal"><sp/><sp/><sp/><sp/><sp/><sp/><sp/><sp/><sp/><sp/><sp/><sp/>_data-&gt;window.create(sf::VideoMode(width,<sp/>height),<sp/>title,<sp/>sf::Style::Fullscreen);</highlight></codeline>
<codeline lineno="32"><highlight class="normal"><sp/><sp/><sp/><sp/><sp/><sp/><sp/><sp/><sp/><sp/><sp/><sp/>_data-&gt;machine.AddState(<ref refid="d8/d6a/namespace_sekander_1a8503cedf9c863e9f6986eb29f2296f1a" kindref="member">StateRef</ref>(</highlight><highlight class="keyword">new</highlight><highlight class="normal"><sp/><ref refid="db/da4/class_sekander_1_1_splash_state" kindref="compound">SplashState</ref>(this-&gt;_data)));</highlight></codeline>
<codeline lineno="33"><highlight class="normal"><sp/><sp/><sp/><sp/><sp/><sp/><sp/><sp/><sp/><sp/><sp/><sp/></highlight><highlight class="comment">//this-&gt;_data-&gt;machine.AddState(StateRef(new<sp/>GameState(_data)),<sp/>true);</highlight><highlight class="normal"></highlight></codeline>
<codeline lineno="34"><highlight class="normal"><sp/><sp/><sp/><sp/><sp/><sp/><sp/><sp/><sp/><sp/><sp/><sp/>_data-&gt;window.setVerticalSyncEnabled(</highlight><highlight class="keyword">true</highlight><highlight class="normal">);<sp/></highlight><highlight class="comment">//<sp/>call<sp/>it<sp/>once,<sp/>after<sp/>creating<sp/>the<sp/>window</highlight><highlight class="normal"></highlight></codeline>
<codeline lineno="35"><highlight class="normal"></highlight></codeline>
<codeline lineno="36"><highlight class="normal"><sp/><sp/><sp/><sp/><sp/><sp/><sp/><sp/>}</highlight></codeline>
<codeline lineno="37"><highlight class="normal"><sp/><sp/><sp/><sp/><sp/><sp/><sp/><sp/></highlight><highlight class="keywordflow">else</highlight><highlight class="normal"></highlight></codeline>
<codeline lineno="38"><highlight class="normal"><sp/><sp/><sp/><sp/><sp/><sp/><sp/><sp/>{</highlight></codeline>
<codeline lineno="39"><highlight class="normal"><sp/><sp/><sp/><sp/><sp/><sp/><sp/><sp/><sp/><sp/><sp/><sp/>_data-&gt;window.create(sf::VideoMode(width,<sp/>height),<sp/>title,<sp/>sf::Style::Close<sp/>|<sp/>sf::Style::Titlebar);</highlight></codeline>
<codeline lineno="40"><highlight class="normal"><sp/><sp/><sp/><sp/><sp/><sp/><sp/><sp/><sp/><sp/><sp/><sp/>_data-&gt;machine.AddState(<ref refid="d8/d6a/namespace_sekander_1a8503cedf9c863e9f6986eb29f2296f1a" kindref="member">StateRef</ref>(</highlight><highlight class="keyword">new</highlight><highlight class="normal"><sp/><ref refid="db/da4/class_sekander_1_1_splash_state" kindref="compound">SplashState</ref>(this-&gt;_data)));</highlight></codeline>
<codeline lineno="41"><highlight class="normal"><sp/><sp/><sp/><sp/><sp/><sp/><sp/><sp/><sp/><sp/><sp/><sp/></highlight><highlight class="comment">//this-&gt;_data-&gt;machine.AddState(StateRef(new<sp/>GameState(_data)),false<sp/>);</highlight><highlight class="normal"></highlight></codeline>
<codeline lineno="42"><highlight class="normal"><sp/><sp/><sp/><sp/><sp/><sp/><sp/><sp/><sp/><sp/><sp/><sp/>_data-&gt;window.setVerticalSyncEnabled(</highlight><highlight class="keyword">true</highlight><highlight class="normal">);<sp/></highlight><highlight class="comment">//<sp/>call<sp/>it<sp/>once,<sp/>after<sp/>creating<sp/>the<sp/>window</highlight><highlight class="normal"></highlight></codeline>
<codeline lineno="43"><highlight class="normal"></highlight></codeline>
<codeline lineno="44"><highlight class="normal"><sp/><sp/><sp/><sp/><sp/><sp/><sp/><sp/>}</highlight></codeline>
<codeline lineno="45"><highlight class="normal"><sp/><sp/><sp/><sp/><sp/><sp/><sp/><sp/>this-&gt;Run();</highlight></codeline>
<codeline lineno="46"><highlight class="normal"><sp/><sp/><sp/><sp/>}</highlight></codeline>
<codeline lineno="47"><highlight class="normal"></highlight></codeline>
<codeline lineno="48" refid="d1/d46/class_sekander_1_1_game_1a187c141c1b8b70416dccfbfb15d2a3db" refkind="member"><highlight class="normal"><sp/><sp/><sp/><sp/><ref refid="d1/d46/class_sekander_1_1_game_1a53c182b8b8b63723740aaef1b0cc25a0" kindref="member">Game::Game</ref>(</highlight><highlight class="keywordtype">int</highlight><highlight class="normal"><sp/>width,<sp/></highlight><highlight class="keywordtype">int</highlight><highlight class="normal"><sp/>height,<sp/>std::string<sp/>title,<sp/></highlight><highlight class="keywordtype">bool</highlight><highlight class="normal"><sp/>fullScreen,<sp/></highlight><highlight class="keyword">const</highlight><highlight class="normal"><sp/></highlight><highlight class="keywordtype">char</highlight><highlight class="normal">*<sp/>xml_DOC)</highlight></codeline>
<codeline lineno="49"><highlight class="normal"><sp/><sp/><sp/><sp/>{</highlight></codeline>
<codeline lineno="50"><highlight class="normal"></highlight></codeline>
<codeline lineno="51"><highlight class="normal"><sp/><sp/><sp/><sp/><sp/><sp/><sp/><sp/></highlight><highlight class="comment">//fullScreen<sp/>=<sp/>m_isFullscreen;</highlight><highlight class="normal"></highlight></codeline>
<codeline lineno="52"><highlight class="normal"></highlight></codeline>
<codeline lineno="53"><highlight class="normal"><sp/><sp/><sp/><sp/><sp/><sp/><sp/><sp/>srand(time(NULL));</highlight></codeline>
<codeline lineno="54"><highlight class="normal"></highlight></codeline>
<codeline lineno="55"><highlight class="normal"><sp/><sp/><sp/><sp/><sp/><sp/><sp/><sp/></highlight><highlight class="keywordflow">if</highlight><highlight class="normal">(fullScreen)</highlight></codeline>
<codeline lineno="56"><highlight class="normal"><sp/><sp/><sp/><sp/><sp/><sp/><sp/><sp/>{</highlight></codeline>
<codeline lineno="57"><highlight class="normal"><sp/><sp/><sp/><sp/><sp/><sp/><sp/><sp/><sp/><sp/><sp/><sp/>_data-&gt;window.create(sf::VideoMode(width,<sp/>height),<sp/>title,<sp/>sf::Style::Fullscreen);</highlight></codeline>
<codeline lineno="58"><highlight class="normal"><sp/><sp/><sp/><sp/><sp/><sp/><sp/><sp/><sp/><sp/><sp/><sp/>_data-&gt;machine.AddState(<ref refid="d8/d6a/namespace_sekander_1a8503cedf9c863e9f6986eb29f2296f1a" kindref="member">StateRef</ref>(</highlight><highlight class="keyword">new</highlight><highlight class="normal"><sp/><ref refid="db/da4/class_sekander_1_1_splash_state" kindref="compound">SplashState</ref>(this-&gt;_data,<sp/>xml_DOC)));</highlight></codeline>
<codeline lineno="59"><highlight class="normal"><sp/><sp/><sp/><sp/><sp/><sp/><sp/><sp/><sp/><sp/><sp/><sp/></highlight><highlight class="comment">//this-&gt;_data-&gt;machine.AddState(StateRef(new<sp/>GameState(_data)),<sp/>true);</highlight><highlight class="normal"></highlight></codeline>
<codeline lineno="60"><highlight class="normal"><sp/><sp/><sp/><sp/><sp/><sp/><sp/><sp/><sp/><sp/><sp/><sp/></highlight><highlight class="comment">//this-&gt;_data-&gt;machine.AddState(StateRef(new<sp/>GameState(_data,<sp/>xml_DOC)),<sp/>true);</highlight><highlight class="normal"></highlight></codeline>
<codeline lineno="61"><highlight class="normal"><sp/><sp/><sp/><sp/><sp/><sp/><sp/><sp/><sp/><sp/><sp/><sp/>_data-&gt;window.setVerticalSyncEnabled(</highlight><highlight class="keyword">true</highlight><highlight class="normal">);<sp/></highlight><highlight class="comment">//<sp/>call<sp/>it<sp/>once,<sp/>after<sp/>creating<sp/>the<sp/>window</highlight><highlight class="normal"></highlight></codeline>
<codeline lineno="62"><highlight class="normal"><sp/><sp/><sp/><sp/><sp/><sp/><sp/><sp/>}</highlight></codeline>
<codeline lineno="63"><highlight class="normal"><sp/><sp/><sp/><sp/><sp/><sp/><sp/><sp/></highlight><highlight class="keywordflow">else</highlight><highlight class="normal"></highlight></codeline>
<codeline lineno="64"><highlight class="normal"><sp/><sp/><sp/><sp/><sp/><sp/><sp/><sp/>{</highlight></codeline>
<codeline lineno="65"><highlight class="normal"><sp/><sp/><sp/><sp/><sp/><sp/><sp/><sp/><sp/><sp/><sp/><sp/>_data-&gt;window.create(sf::VideoMode(width,<sp/>height),<sp/>title,<sp/>sf::Style::Close<sp/>|<sp/>sf::Style::Titlebar);</highlight></codeline>
<codeline lineno="66"><highlight class="normal"><sp/><sp/><sp/><sp/><sp/><sp/><sp/><sp/><sp/><sp/><sp/><sp/>_data-&gt;window.setPosition(sf::Vector2i(0,<sp/>0));</highlight></codeline>
<codeline lineno="67"><highlight class="normal"><sp/><sp/><sp/><sp/><sp/><sp/><sp/><sp/><sp/><sp/><sp/><sp/>_data-&gt;machine.AddState(<ref refid="d8/d6a/namespace_sekander_1a8503cedf9c863e9f6986eb29f2296f1a" kindref="member">StateRef</ref>(</highlight><highlight class="keyword">new</highlight><highlight class="normal"><sp/><ref refid="db/da4/class_sekander_1_1_splash_state" kindref="compound">SplashState</ref>(this-&gt;_data,<sp/>xml_DOC)));</highlight></codeline>
<codeline lineno="68"><highlight class="normal"><sp/><sp/><sp/><sp/><sp/><sp/><sp/><sp/><sp/><sp/><sp/><sp/></highlight><highlight class="comment">//this-&gt;_data-&gt;machine.AddState(StateRef(new<sp/>GameState(_data)),false<sp/>);</highlight><highlight class="normal"></highlight></codeline>
<codeline lineno="69"><highlight class="normal"><sp/><sp/><sp/><sp/><sp/><sp/><sp/><sp/><sp/><sp/><sp/><sp/></highlight><highlight class="comment">//this-&gt;_data-&gt;machine.AddState(StateRef(new<sp/>GameState(_data,<sp/>xml_DOC)),false<sp/>);</highlight><highlight class="normal"></highlight></codeline>
<codeline lineno="70"><highlight class="normal"><sp/><sp/><sp/><sp/><sp/><sp/><sp/><sp/><sp/><sp/><sp/><sp/>_data-&gt;window.setVerticalSyncEnabled(</highlight><highlight class="keyword">true</highlight><highlight class="normal">);<sp/></highlight><highlight class="comment">//<sp/>call<sp/>it<sp/>once,<sp/>after<sp/>creating<sp/>the<sp/>window</highlight><highlight class="normal"></highlight></codeline>
<codeline lineno="71"><highlight class="normal"></highlight></codeline>
<codeline lineno="72"><highlight class="normal"><sp/><sp/><sp/><sp/><sp/><sp/><sp/><sp/>}</highlight></codeline>
<codeline lineno="73"><highlight class="normal"><sp/><sp/><sp/><sp/><sp/><sp/><sp/><sp/>this-&gt;Run();</highlight></codeline>
<codeline lineno="74"><highlight class="normal"><sp/><sp/><sp/><sp/>}</highlight></codeline>
<codeline lineno="75"><highlight class="normal"></highlight></codeline>
<codeline lineno="76"><highlight class="normal"><sp/><sp/><sp/><sp/></highlight><highlight class="keywordtype">void</highlight><highlight class="normal"><sp/>Game::Run()</highlight></codeline>
<codeline lineno="77"><highlight class="normal"><sp/><sp/><sp/><sp/>{</highlight></codeline>
<codeline lineno="78"><highlight class="normal"><sp/><sp/><sp/><sp/><sp/><sp/><sp/><sp/></highlight><highlight class="keywordtype">float</highlight><highlight class="normal"><sp/>newTime,<sp/>frameTime,<sp/>interpolation;</highlight></codeline>
<codeline lineno="79"><highlight class="normal"></highlight></codeline>
<codeline lineno="80"><highlight class="normal"><sp/><sp/><sp/><sp/><sp/><sp/><sp/><sp/></highlight><highlight class="keywordtype">float</highlight><highlight class="normal"><sp/>currentTime<sp/>=<sp/>this-&gt;_clock.getElapsedTime().asSeconds();</highlight></codeline>
<codeline lineno="81"><highlight class="normal"><sp/><sp/><sp/><sp/><sp/><sp/><sp/><sp/></highlight><highlight class="keywordtype">float</highlight><highlight class="normal"><sp/>accumulator<sp/>=<sp/>0.0f;</highlight></codeline>
<codeline lineno="82"><highlight class="normal"></highlight></codeline>
<codeline lineno="83"><highlight class="normal"><sp/><sp/><sp/><sp/><sp/><sp/><sp/><sp/></highlight><highlight class="keywordflow">while</highlight><highlight class="normal"><sp/>(this-&gt;_data-&gt;window.isOpen())</highlight></codeline>
<codeline lineno="84"><highlight class="normal"><sp/><sp/><sp/><sp/><sp/><sp/><sp/><sp/>{</highlight></codeline>
<codeline lineno="85"><highlight class="normal"><sp/><sp/><sp/><sp/><sp/><sp/><sp/><sp/><sp/><sp/><sp/><sp/>this-&gt;_data-&gt;machine.ProcessStateChanges();</highlight></codeline>
<codeline lineno="86"><highlight class="normal"></highlight></codeline>
<codeline lineno="87"><highlight class="normal"><sp/><sp/><sp/><sp/><sp/><sp/><sp/><sp/><sp/><sp/><sp/><sp/>newTime<sp/>=<sp/>this-&gt;_clock.getElapsedTime().asSeconds();</highlight></codeline>
<codeline lineno="88"><highlight class="normal"><sp/><sp/><sp/><sp/><sp/><sp/><sp/><sp/><sp/><sp/><sp/><sp/>frameTime<sp/>=<sp/>newTime<sp/>-<sp/>currentTime;</highlight></codeline>
<codeline lineno="89"><highlight class="normal"></highlight></codeline>
<codeline lineno="90"><highlight class="normal"><sp/><sp/><sp/><sp/><sp/><sp/><sp/><sp/><sp/><sp/><sp/><sp/></highlight><highlight class="keywordflow">if</highlight><highlight class="normal"><sp/>(frameTime<sp/>&gt;<sp/>0.25f)</highlight></codeline>
<codeline lineno="91"><highlight class="normal"><sp/><sp/><sp/><sp/><sp/><sp/><sp/><sp/><sp/><sp/><sp/><sp/>{</highlight></codeline>
<codeline lineno="92"><highlight class="normal"><sp/><sp/><sp/><sp/><sp/><sp/><sp/><sp/><sp/><sp/><sp/><sp/><sp/><sp/><sp/><sp/>frameTime<sp/>=<sp/>0.25f;</highlight></codeline>
<codeline lineno="93"><highlight class="normal"><sp/><sp/><sp/><sp/><sp/><sp/><sp/><sp/><sp/><sp/><sp/><sp/>}</highlight></codeline>
<codeline lineno="94"><highlight class="normal"></highlight></codeline>
<codeline lineno="95"><highlight class="normal"><sp/><sp/><sp/><sp/><sp/><sp/><sp/><sp/><sp/><sp/><sp/><sp/>currentTime<sp/>=<sp/>newTime;</highlight></codeline>
<codeline lineno="96"><highlight class="normal"><sp/><sp/><sp/><sp/><sp/><sp/><sp/><sp/><sp/><sp/><sp/><sp/>accumulator<sp/>+=<sp/>frameTime;</highlight></codeline>
<codeline lineno="97"><highlight class="normal"></highlight></codeline>
<codeline lineno="98"><highlight class="normal"><sp/><sp/><sp/><sp/><sp/><sp/><sp/><sp/><sp/><sp/><sp/><sp/></highlight><highlight class="keywordflow">while</highlight><highlight class="normal"><sp/>(accumulator<sp/>&gt;=<sp/>dt)</highlight></codeline>
<codeline lineno="99"><highlight class="normal"><sp/><sp/><sp/><sp/><sp/><sp/><sp/><sp/><sp/><sp/><sp/><sp/>{</highlight></codeline>
<codeline lineno="100"><highlight class="normal"><sp/><sp/><sp/><sp/><sp/><sp/><sp/><sp/><sp/><sp/><sp/><sp/><sp/><sp/><sp/><sp/>this-&gt;_data-&gt;machine.GetActiveState()-&gt;HandleInput();</highlight></codeline>
<codeline lineno="101"><highlight class="normal"><sp/><sp/><sp/><sp/><sp/><sp/><sp/><sp/><sp/><sp/><sp/><sp/><sp/><sp/><sp/><sp/>this-&gt;_data-&gt;machine.GetActiveState()-&gt;Update(dt);</highlight></codeline>
<codeline lineno="102"><highlight class="normal"></highlight></codeline>
<codeline lineno="103"><highlight class="normal"><sp/><sp/><sp/><sp/><sp/><sp/><sp/><sp/><sp/><sp/><sp/><sp/><sp/><sp/><sp/><sp/>accumulator<sp/>-=<sp/>dt;</highlight></codeline>
<codeline lineno="104"><highlight class="normal"><sp/><sp/><sp/><sp/><sp/><sp/><sp/><sp/><sp/><sp/><sp/><sp/>}</highlight></codeline>
<codeline lineno="105"><highlight class="normal"></highlight></codeline>
<codeline lineno="106"><highlight class="normal"><sp/><sp/><sp/><sp/><sp/><sp/><sp/><sp/><sp/><sp/><sp/><sp/>interpolation<sp/>=<sp/>accumulator<sp/>/<sp/>dt;</highlight></codeline>
<codeline lineno="107"><highlight class="normal"><sp/><sp/><sp/><sp/><sp/><sp/><sp/><sp/><sp/><sp/><sp/><sp/>this-&gt;_data-&gt;machine.GetActiveState()-&gt;Draw(interpolation);</highlight></codeline>
<codeline lineno="108"><highlight class="normal"><sp/><sp/><sp/><sp/><sp/><sp/><sp/><sp/>}</highlight></codeline>
<codeline lineno="109"><highlight class="normal"><sp/><sp/><sp/><sp/>}</highlight></codeline>
<codeline lineno="110"><highlight class="normal"></highlight></codeline>
<codeline lineno="111" refid="d1/d46/class_sekander_1_1_game_1a2bf4207f57e28e619fcdf383079c3a9d" refkind="member"><highlight class="normal"><sp/><sp/><sp/><sp/></highlight><highlight class="keywordtype">void</highlight><highlight class="normal"><sp/><ref refid="d1/d46/class_sekander_1_1_game_1a2bf4207f57e28e619fcdf383079c3a9d" kindref="member">Game::ToggleFullscreen</ref>()</highlight></codeline>
<codeline lineno="112"><highlight class="normal"><sp/><sp/><sp/><sp/>{</highlight></codeline>
<codeline lineno="113"><highlight class="normal"><sp/><sp/><sp/><sp/><sp/><sp/><sp/><sp/>m_isFullscreen<sp/>=<sp/></highlight><highlight class="keyword">true</highlight><highlight class="normal">;</highlight></codeline>
<codeline lineno="114"><highlight class="normal"><sp/><sp/><sp/><sp/><sp/><sp/><sp/><sp/>_data-&gt;window.close();</highlight></codeline>
<codeline lineno="115"><highlight class="normal"><sp/><sp/><sp/><sp/><sp/><sp/><sp/><sp/><ref refid="d1/d46/class_sekander_1_1_game_1a53c182b8b8b63723740aaef1b0cc25a0" kindref="member">Game</ref>(<ref refid="df/d44/_d_e_f_i_n_i_t_i_o_n_s_8hpp_1a2cd109632a6dcccaa80b43561b1ab700" kindref="member">SCREEN_WIDTH</ref>,<sp/><ref refid="df/d44/_d_e_f_i_n_i_t_i_o_n_s_8hpp_1a6974d08a74da681b3957b2fead2608b8" kindref="member">SCREEN_HEIGHT</ref>,<sp/></highlight><highlight class="stringliteral">&quot;Game<sp/>Engine&quot;</highlight><highlight class="normal">,<sp/>m_isFullscreen);</highlight></codeline>
<codeline lineno="116"><highlight class="normal"><sp/><sp/><sp/><sp/>}</highlight></codeline>
<codeline lineno="117"><highlight class="normal">}</highlight></codeline>
    </programlisting>
    <location file="Game.cpp"/>
  </compounddef>
</doxygen>
