<?xml version='1.0' encoding='UTF-8' standalone='no'?>
<doxygen xmlns:xsi="http://www.w3.org/2001/XMLSchema-instance" xsi:noNamespaceSchemaLocation="compound.xsd" version="1.9.2" xml:lang="en-US">
  <compounddef id="d1/da1/class_sekander_1_1_main___player" kind="class" language="C++" prot="public">
    <compoundname>Sekander::Main_Player</compoundname>
    <basecompoundref refid="d4/d74/class_sekander_1_1_game_world" prot="public" virt="non-virtual">Sekander::GameWorld</basecompoundref>
    <includes refid="dc/dea/_main___player_8hpp" local="no">Main_Player.hpp</includes>
      <sectiondef kind="private-attrib">
      <memberdef kind="variable" id="d1/da1/class_sekander_1_1_main___player_1af8df5e326eb1b6fc0d6d55272b2777c4" prot="private" static="no" mutable="no">
        <type>b2World *</type>
        <definition>b2World* Sekander::Main_Player::world</definition>
        <argsstring></argsstring>
        <name>world</name>
        <briefdescription>
        </briefdescription>
        <detaileddescription>
        </detaileddescription>
        <inbodydescription>
        </inbodydescription>
        <location file="Main_Player.hpp" line="366" column="9" bodyfile="Main_Player.hpp" bodystart="366" bodyend="-1"/>
      </memberdef>
      <memberdef kind="variable" id="d1/da1/class_sekander_1_1_main___player_1ab1cbaca430daaf9032034f057cc34684" prot="private" static="no" mutable="no">
        <type>int</type>
        <definition>int Sekander::Main_Player::count</definition>
        <argsstring></argsstring>
        <name>count</name>
        <initializer>= 0</initializer>
        <briefdescription>
        </briefdescription>
        <detaileddescription>
        </detaileddescription>
        <inbodydescription>
        </inbodydescription>
        <location file="Main_Player.hpp" line="367" column="21" bodyfile="Main_Player.hpp" bodystart="367" bodyend="-1"/>
      </memberdef>
      <memberdef kind="variable" id="d1/da1/class_sekander_1_1_main___player_1af1dd80ff5a526e7f46b53ad6b10d3b64" prot="private" static="no" mutable="no">
        <type>bool</type>
        <definition>bool Sekander::Main_Player::m_touching_floor</definition>
        <argsstring></argsstring>
        <name>m_touching_floor</name>
        <briefdescription>
        </briefdescription>
        <detaileddescription>
        </detaileddescription>
        <inbodydescription>
        </inbodydescription>
        <location file="Main_Player.hpp" line="371" column="6" bodyfile="Main_Player.hpp" bodystart="371" bodyend="-1"/>
      </memberdef>
      <memberdef kind="variable" id="d1/da1/class_sekander_1_1_main___player_1a795f1a418617738a2732df46747fc1ab" prot="private" static="no" mutable="no">
        <type>unsigned int</type>
        <definition>unsigned int Sekander::Main_Player::_animationIterator</definition>
        <argsstring></argsstring>
        <name>_animationIterator</name>
        <initializer>= 0</initializer>
        <briefdescription>
        </briefdescription>
        <detaileddescription>
        </detaileddescription>
        <inbodydescription>
        </inbodydescription>
        <location file="Main_Player.hpp" line="375" column="14" bodyfile="Main_Player.hpp" bodystart="375" bodyend="-1"/>
      </memberdef>
      <memberdef kind="variable" id="d1/da1/class_sekander_1_1_main___player_1a02b244af7c3da401d40b6793f78ebd30" prot="private" static="no" mutable="no">
        <type>int unsigned short</type>
        <definition>int unsigned short Sekander::Main_Player::counter</definition>
        <argsstring></argsstring>
        <name>counter</name>
        <initializer>= 0</initializer>
        <briefdescription>
        </briefdescription>
        <detaileddescription>
        </detaileddescription>
        <inbodydescription>
        </inbodydescription>
        <location file="Main_Player.hpp" line="376" column="32" bodyfile="Main_Player.hpp" bodystart="376" bodyend="-1"/>
      </memberdef>
      <memberdef kind="variable" id="d1/da1/class_sekander_1_1_main___player_1a693be2cc7848f8887f8b30e9c84158f8" prot="private" static="no" mutable="no">
        <type>int unsigned short</type>
        <definition>int unsigned short Sekander::Main_Player::jet_fuel</definition>
        <argsstring></argsstring>
        <name>jet_fuel</name>
        <initializer>= 500</initializer>
        <briefdescription>
        </briefdescription>
        <detaileddescription>
        </detaileddescription>
        <inbodydescription>
        </inbodydescription>
        <location file="Main_Player.hpp" line="377" column="32" bodyfile="Main_Player.hpp" bodystart="377" bodyend="-1"/>
      </memberdef>
      <memberdef kind="variable" id="d1/da1/class_sekander_1_1_main___player_1aee32dcab4db0b7b79aa812dd2947022d" prot="private" static="no" mutable="no">
        <type>sf::Clock</type>
        <definition>sf::Clock Sekander::Main_Player::_clock</definition>
        <argsstring></argsstring>
        <name>_clock</name>
        <briefdescription>
        </briefdescription>
        <detaileddescription>
        </detaileddescription>
        <inbodydescription>
        </inbodydescription>
        <location file="Main_Player.hpp" line="379" column="19" bodyfile="Main_Player.hpp" bodystart="379" bodyend="-1"/>
      </memberdef>
      <memberdef kind="variable" id="d1/da1/class_sekander_1_1_main___player_1abf3ac1a3614799b6361d1e2676b13144" prot="private" static="no" mutable="no">
        <type>sf::Time</type>
        <definition>sf::Time Sekander::Main_Player::_time</definition>
        <argsstring></argsstring>
        <name>_time</name>
        <briefdescription>
        </briefdescription>
        <detaileddescription>
        </detaileddescription>
        <inbodydescription>
        </inbodydescription>
        <location file="Main_Player.hpp" line="380" column="10" bodyfile="Main_Player.hpp" bodystart="380" bodyend="-1"/>
      </memberdef>
      <memberdef kind="variable" id="d1/da1/class_sekander_1_1_main___player_1a3a69070e71c8c0dafeb24763875697a9" prot="private" static="no" mutable="no">
        <type>sf::IntRect</type>
        <definition>sf::IntRect Sekander::Main_Player::_playerRect</definition>
        <argsstring></argsstring>
        <name>_playerRect</name>
        <briefdescription>
        </briefdescription>
        <detaileddescription>
        </detaileddescription>
        <inbodydescription>
        </inbodydescription>
        <location file="Main_Player.hpp" line="381" column="21" bodyfile="Main_Player.hpp" bodystart="381" bodyend="-1"/>
      </memberdef>
      <memberdef kind="variable" id="d1/da1/class_sekander_1_1_main___player_1ab103c1a0eda92b779b5df40d40ad38a3" prot="private" static="no" mutable="no">
        <type><ref refid="d8/d6a/namespace_sekander_1a1d69b002ba2d23020901c28f0def5e16" kindref="member">GameDataRef</ref></type>
        <definition>GameDataRef Sekander::Main_Player::_data</definition>
        <argsstring></argsstring>
        <name>_data</name>
        <briefdescription>
        </briefdescription>
        <detaileddescription>
        </detaileddescription>
        <inbodydescription>
        </inbodydescription>
        <location file="Main_Player.hpp" line="386" column="13" bodyfile="Main_Player.hpp" bodystart="386" bodyend="-1"/>
      </memberdef>
      <memberdef kind="variable" id="d1/da1/class_sekander_1_1_main___player_1a33cc5e2d4e6462a9de31fc2cddeb946b" prot="private" static="no" mutable="no">
        <type>std::string</type>
        <definition>std::string Sekander::Main_Player::m_key</definition>
        <argsstring></argsstring>
        <name>m_key</name>
        <briefdescription>
        </briefdescription>
        <detaileddescription>
        </detaileddescription>
        <inbodydescription>
        </inbodydescription>
        <location file="Main_Player.hpp" line="387" column="13" bodyfile="Main_Player.hpp" bodystart="387" bodyend="-1"/>
      </memberdef>
      <memberdef kind="variable" id="d1/da1/class_sekander_1_1_main___player_1a47403c71e431a9b99d6f32fb62d2becb" prot="private" static="no" mutable="no">
        <type>int</type>
        <definition>int Sekander::Main_Player::m_source_x</definition>
        <argsstring></argsstring>
        <name>m_source_x</name>
        <briefdescription>
        </briefdescription>
        <detaileddescription>
        </detaileddescription>
        <inbodydescription>
        </inbodydescription>
        <location file="Main_Player.hpp" line="388" column="5" bodyfile="Main_Player.hpp" bodystart="388" bodyend="-1"/>
      </memberdef>
      <memberdef kind="variable" id="d1/da1/class_sekander_1_1_main___player_1ac4b907b68f4a7eb0b52d4b9ae82ef0e8" prot="private" static="no" mutable="no">
        <type>int</type>
        <definition>int Sekander::Main_Player::m_source_y</definition>
        <argsstring></argsstring>
        <name>m_source_y</name>
        <briefdescription>
        </briefdescription>
        <detaileddescription>
        </detaileddescription>
        <inbodydescription>
        </inbodydescription>
        <location file="Main_Player.hpp" line="389" column="5" bodyfile="Main_Player.hpp" bodystart="389" bodyend="-1"/>
      </memberdef>
      <memberdef kind="variable" id="d1/da1/class_sekander_1_1_main___player_1a922780a2bd4eb58f98b8db35cb1fda64" prot="private" static="no" mutable="no">
        <type>int</type>
        <definition>int Sekander::Main_Player::m_sprite_WIDTH</definition>
        <argsstring></argsstring>
        <name>m_sprite_WIDTH</name>
        <briefdescription>
        </briefdescription>
        <detaileddescription>
        </detaileddescription>
        <inbodydescription>
        </inbodydescription>
        <location file="Main_Player.hpp" line="390" column="5" bodyfile="Main_Player.hpp" bodystart="390" bodyend="-1"/>
      </memberdef>
      <memberdef kind="variable" id="d1/da1/class_sekander_1_1_main___player_1ad5c2af058f12023fbc614fe0ee6a08bc" prot="private" static="no" mutable="no">
        <type>int</type>
        <definition>int Sekander::Main_Player::m_sprite_HEIGHT</definition>
        <argsstring></argsstring>
        <name>m_sprite_HEIGHT</name>
        <briefdescription>
        </briefdescription>
        <detaileddescription>
        </detaileddescription>
        <inbodydescription>
        </inbodydescription>
        <location file="Main_Player.hpp" line="391" column="5" bodyfile="Main_Player.hpp" bodystart="391" bodyend="-1"/>
      </memberdef>
      <memberdef kind="variable" id="d1/da1/class_sekander_1_1_main___player_1a64bcbd5f0670d0e09dc50da88bbdf17e" prot="private" static="no" mutable="no">
        <type>int</type>
        <definition>int Sekander::Main_Player::m_sprite_X_FRAME</definition>
        <argsstring></argsstring>
        <name>m_sprite_X_FRAME</name>
        <briefdescription>
        </briefdescription>
        <detaileddescription>
        </detaileddescription>
        <inbodydescription>
        </inbodydescription>
        <location file="Main_Player.hpp" line="392" column="5" bodyfile="Main_Player.hpp" bodystart="392" bodyend="-1"/>
      </memberdef>
      <memberdef kind="variable" id="d1/da1/class_sekander_1_1_main___player_1a0228218bfc278df504c0e11635b6b247" prot="private" static="no" mutable="no">
        <type>int</type>
        <definition>int Sekander::Main_Player::m_sprite_Y_FRAME</definition>
        <argsstring></argsstring>
        <name>m_sprite_Y_FRAME</name>
        <briefdescription>
        </briefdescription>
        <detaileddescription>
        </detaileddescription>
        <inbodydescription>
        </inbodydescription>
        <location file="Main_Player.hpp" line="393" column="5" bodyfile="Main_Player.hpp" bodystart="393" bodyend="-1"/>
      </memberdef>
      <memberdef kind="variable" id="d1/da1/class_sekander_1_1_main___player_1a1bb12bb0093d4875f616d35b64c0c576" prot="private" static="no" mutable="no">
        <type>float</type>
        <definition>float Sekander::Main_Player::m_sprite_X_POS</definition>
        <argsstring></argsstring>
        <name>m_sprite_X_POS</name>
        <briefdescription>
        </briefdescription>
        <detaileddescription>
        </detaileddescription>
        <inbodydescription>
        </inbodydescription>
        <location file="Main_Player.hpp" line="394" column="7" bodyfile="Main_Player.hpp" bodystart="394" bodyend="-1"/>
      </memberdef>
      <memberdef kind="variable" id="d1/da1/class_sekander_1_1_main___player_1acd6d8d9cb64e2e64c9c68fdb8a39bc73" prot="private" static="no" mutable="no">
        <type>float</type>
        <definition>float Sekander::Main_Player::m_sprite_Y_POS</definition>
        <argsstring></argsstring>
        <name>m_sprite_Y_POS</name>
        <briefdescription>
        </briefdescription>
        <detaileddescription>
        </detaileddescription>
        <inbodydescription>
        </inbodydescription>
        <location file="Main_Player.hpp" line="395" column="7" bodyfile="Main_Player.hpp" bodystart="395" bodyend="-1"/>
      </memberdef>
      <memberdef kind="variable" id="d1/da1/class_sekander_1_1_main___player_1ad384003a5eb6bf3a4afda4652183e79c" prot="private" static="no" mutable="no">
        <type>float</type>
        <definition>float Sekander::Main_Player::m_sprite_ANGLE</definition>
        <argsstring></argsstring>
        <name>m_sprite_ANGLE</name>
        <briefdescription>
        </briefdescription>
        <detaileddescription>
        </detaileddescription>
        <inbodydescription>
        </inbodydescription>
        <location file="Main_Player.hpp" line="396" column="7" bodyfile="Main_Player.hpp" bodystart="396" bodyend="-1"/>
      </memberdef>
      <memberdef kind="variable" id="d1/da1/class_sekander_1_1_main___player_1a9b05bc050c0ad2dbb0e2e5d6996437ad" prot="private" static="no" mutable="no">
        <type>bool</type>
        <definition>bool Sekander::Main_Player::m_trigger_Press</definition>
        <argsstring></argsstring>
        <name>m_trigger_Press</name>
        <initializer>= false</initializer>
        <briefdescription>
        </briefdescription>
        <detaileddescription>
        </detaileddescription>
        <inbodydescription>
        </inbodydescription>
        <location file="Main_Player.hpp" line="399" column="6" bodyfile="Main_Player.hpp" bodystart="399" bodyend="-1"/>
      </memberdef>
      <memberdef kind="variable" id="d1/da1/class_sekander_1_1_main___player_1a8c09a161746d48aa23a36908eed1241a" prot="private" static="no" mutable="no">
        <type>bool</type>
        <definition>bool Sekander::Main_Player::m_am_I_backwards</definition>
        <argsstring></argsstring>
        <name>m_am_I_backwards</name>
        <initializer>= false</initializer>
        <briefdescription>
        </briefdescription>
        <detaileddescription>
        </detaileddescription>
        <inbodydescription>
        </inbodydescription>
        <location file="Main_Player.hpp" line="400" column="6" bodyfile="Main_Player.hpp" bodystart="400" bodyend="-1"/>
      </memberdef>
      <memberdef kind="variable" id="d1/da1/class_sekander_1_1_main___player_1a1a46f90029272d60ea9eb202f37a3ede" prot="private" static="no" mutable="no">
        <type>bool</type>
        <definition>bool Sekander::Main_Player::press_twice</definition>
        <argsstring></argsstring>
        <name>press_twice</name>
        <initializer>= false</initializer>
        <briefdescription>
        </briefdescription>
        <detaileddescription>
        </detaileddescription>
        <inbodydescription>
        </inbodydescription>
        <location file="Main_Player.hpp" line="403" column="6" bodyfile="Main_Player.hpp" bodystart="403" bodyend="-1"/>
      </memberdef>
      <memberdef kind="variable" id="d1/da1/class_sekander_1_1_main___player_1a141ff14ce7f44cd84c1a1d93bcbb49da" prot="private" static="no" mutable="no">
        <type>bool</type>
        <definition>bool Sekander::Main_Player::can_i_jump</definition>
        <argsstring></argsstring>
        <name>can_i_jump</name>
        <initializer>= true</initializer>
        <briefdescription>
        </briefdescription>
        <detaileddescription>
        </detaileddescription>
        <inbodydescription>
        </inbodydescription>
        <location file="Main_Player.hpp" line="406" column="6" bodyfile="Main_Player.hpp" bodystart="406" bodyend="-1"/>
      </memberdef>
      <memberdef kind="variable" id="d1/da1/class_sekander_1_1_main___player_1ac41d33583f05af81a3f6ec42c7925963" prot="private" static="no" mutable="no">
        <type>int</type>
        <definition>int Sekander::Main_Player::m_health</definition>
        <argsstring></argsstring>
        <name>m_health</name>
        <briefdescription>
        </briefdescription>
        <detaileddescription>
        </detaileddescription>
        <inbodydescription>
        </inbodydescription>
        <location file="Main_Player.hpp" line="409" column="5" bodyfile="Main_Player.hpp" bodystart="409" bodyend="-1"/>
      </memberdef>
      <memberdef kind="variable" id="d1/da1/class_sekander_1_1_main___player_1afed990c3a89e6fcbe322d814d3fa1ea1" prot="private" static="no" mutable="no">
        <type>sf::Text</type>
        <definition>sf::Text Sekander::Main_Player::m_health_text</definition>
        <argsstring></argsstring>
        <name>m_health_text</name>
        <briefdescription>
        </briefdescription>
        <detaileddescription>
        </detaileddescription>
        <inbodydescription>
        </inbodydescription>
        <location file="Main_Player.hpp" line="410" column="10" bodyfile="Main_Player.hpp" bodystart="410" bodyend="-1"/>
      </memberdef>
      <memberdef kind="variable" id="d1/da1/class_sekander_1_1_main___player_1ad8964a5a09d1f3f7812138ac1a9d1123" prot="private" static="no" mutable="no">
        <type>sf::Text</type>
        <definition>sf::Text Sekander::Main_Player::m_jet_fuel_text</definition>
        <argsstring></argsstring>
        <name>m_jet_fuel_text</name>
        <briefdescription>
        </briefdescription>
        <detaileddescription>
        </detaileddescription>
        <inbodydescription>
        </inbodydescription>
        <location file="Main_Player.hpp" line="412" column="10" bodyfile="Main_Player.hpp" bodystart="412" bodyend="-1"/>
      </memberdef>
      <memberdef kind="variable" id="d1/da1/class_sekander_1_1_main___player_1a6a06633c43751684ebdf31dc6a261c38" prot="private" static="no" mutable="no">
        <type>float</type>
        <definition>float Sekander::Main_Player::capture_time</definition>
        <argsstring></argsstring>
        <name>capture_time</name>
        <briefdescription>
        </briefdescription>
        <detaileddescription>
        </detaileddescription>
        <inbodydescription>
        </inbodydescription>
        <location file="Main_Player.hpp" line="416" column="7" bodyfile="Main_Player.hpp" bodystart="416" bodyend="-1"/>
      </memberdef>
      <memberdef kind="variable" id="d1/da1/class_sekander_1_1_main___player_1a1d1774274c0cd58f973b56113d8539cf" prot="private" static="no" mutable="no">
        <type>sf::Clock</type>
        <definition>sf::Clock Sekander::Main_Player::gun_clock</definition>
        <argsstring></argsstring>
        <name>gun_clock</name>
        <briefdescription>
        </briefdescription>
        <detaileddescription>
        </detaileddescription>
        <inbodydescription>
        </inbodydescription>
        <location file="Main_Player.hpp" line="417" column="23" bodyfile="Main_Player.hpp" bodystart="417" bodyend="-1"/>
      </memberdef>
      <memberdef kind="variable" id="d1/da1/class_sekander_1_1_main___player_1a0cfd9e7c3c8b23dd2051c93ae3ea23c6" prot="private" static="no" mutable="no">
        <type>sf::Time</type>
        <definition>sf::Time Sekander::Main_Player::time_g</definition>
        <argsstring></argsstring>
        <name>time_g</name>
        <briefdescription>
        </briefdescription>
        <detaileddescription>
        </detaileddescription>
        <inbodydescription>
        </inbodydescription>
        <location file="Main_Player.hpp" line="419" column="10" bodyfile="Main_Player.hpp" bodystart="419" bodyend="-1"/>
      </memberdef>
      </sectiondef>
      <sectiondef kind="public-func">
      <memberdef kind="function" id="d1/da1/class_sekander_1_1_main___player_1a3db6385e3bff1d503b9305dd51952371" prot="public" static="no" const="no" explicit="yes" inline="yes" virt="non-virtual">
        <type></type>
        <definition>Sekander::Main_Player::Main_Player</definition>
        <argsstring>()</argsstring>
        <name>Main_Player</name>
        <briefdescription>
        </briefdescription>
        <detaileddescription>
        </detaileddescription>
        <inbodydescription>
        </inbodydescription>
        <location file="Main_Player.hpp" line="28" column="10" bodyfile="Main_Player.hpp" bodystart="28" bodyend="28"/>
      </memberdef>
      <memberdef kind="function" id="d1/da1/class_sekander_1_1_main___player_1ad4c368b23e2e27a965a71dd5b5a9b8ba" prot="public" static="no" const="no" explicit="yes" inline="yes" virt="non-virtual">
        <type></type>
        <definition>Sekander::Main_Player::Main_Player</definition>
        <argsstring>(GameDataRef data, std::string key, std::string file_name, int source_x, int source_y, int sprite_WIDTH, int sprite_HEIGHT, bool dynamic, int sprite_X_FRAMES, int sprite_Y_FRAMES, float sprite_X_POS, float sprite_Y_POS, float sprite_ANGLE)</argsstring>
        <name>Main_Player</name>
        <param>
          <type><ref refid="d8/d6a/namespace_sekander_1a1d69b002ba2d23020901c28f0def5e16" kindref="member">GameDataRef</ref></type>
          <declname>data</declname>
        </param>
        <param>
          <type>std::string</type>
          <declname>key</declname>
        </param>
        <param>
          <type>std::string</type>
          <declname>file_name</declname>
        </param>
        <param>
          <type>int</type>
          <declname>source_x</declname>
        </param>
        <param>
          <type>int</type>
          <declname>source_y</declname>
        </param>
        <param>
          <type>int</type>
          <declname>sprite_WIDTH</declname>
        </param>
        <param>
          <type>int</type>
          <declname>sprite_HEIGHT</declname>
        </param>
        <param>
          <type>bool</type>
          <declname>dynamic</declname>
        </param>
        <param>
          <type>int</type>
          <declname>sprite_X_FRAMES</declname>
        </param>
        <param>
          <type>int</type>
          <declname>sprite_Y_FRAMES</declname>
        </param>
        <param>
          <type>float</type>
          <declname>sprite_X_POS</declname>
        </param>
        <param>
          <type>float</type>
          <declname>sprite_Y_POS</declname>
        </param>
        <param>
          <type>float</type>
          <declname>sprite_ANGLE</declname>
        </param>
        <briefdescription>
        </briefdescription>
        <detaileddescription>
        </detaileddescription>
        <inbodydescription>
        </inbodydescription>
        <location file="Main_Player.hpp" line="31" column="10" bodyfile="Main_Player.hpp" bodystart="31" bodyend="91"/>
      </memberdef>
      <memberdef kind="function" id="d1/da1/class_sekander_1_1_main___player_1a5d37beaabf93f7c5b01578334da246a2" prot="public" static="no" const="no" explicit="no" inline="no" virt="non-virtual">
        <type>void</type>
        <definition>void Sekander::Main_Player::Jump</definition>
        <argsstring>(bool)</argsstring>
        <name>Jump</name>
        <param>
          <type>bool</type>
          <defname>m_OnFloor</defname>
        </param>
        <briefdescription>
        </briefdescription>
        <detaileddescription>
        </detaileddescription>
        <inbodydescription>
        </inbodydescription>
        <location file="Main_Player.hpp" line="95" column="6" bodyfile="Main_Player.cpp" bodystart="318" bodyend="423"/>
      </memberdef>
      <memberdef kind="function" id="d1/da1/class_sekander_1_1_main___player_1af62bb952d58130e6c79bf033c183df20" prot="public" static="no" const="no" explicit="no" inline="no" virt="non-virtual">
        <type>void</type>
        <definition>void Sekander::Main_Player::DoubleJump</definition>
        <argsstring>(bool)</argsstring>
        <name>DoubleJump</name>
        <param>
          <type>bool</type>
          <defname>second</defname>
        </param>
        <briefdescription>
        </briefdescription>
        <detaileddescription>
        </detaileddescription>
        <inbodydescription>
        </inbodydescription>
        <location file="Main_Player.hpp" line="96" column="6" bodyfile="Main_Player.cpp" bodystart="426" bodyend="446"/>
      </memberdef>
      <memberdef kind="function" id="d1/da1/class_sekander_1_1_main___player_1aaa5aa69d0e4947e24d3ea326f7142bc5" prot="public" static="no" const="no" explicit="no" inline="no" virt="non-virtual">
        <type>void</type>
        <definition>void Sekander::Main_Player::MoverUp</definition>
        <argsstring>()</argsstring>
        <name>MoverUp</name>
        <briefdescription>
        </briefdescription>
        <detaileddescription>
        </detaileddescription>
        <inbodydescription>
        </inbodydescription>
        <location file="Main_Player.hpp" line="97" column="6"/>
      </memberdef>
      <memberdef kind="function" id="d1/da1/class_sekander_1_1_main___player_1a72cd2d23a9d43627df23bf791d5fe08c" prot="public" static="no" const="no" explicit="no" inline="no" virt="non-virtual">
        <type>void</type>
        <definition>void Sekander::Main_Player::MoverDown</definition>
        <argsstring>()</argsstring>
        <name>MoverDown</name>
        <briefdescription>
        </briefdescription>
        <detaileddescription>
        </detaileddescription>
        <inbodydescription>
        </inbodydescription>
        <location file="Main_Player.hpp" line="98" column="6"/>
      </memberdef>
      <memberdef kind="function" id="d1/da1/class_sekander_1_1_main___player_1a5207bda5738aefb2d905170545f6e373" prot="public" static="no" const="no" explicit="no" inline="no" virt="non-virtual">
        <type>void</type>
        <definition>void Sekander::Main_Player::MoverRigtht</definition>
        <argsstring>(float speed)</argsstring>
        <name>MoverRigtht</name>
        <param>
          <type>float</type>
          <declname>speed</declname>
        </param>
        <briefdescription>
        </briefdescription>
        <detaileddescription>
        </detaileddescription>
        <inbodydescription>
        </inbodydescription>
        <location file="Main_Player.hpp" line="99" column="6" bodyfile="Main_Player.cpp" bodystart="5" bodyend="65"/>
        <references refid="d4/d74/class_sekander_1_1_game_world_1ad5c3fd7f0c1347d393df075cea46177e" compoundref="db/d7a/_game_world_8cpp" startline="370" endline="428">Sekander::GameWorld::Animate</references>
      </memberdef>
      <memberdef kind="function" id="d1/da1/class_sekander_1_1_main___player_1a2745801e5bd672d995a5fda6046535e4" prot="public" static="no" const="no" explicit="no" inline="no" virt="non-virtual">
        <type>void</type>
        <definition>void Sekander::Main_Player::Dash</definition>
        <argsstring>()</argsstring>
        <name>Dash</name>
        <briefdescription>
        </briefdescription>
        <detaileddescription>
        </detaileddescription>
        <inbodydescription>
        </inbodydescription>
        <location file="Main_Player.hpp" line="100" column="6" bodyfile="Main_Player.cpp" bodystart="68" bodyend="82"/>
      </memberdef>
      <memberdef kind="function" id="d1/da1/class_sekander_1_1_main___player_1a6fa31e322512055913aa49032761f2c6" prot="public" static="no" const="no" explicit="no" inline="no" virt="non-virtual">
        <type>void</type>
        <definition>void Sekander::Main_Player::Shooting</definition>
        <argsstring>(Gun &amp;, std::unordered_map&lt; std::string, Bullet * &gt;)</argsstring>
        <name>Shooting</name>
        <param>
          <type><ref refid="d1/d17/class_sekander_1_1_gun" kindref="compound">Gun</ref> &amp;</type>
          <defname>gw</defname>
        </param>
        <param>
          <type>std::unordered_map&lt; std::string, <ref refid="da/d68/class_sekander_1_1_bullet" kindref="compound">Bullet</ref> * &gt;</type>
          <defname>bullet_list</defname>
        </param>
        <briefdescription>
        </briefdescription>
        <detaileddescription>
        </detaileddescription>
        <inbodydescription>
        </inbodydescription>
        <location file="Main_Player.hpp" line="101" column="6" bodyfile="Main_Player.cpp" bodystart="147" bodyend="314"/>
        <references refid="d4/d74/class_sekander_1_1_game_world_1a0d0376040dc0171aecdbb5b618741b8b" compoundref="db/d7a/_game_world_8cpp" startline="490" endline="544">Sekander::GameWorld::checkKEYPRESS</references>
        <references refid="d1/d17/class_sekander_1_1_gun_1a7d2a8fefec4e64f6c56359738d7ec7c5" compoundref="d0/d06/_gun_8hpp" startline="84" endline="86">Sekander::Gun::Get_key</references>
        <references refid="d1/d17/class_sekander_1_1_gun_1aced0361bd919bc1221e55d06e8293a88" compoundref="d0/d06/_gun_8hpp" startline="60" endline="63">Sekander::Gun::SetOrigin</references>
        <references refid="d1/d17/class_sekander_1_1_gun_1a748d795cb18ae0fe6ecc6cb4f5841273" compoundref="d7/d7e/_gun_8cpp" startline="41" endline="180">Sekander::Gun::Shoot_Gun</references>
      </memberdef>
      <memberdef kind="function" id="d1/da1/class_sekander_1_1_main___player_1a870cb1809cf55fa050558d40c2d6f487" prot="public" static="no" const="no" explicit="no" inline="no" virt="non-virtual">
        <type>void</type>
        <definition>void Sekander::Main_Player::NU_Shooting</definition>
        <argsstring>(Gun &amp;)</argsstring>
        <name>NU_Shooting</name>
        <param>
          <type><ref refid="d1/d17/class_sekander_1_1_gun" kindref="compound">Gun</ref> &amp;</type>
          <defname>gw</defname>
        </param>
        <briefdescription>
        </briefdescription>
        <detaileddescription>
        </detaileddescription>
        <inbodydescription>
        </inbodydescription>
        <location file="Main_Player.hpp" line="102" column="6" bodyfile="Main_Player.cpp" bodystart="87" bodyend="143"/>
        <references refid="d1/d17/class_sekander_1_1_gun_1aced0361bd919bc1221e55d06e8293a88" compoundref="d0/d06/_gun_8hpp" startline="60" endline="63">Sekander::Gun::SetOrigin</references>
        <references refid="d1/d17/class_sekander_1_1_gun_1a3410d2e3352ec9cb6deb21deda8ff160" compoundref="d7/d7e/_gun_8cpp" startline="328" endline="390">Sekander::Gun::Shoot_Entities</references>
      </memberdef>
      <memberdef kind="function" id="d1/da1/class_sekander_1_1_main___player_1a65ef67033301fad1550350ee12ae32d3" prot="public" static="no" const="no" explicit="no" inline="no" virt="non-virtual">
        <type>void</type>
        <definition>void Sekander::Main_Player::MoverLeft</definition>
        <argsstring>()</argsstring>
        <name>MoverLeft</name>
        <briefdescription>
        </briefdescription>
        <detaileddescription>
        </detaileddescription>
        <inbodydescription>
        </inbodydescription>
        <location file="Main_Player.hpp" line="104" column="6"/>
      </memberdef>
      <memberdef kind="function" id="d1/da1/class_sekander_1_1_main___player_1ac11f979e3ea8f386e0997336670e740b" prot="public" static="no" const="no" explicit="no" inline="no" virt="non-virtual">
        <type>void</type>
        <definition>void Sekander::Main_Player::Camera</definition>
        <argsstring>(sf::View)</argsstring>
        <name>Camera</name>
        <param>
          <type>sf::View</type>
          <defname>view</defname>
        </param>
        <briefdescription>
        </briefdescription>
        <detaileddescription>
        </detaileddescription>
        <inbodydescription>
        </inbodydescription>
        <location file="Main_Player.hpp" line="106" column="6" bodyfile="Main_Player.cpp" bodystart="449" bodyend="540"/>
        <references refid="d1/da1/class_sekander_1_1_main___player_1a8177402b385700b10772b069e5b94913" compoundref="dc/dea/_main___player_8hpp" startline="323" endline="330">GetPosition</references>
      </memberdef>
      <memberdef kind="function" id="d1/da1/class_sekander_1_1_main___player_1aa2903bcbdbbc88119626429a882b7ab0" prot="public" static="no" const="no" explicit="no" inline="no" virt="non-virtual">
        <type>void</type>
        <definition>void Sekander::Main_Player::Shooting</definition>
        <argsstring>(Gun &amp;)</argsstring>
        <name>Shooting</name>
        <param>
          <type><ref refid="d1/d17/class_sekander_1_1_gun" kindref="compound">Gun</ref> &amp;</type>
        </param>
        <briefdescription>
        </briefdescription>
        <detaileddescription>
        </detaileddescription>
        <inbodydescription>
        </inbodydescription>
        <location file="Main_Player.hpp" line="109" column="6"/>
      </memberdef>
      <memberdef kind="function" id="d1/da1/class_sekander_1_1_main___player_1aba0b538754bced9c11d7628d0a5096dd" prot="public" static="no" const="no" explicit="no" inline="no" virt="non-virtual">
        <type>void</type>
        <definition>void Sekander::Main_Player::PickUpGun</definition>
        <argsstring>(Gun &amp;)</argsstring>
        <name>PickUpGun</name>
        <param>
          <type><ref refid="d1/d17/class_sekander_1_1_gun" kindref="compound">Gun</ref> &amp;</type>
        </param>
        <briefdescription>
        </briefdescription>
        <detaileddescription>
        </detaileddescription>
        <inbodydescription>
        </inbodydescription>
        <location file="Main_Player.hpp" line="110" column="6"/>
      </memberdef>
      <memberdef kind="function" id="d1/da1/class_sekander_1_1_main___player_1ae274e228df0f1d40f87e7bf4c83c5c89" prot="public" static="no" const="no" explicit="no" inline="yes" virt="non-virtual">
        <type>void</type>
        <definition>void Sekander::Main_Player::Update</definition>
        <argsstring>(float dt)</argsstring>
        <name>Update</name>
        <param>
          <type>float</type>
          <declname>dt</declname>
        </param>
        <briefdescription>
        </briefdescription>
        <detaileddescription>
        </detaileddescription>
        <inbodydescription>
        </inbodydescription>
        <location file="Main_Player.hpp" line="112" column="6" bodyfile="Main_Player.hpp" bodystart="112" bodyend="184"/>
      </memberdef>
      <memberdef kind="function" id="d1/da1/class_sekander_1_1_main___player_1a2db8b47f870a130057f550d7edeca43b" prot="public" static="no" const="no" explicit="no" inline="yes" virt="non-virtual">
        <type>void</type>
        <definition>void Sekander::Main_Player::Draw</definition>
        <argsstring>()</argsstring>
        <name>Draw</name>
        <briefdescription>
        </briefdescription>
        <detaileddescription>
        </detaileddescription>
        <inbodydescription>
        </inbodydescription>
        <location file="Main_Player.hpp" line="186" column="6" bodyfile="Main_Player.hpp" bodystart="186" bodyend="190"/>
      </memberdef>
      <memberdef kind="function" id="d1/da1/class_sekander_1_1_main___player_1a8d52cc440a3fb8794354930c56cff539" prot="public" static="no" const="no" explicit="no" inline="yes" virt="non-virtual">
        <type>void</type>
        <definition>void Sekander::Main_Player::Player_t00k_damange</definition>
        <argsstring>()</argsstring>
        <name>Player_t00k_damange</name>
        <briefdescription>
        </briefdescription>
        <detaileddescription>
        </detaileddescription>
        <inbodydescription>
        </inbodydescription>
        <location file="Main_Player.hpp" line="193" column="6" bodyfile="Main_Player.hpp" bodystart="193" bodyend="314"/>
      </memberdef>
      <memberdef kind="function" id="d1/da1/class_sekander_1_1_main___player_1af7c8219ebab4cfcfaac1249dd483315c" prot="public" static="no" const="no" explicit="no" inline="yes" virt="non-virtual">
        <type>float</type>
        <definition>float Sekander::Main_Player::Player_get_velocity_Y</definition>
        <argsstring>()</argsstring>
        <name>Player_get_velocity_Y</name>
        <briefdescription>
        </briefdescription>
        <detaileddescription>
        </detaileddescription>
        <inbodydescription>
        </inbodydescription>
        <location file="Main_Player.hpp" line="317" column="7" bodyfile="Main_Player.hpp" bodystart="317" bodyend="321"/>
      </memberdef>
      <memberdef kind="function" id="d1/da1/class_sekander_1_1_main___player_1a8177402b385700b10772b069e5b94913" prot="public" static="no" const="no" explicit="no" inline="yes" virt="non-virtual">
        <type>b2Vec2</type>
        <definition>b2Vec2 Sekander::Main_Player::GetPosition</definition>
        <argsstring>()</argsstring>
        <name>GetPosition</name>
        <briefdescription>
        </briefdescription>
        <detaileddescription>
        </detaileddescription>
        <inbodydescription>
        </inbodydescription>
        <location file="Main_Player.hpp" line="323" column="8" bodyfile="Main_Player.hpp" bodystart="323" bodyend="330"/>
        <referencedby refid="d1/da1/class_sekander_1_1_main___player_1ac11f979e3ea8f386e0997336670e740b" compoundref="d0/db2/_main___player_8cpp" startline="449" endline="540">Camera</referencedby>
      </memberdef>
      <memberdef kind="function" id="d1/da1/class_sekander_1_1_main___player_1aa204098b85f3075555557e167ab87f82" prot="public" static="no" const="no" explicit="no" inline="yes" virt="non-virtual">
        <type>bool</type>
        <definition>bool Sekander::Main_Player::CheckCollision</definition>
        <argsstring>(std::string bw)</argsstring>
        <name>CheckCollision</name>
        <param>
          <type>std::string</type>
          <declname>bw</declname>
        </param>
        <briefdescription>
        </briefdescription>
        <detaileddescription>
        </detaileddescription>
        <inbodydescription>
        </inbodydescription>
        <location file="Main_Player.hpp" line="332" column="6" bodyfile="Main_Player.hpp" bodystart="332" bodyend="354"/>
      </memberdef>
      <memberdef kind="function" id="d1/da1/class_sekander_1_1_main___player_1a0da136e5dceaffa007560dbb08784d69" prot="public" static="no" const="no" explicit="no" inline="yes" virt="non-virtual">
        <type>int</type>
        <definition>int Sekander::Main_Player::GetHealth</definition>
        <argsstring>()</argsstring>
        <name>GetHealth</name>
        <briefdescription>
        </briefdescription>
        <detaileddescription>
        </detaileddescription>
        <inbodydescription>
        </inbodydescription>
        <location file="Main_Player.hpp" line="357" column="5" bodyfile="Main_Player.hpp" bodystart="357" bodyend="357"/>
      </memberdef>
      </sectiondef>
    <briefdescription>
    </briefdescription>
    <detaileddescription>
    </detaileddescription>
    <inheritancegraph>
      <node id="2">
        <label>Sekander::GameWorld</label>
        <link refid="d4/d74/class_sekander_1_1_game_world"/>
      </node>
      <node id="1">
        <label>Sekander::Main_Player</label>
        <link refid="d1/da1/class_sekander_1_1_main___player"/>
        <childnode refid="2" relation="public-inheritance">
        </childnode>
      </node>
    </inheritancegraph>
    <collaborationgraph>
      <node id="2">
        <label>Sekander::GameWorld</label>
        <link refid="d4/d74/class_sekander_1_1_game_world"/>
      </node>
      <node id="1">
        <label>Sekander::Main_Player</label>
        <link refid="d1/da1/class_sekander_1_1_main___player"/>
        <childnode refid="2" relation="public-inheritance">
        </childnode>
      </node>
    </collaborationgraph>
    <location file="Main_Player.hpp" line="23" column="1" bodyfile="Main_Player.hpp" bodystart="24" bodyend="426"/>
    <listofallmembers>
      <member refid="d1/da1/class_sekander_1_1_main___player_1a795f1a418617738a2732df46747fc1ab" prot="private" virt="non-virtual"><scope>Sekander::Main_Player</scope><name>_animationIterator</name></member>
      <member refid="d1/da1/class_sekander_1_1_main___player_1aee32dcab4db0b7b79aa812dd2947022d" prot="private" virt="non-virtual"><scope>Sekander::Main_Player</scope><name>_clock</name></member>
      <member refid="d1/da1/class_sekander_1_1_main___player_1ab103c1a0eda92b779b5df40d40ad38a3" prot="private" virt="non-virtual"><scope>Sekander::Main_Player</scope><name>_data</name></member>
      <member refid="d1/da1/class_sekander_1_1_main___player_1a3a69070e71c8c0dafeb24763875697a9" prot="private" virt="non-virtual"><scope>Sekander::Main_Player</scope><name>_playerRect</name></member>
      <member refid="d1/da1/class_sekander_1_1_main___player_1abf3ac1a3614799b6361d1e2676b13144" prot="private" virt="non-virtual"><scope>Sekander::Main_Player</scope><name>_time</name></member>
      <member refid="d4/d74/class_sekander_1_1_game_world_1ad5c3fd7f0c1347d393df075cea46177e" prot="public" virt="non-virtual"><scope>Sekander::Main_Player</scope><name>Animate</name></member>
      <member refid="d4/d74/class_sekander_1_1_game_world_1aa736a4234102bbdbc87dbeb8726d2ce8" prot="public" virt="non-virtual"><scope>Sekander::Main_Player</scope><name>Animate</name></member>
      <member refid="d1/da1/class_sekander_1_1_main___player_1ac11f979e3ea8f386e0997336670e740b" prot="public" virt="non-virtual"><scope>Sekander::Main_Player</scope><name>Camera</name></member>
      <member refid="d1/da1/class_sekander_1_1_main___player_1a141ff14ce7f44cd84c1a1d93bcbb49da" prot="private" virt="non-virtual"><scope>Sekander::Main_Player</scope><name>can_i_jump</name></member>
      <member refid="d1/da1/class_sekander_1_1_main___player_1a6a06633c43751684ebdf31dc6a261c38" prot="private" virt="non-virtual"><scope>Sekander::Main_Player</scope><name>capture_time</name></member>
      <member refid="d1/da1/class_sekander_1_1_main___player_1aa204098b85f3075555557e167ab87f82" prot="public" virt="non-virtual"><scope>Sekander::Main_Player</scope><name>CheckCollision</name></member>
      <member refid="d4/d74/class_sekander_1_1_game_world_1a0d0376040dc0171aecdbb5b618741b8b" prot="public" virt="non-virtual"><scope>Sekander::Main_Player</scope><name>checkKEYPRESS</name></member>
      <member refid="d1/da1/class_sekander_1_1_main___player_1ab1cbaca430daaf9032034f057cc34684" prot="private" virt="non-virtual"><scope>Sekander::Main_Player</scope><name>count</name></member>
      <member refid="d1/da1/class_sekander_1_1_main___player_1a02b244af7c3da401d40b6793f78ebd30" prot="private" virt="non-virtual"><scope>Sekander::Main_Player</scope><name>counter</name></member>
      <member refid="d1/da1/class_sekander_1_1_main___player_1a2745801e5bd672d995a5fda6046535e4" prot="public" virt="non-virtual"><scope>Sekander::Main_Player</scope><name>Dash</name></member>
      <member refid="d1/da1/class_sekander_1_1_main___player_1af62bb952d58130e6c79bf033c183df20" prot="public" virt="non-virtual"><scope>Sekander::Main_Player</scope><name>DoubleJump</name></member>
      <member refid="d1/da1/class_sekander_1_1_main___player_1a2db8b47f870a130057f550d7edeca43b" prot="public" virt="non-virtual"><scope>Sekander::Main_Player</scope><name>Draw</name></member>
      <member refid="d4/d74/class_sekander_1_1_game_world_1a4eba015ae47c7e54c545a874906be1c1" prot="public" virt="non-virtual"><scope>Sekander::Main_Player</scope><name>GameWorld</name></member>
      <member refid="d4/d74/class_sekander_1_1_game_world_1a3d57a6627443dcb871f2cc44dd8c5be6" prot="public" virt="non-virtual"><scope>Sekander::Main_Player</scope><name>GameWorld</name></member>
      <member refid="d4/d74/class_sekander_1_1_game_world_1a7e626b7986bea0d59a262aac5f47f0cd" prot="public" virt="non-virtual"><scope>Sekander::Main_Player</scope><name>GameWorld</name></member>
      <member refid="d1/da1/class_sekander_1_1_main___player_1a0da136e5dceaffa007560dbb08784d69" prot="public" virt="non-virtual"><scope>Sekander::Main_Player</scope><name>GetHealth</name></member>
      <member refid="d1/da1/class_sekander_1_1_main___player_1a8177402b385700b10772b069e5b94913" prot="public" virt="non-virtual"><scope>Sekander::Main_Player</scope><name>GetPosition</name></member>
      <member refid="d4/d74/class_sekander_1_1_game_world_1ac8b727f77781b0ebeafb3b541bf17a67" prot="public" virt="non-virtual"><scope>Sekander::Main_Player</scope><name>GetSprite</name></member>
      <member refid="d1/da1/class_sekander_1_1_main___player_1a1d1774274c0cd58f973b56113d8539cf" prot="private" virt="non-virtual"><scope>Sekander::Main_Player</scope><name>gun_clock</name></member>
      <member refid="d4/d74/class_sekander_1_1_game_world_1a0253519bdc4bb36ae9b1c835ecdcedc6" prot="public" virt="non-virtual"><scope>Sekander::Main_Player</scope><name>input_counter</name></member>
      <member refid="d4/d74/class_sekander_1_1_game_world_1a59be267007f51217d7f9739029e966cd" prot="public" virt="non-virtual"><scope>Sekander::Main_Player</scope><name>is_key_pressed</name></member>
      <member refid="d1/da1/class_sekander_1_1_main___player_1a693be2cc7848f8887f8b30e9c84158f8" prot="private" virt="non-virtual"><scope>Sekander::Main_Player</scope><name>jet_fuel</name></member>
      <member refid="d1/da1/class_sekander_1_1_main___player_1a5d37beaabf93f7c5b01578334da246a2" prot="public" virt="non-virtual"><scope>Sekander::Main_Player</scope><name>Jump</name></member>
      <member refid="d1/da1/class_sekander_1_1_main___player_1a8c09a161746d48aa23a36908eed1241a" prot="private" virt="non-virtual"><scope>Sekander::Main_Player</scope><name>m_am_I_backwards</name></member>
      <member refid="d1/da1/class_sekander_1_1_main___player_1ac41d33583f05af81a3f6ec42c7925963" prot="private" virt="non-virtual"><scope>Sekander::Main_Player</scope><name>m_health</name></member>
      <member refid="d1/da1/class_sekander_1_1_main___player_1afed990c3a89e6fcbe322d814d3fa1ea1" prot="private" virt="non-virtual"><scope>Sekander::Main_Player</scope><name>m_health_text</name></member>
      <member refid="d4/d74/class_sekander_1_1_game_world_1a2392a1e2b5d6ff4fb352144bf426ae45" prot="public" virt="non-virtual"><scope>Sekander::Main_Player</scope><name>m_In_the_Air</name></member>
      <member refid="d1/da1/class_sekander_1_1_main___player_1ad8964a5a09d1f3f7812138ac1a9d1123" prot="private" virt="non-virtual"><scope>Sekander::Main_Player</scope><name>m_jet_fuel_text</name></member>
      <member refid="d1/da1/class_sekander_1_1_main___player_1a33cc5e2d4e6462a9de31fc2cddeb946b" prot="private" virt="non-virtual"><scope>Sekander::Main_Player</scope><name>m_key</name></member>
      <member refid="d4/d74/class_sekander_1_1_game_world_1ad6495d2d0423201c931a147682104417" prot="public" virt="non-virtual"><scope>Sekander::Main_Player</scope><name>m_OnFloor</name></member>
      <member refid="d1/da1/class_sekander_1_1_main___player_1a47403c71e431a9b99d6f32fb62d2becb" prot="private" virt="non-virtual"><scope>Sekander::Main_Player</scope><name>m_source_x</name></member>
      <member refid="d1/da1/class_sekander_1_1_main___player_1ac4b907b68f4a7eb0b52d4b9ae82ef0e8" prot="private" virt="non-virtual"><scope>Sekander::Main_Player</scope><name>m_source_y</name></member>
      <member refid="d1/da1/class_sekander_1_1_main___player_1ad384003a5eb6bf3a4afda4652183e79c" prot="private" virt="non-virtual"><scope>Sekander::Main_Player</scope><name>m_sprite_ANGLE</name></member>
      <member refid="d1/da1/class_sekander_1_1_main___player_1ad5c2af058f12023fbc614fe0ee6a08bc" prot="private" virt="non-virtual"><scope>Sekander::Main_Player</scope><name>m_sprite_HEIGHT</name></member>
      <member refid="d1/da1/class_sekander_1_1_main___player_1a922780a2bd4eb58f98b8db35cb1fda64" prot="private" virt="non-virtual"><scope>Sekander::Main_Player</scope><name>m_sprite_WIDTH</name></member>
      <member refid="d1/da1/class_sekander_1_1_main___player_1a64bcbd5f0670d0e09dc50da88bbdf17e" prot="private" virt="non-virtual"><scope>Sekander::Main_Player</scope><name>m_sprite_X_FRAME</name></member>
      <member refid="d1/da1/class_sekander_1_1_main___player_1a1bb12bb0093d4875f616d35b64c0c576" prot="private" virt="non-virtual"><scope>Sekander::Main_Player</scope><name>m_sprite_X_POS</name></member>
      <member refid="d1/da1/class_sekander_1_1_main___player_1a0228218bfc278df504c0e11635b6b247" prot="private" virt="non-virtual"><scope>Sekander::Main_Player</scope><name>m_sprite_Y_FRAME</name></member>
      <member refid="d1/da1/class_sekander_1_1_main___player_1acd6d8d9cb64e2e64c9c68fdb8a39bc73" prot="private" virt="non-virtual"><scope>Sekander::Main_Player</scope><name>m_sprite_Y_POS</name></member>
      <member refid="d1/da1/class_sekander_1_1_main___player_1af1dd80ff5a526e7f46b53ad6b10d3b64" prot="private" virt="non-virtual"><scope>Sekander::Main_Player</scope><name>m_touching_floor</name></member>
      <member refid="d1/da1/class_sekander_1_1_main___player_1a9b05bc050c0ad2dbb0e2e5d6996437ad" prot="private" virt="non-virtual"><scope>Sekander::Main_Player</scope><name>m_trigger_Press</name></member>
      <member refid="d1/da1/class_sekander_1_1_main___player_1a3db6385e3bff1d503b9305dd51952371" prot="public" virt="non-virtual"><scope>Sekander::Main_Player</scope><name>Main_Player</name></member>
      <member refid="d1/da1/class_sekander_1_1_main___player_1ad4c368b23e2e27a965a71dd5b5a9b8ba" prot="public" virt="non-virtual"><scope>Sekander::Main_Player</scope><name>Main_Player</name></member>
      <member refid="d1/da1/class_sekander_1_1_main___player_1a72cd2d23a9d43627df23bf791d5fe08c" prot="public" virt="non-virtual"><scope>Sekander::Main_Player</scope><name>MoverDown</name></member>
      <member refid="d1/da1/class_sekander_1_1_main___player_1a65ef67033301fad1550350ee12ae32d3" prot="public" virt="non-virtual"><scope>Sekander::Main_Player</scope><name>MoverLeft</name></member>
      <member refid="d1/da1/class_sekander_1_1_main___player_1a5207bda5738aefb2d905170545f6e373" prot="public" virt="non-virtual"><scope>Sekander::Main_Player</scope><name>MoverRigtht</name></member>
      <member refid="d1/da1/class_sekander_1_1_main___player_1aaa5aa69d0e4947e24d3ea326f7142bc5" prot="public" virt="non-virtual"><scope>Sekander::Main_Player</scope><name>MoverUp</name></member>
      <member refid="d1/da1/class_sekander_1_1_main___player_1a870cb1809cf55fa050558d40c2d6f487" prot="public" virt="non-virtual"><scope>Sekander::Main_Player</scope><name>NU_Shooting</name></member>
      <member refid="d1/da1/class_sekander_1_1_main___player_1aba0b538754bced9c11d7628d0a5096dd" prot="public" virt="non-virtual"><scope>Sekander::Main_Player</scope><name>PickUpGun</name></member>
      <member refid="d1/da1/class_sekander_1_1_main___player_1af7c8219ebab4cfcfaac1249dd483315c" prot="public" virt="non-virtual"><scope>Sekander::Main_Player</scope><name>Player_get_velocity_Y</name></member>
      <member refid="d1/da1/class_sekander_1_1_main___player_1a8d52cc440a3fb8794354930c56cff539" prot="public" virt="non-virtual"><scope>Sekander::Main_Player</scope><name>Player_t00k_damange</name></member>
      <member refid="d1/da1/class_sekander_1_1_main___player_1a1a46f90029272d60ea9eb202f37a3ede" prot="private" virt="non-virtual"><scope>Sekander::Main_Player</scope><name>press_twice</name></member>
      <member refid="d4/d74/class_sekander_1_1_game_world_1a543c52aad77747a2f34b5927041ac905" prot="public" virt="non-virtual"><scope>Sekander::Main_Player</scope><name>pressure_sensitive_KEY_PRESS</name></member>
      <member refid="d4/d74/class_sekander_1_1_game_world_1a8b21f915363199319728a893715d684d" prot="public" virt="non-virtual"><scope>Sekander::Main_Player</scope><name>retrieveData</name></member>
      <member refid="d4/d74/class_sekander_1_1_game_world_1a060069f1527245efc49cc4bae9306c8d" prot="public" virt="non-virtual"><scope>Sekander::Main_Player</scope><name>return_entity_rect</name></member>
      <member refid="d4/d74/class_sekander_1_1_game_world_1aaa990ab4fb0cc708a7f12ec798ba90ef" prot="public" virt="non-virtual"><scope>Sekander::Main_Player</scope><name>Set_Y_Frame</name></member>
      <member refid="d4/d74/class_sekander_1_1_game_world_1a38ce97f68d23c6592bc84971db21354f" prot="public" virt="non-virtual"><scope>Sekander::Main_Player</scope><name>SetPlayerState</name></member>
      <member refid="d1/da1/class_sekander_1_1_main___player_1a6fa31e322512055913aa49032761f2c6" prot="public" virt="non-virtual"><scope>Sekander::Main_Player</scope><name>Shooting</name></member>
      <member refid="d1/da1/class_sekander_1_1_main___player_1aa2903bcbdbbc88119626429a882b7ab0" prot="public" virt="non-virtual"><scope>Sekander::Main_Player</scope><name>Shooting</name></member>
      <member refid="d4/d74/class_sekander_1_1_game_world_1a658b6f36a3476b2b8ef0f69a2f0ceac3" prot="public" virt="non-virtual"><scope>Sekander::Main_Player</scope><name>StartAnimation</name></member>
      <member refid="d4/d74/class_sekander_1_1_game_world_1a1a6c95bf62b4ebb4a9269ebe4ef8ec8b" prot="public" virt="non-virtual"><scope>Sekander::Main_Player</scope><name>StopAnimation</name></member>
      <member refid="d1/da1/class_sekander_1_1_main___player_1a0cfd9e7c3c8b23dd2051c93ae3ea23c6" prot="private" virt="non-virtual"><scope>Sekander::Main_Player</scope><name>time_g</name></member>
      <member refid="d1/da1/class_sekander_1_1_main___player_1ae274e228df0f1d40f87e7bf4c83c5c89" prot="public" virt="non-virtual"><scope>Sekander::Main_Player</scope><name>Update</name></member>
      <member refid="d1/da1/class_sekander_1_1_main___player_1af8df5e326eb1b6fc0d6d55272b2777c4" prot="private" virt="non-virtual"><scope>Sekander::Main_Player</scope><name>world</name></member>
    </listofallmembers>
  </compounddef>
</doxygen>
