<?xml version='1.0' encoding='UTF-8' standalone='no'?>
<doxygen xmlns:xsi="http://www.w3.org/2001/XMLSchema-instance" xsi:noNamespaceSchemaLocation="compound.xsd" version="1.9.2" xml:lang="en-US">
  <compounddef id="d2/d07/_game_8hpp" kind="file" language="C++">
    <compoundname>Game.hpp</compoundname>
    <includes local="no">memory</includes>
    <includes local="no">string</includes>
    <includes local="no">SFML/Graphics.hpp</includes>
    <includes refid="d8/d91/_state_machine_8hpp" local="yes">StateMachine.hpp</includes>
    <includes refid="d2/d03/_asset_manager_8hpp" local="yes">AssetManager.hpp</includes>
    <includes refid="dc/d9f/_input_manager_8hpp" local="yes">InputManager.hpp</includes>
    <includes refid="df/d8c/entity__manager_8h" local="yes">entity_manager.h</includes>
    <includedby refid="d2/df0/_button_8hpp" local="yes">Button.hpp</includedby>
    <includedby refid="d7/db5/_game_8cpp" local="yes">Game.cpp</includedby>
    <includedby refid="d7/dd1/_game_over_state_8hpp" local="yes">GameOverState.hpp</includedby>
    <includedby refid="d7/d85/_game_state_8cpp" local="yes">GameState.cpp</includedby>
    <includedby refid="d2/d86/_game_state_8hpp" local="yes">GameState.hpp</includedby>
    <includedby refid="d4/db1/_game_world_8hpp" local="yes">GameWorld.hpp</includedby>
    <includedby refid="db/df6/_h_u_d_8hpp" local="yes">HUD.hpp</includedby>
    <includedby refid="db/db5/_loading_game_objects_8hpp" local="yes">LoadingGameObjects.hpp</includedby>
    <includedby refid="db/d83/_main_menu_state_8hpp" local="yes">MainMenuState.hpp</includedby>
    <includedby refid="d1/d76/_splash_state_8hpp" local="yes">SplashState.hpp</includedby>
    <includedby refid="df/d0a/main_8cpp" local="yes">main.cpp</includedby>
    <incdepgraph>
      <node id="8">
        <label>AssetManager.hpp</label>
        <link refid="d2/d03/_asset_manager_8hpp"/>
        <childnode refid="9" relation="include">
        </childnode>
        <childnode refid="4" relation="include">
        </childnode>
      </node>
      <node id="1">
        <label>Game.hpp</label>
        <link refid="d2/d07/_game_8hpp"/>
        <childnode refid="2" relation="include">
        </childnode>
        <childnode refid="3" relation="include">
        </childnode>
        <childnode refid="4" relation="include">
        </childnode>
        <childnode refid="5" relation="include">
        </childnode>
        <childnode refid="8" relation="include">
        </childnode>
        <childnode refid="10" relation="include">
        </childnode>
        <childnode refid="11" relation="include">
        </childnode>
      </node>
      <node id="10">
        <label>InputManager.hpp</label>
        <link refid="dc/d9f/_input_manager_8hpp"/>
        <childnode refid="4" relation="include">
        </childnode>
      </node>
      <node id="7">
        <label>State.hpp</label>
        <link refid="d5/d5d/_state_8hpp"/>
      </node>
      <node id="5">
        <label>StateMachine.hpp</label>
        <link refid="d8/d91/_state_machine_8hpp"/>
        <childnode refid="2" relation="include">
        </childnode>
        <childnode refid="6" relation="include">
        </childnode>
        <childnode refid="7" relation="include">
        </childnode>
      </node>
      <node id="15">
        <label>entity.h</label>
        <link refid="d8/d83/entity_8h"/>
        <childnode refid="4" relation="include">
        </childnode>
        <childnode refid="3" relation="include">
        </childnode>
        <childnode refid="14" relation="include">
        </childnode>
        <childnode refid="16" relation="include">
        </childnode>
      </node>
      <node id="11">
        <label>entity_manager.h</label>
        <link refid="df/d8c/entity__manager_8h"/>
        <childnode refid="12" relation="include">
        </childnode>
        <childnode refid="13" relation="include">
        </childnode>
        <childnode refid="14" relation="include">
        </childnode>
        <childnode refid="15" relation="include">
        </childnode>
      </node>
      <node id="4">
        <label>SFML/Graphics.hpp</label>
      </node>
      <node id="14">
        <label>box2d/box2d.h</label>
      </node>
      <node id="16">
        <label>iostream</label>
      </node>
      <node id="9">
        <label>map</label>
      </node>
      <node id="2">
        <label>memory</label>
      </node>
      <node id="6">
        <label>stack</label>
      </node>
      <node id="3">
        <label>string</label>
      </node>
      <node id="12">
        <label>unordered_map</label>
      </node>
      <node id="13">
        <label>vector</label>
      </node>
    </incdepgraph>
    <invincdepgraph>
      <node id="11">
        <label>Bullet.cpp</label>
        <link refid="d7/dcd/_bullet_8cpp"/>
      </node>
      <node id="10">
        <label>Bullet.hpp</label>
        <link refid="d6/d65/_bullet_8hpp"/>
        <childnode refid="11" relation="include">
        </childnode>
        <childnode refid="12" relation="include">
        </childnode>
        <childnode refid="7" relation="include">
        </childnode>
        <childnode refid="19" relation="include">
        </childnode>
        <childnode refid="14" relation="include">
        </childnode>
        <childnode refid="21" relation="include">
        </childnode>
      </node>
      <node id="2">
        <label>Button.hpp</label>
        <link refid="d2/df0/_button_8hpp"/>
      </node>
      <node id="13">
        <label>Enemy.cpp</label>
        <link refid="de/d34/_enemy_8cpp"/>
      </node>
      <node id="12">
        <label>Enemy.hpp</label>
        <link refid="da/dda/_enemy_8hpp"/>
        <childnode refid="13" relation="include">
        </childnode>
        <childnode refid="14" relation="include">
        </childnode>
      </node>
      <node id="3">
        <label>Game.cpp</label>
        <link refid="d7/db5/_game_8cpp"/>
      </node>
      <node id="1">
        <label>Game.hpp</label>
        <link refid="d2/d07/_game_8hpp"/>
        <childnode refid="2" relation="include">
        </childnode>
        <childnode refid="3" relation="include">
        </childnode>
        <childnode refid="4" relation="include">
        </childnode>
        <childnode refid="6" relation="include">
        </childnode>
        <childnode refid="7" relation="include">
        </childnode>
        <childnode refid="9" relation="include">
        </childnode>
        <childnode refid="24" relation="include">
        </childnode>
        <childnode refid="14" relation="include">
        </childnode>
        <childnode refid="16" relation="include">
        </childnode>
        <childnode refid="18" relation="include">
        </childnode>
        <childnode refid="26" relation="include">
        </childnode>
      </node>
      <node id="5">
        <label>GameOverState.cpp</label>
        <link refid="d1/db6/_game_over_state_8cpp"/>
      </node>
      <node id="4">
        <label>GameOverState.hpp</label>
        <link refid="d7/dd1/_game_over_state_8hpp"/>
        <childnode refid="5" relation="include">
        </childnode>
        <childnode refid="6" relation="include">
        </childnode>
      </node>
      <node id="6">
        <label>GameState.cpp</label>
        <link refid="d7/d85/_game_state_8cpp"/>
      </node>
      <node id="7">
        <label>GameState.hpp</label>
        <link refid="d2/d86/_game_state_8hpp"/>
        <childnode refid="3" relation="include">
        </childnode>
        <childnode refid="5" relation="include">
        </childnode>
        <childnode refid="6" relation="include">
        </childnode>
        <childnode refid="8" relation="include">
        </childnode>
      </node>
      <node id="23">
        <label>GameWorld.cpp</label>
        <link refid="db/d7a/_game_world_8cpp"/>
      </node>
      <node id="9">
        <label>GameWorld.hpp</label>
        <link refid="d4/db1/_game_world_8hpp"/>
        <childnode refid="10" relation="include">
        </childnode>
        <childnode refid="12" relation="include">
        </childnode>
        <childnode refid="7" relation="include">
        </childnode>
        <childnode refid="23" relation="include">
        </childnode>
        <childnode refid="19" relation="include">
        </childnode>
        <childnode refid="21" relation="include">
        </childnode>
      </node>
      <node id="20">
        <label>Gun.cpp</label>
        <link refid="d7/d7e/_gun_8cpp"/>
      </node>
      <node id="19">
        <label>Gun.hpp</label>
        <link refid="d0/d06/_gun_8hpp"/>
        <childnode refid="12" relation="include">
        </childnode>
        <childnode refid="20" relation="include">
        </childnode>
        <childnode refid="21" relation="include">
        </childnode>
      </node>
      <node id="25">
        <label>HUD.cpp</label>
        <link refid="d9/d2a/_h_u_d_8cpp"/>
      </node>
      <node id="24">
        <label>HUD.hpp</label>
        <link refid="db/df6/_h_u_d_8hpp"/>
        <childnode refid="7" relation="include">
        </childnode>
        <childnode refid="25" relation="include">
        </childnode>
      </node>
      <node id="15">
        <label>LoadingGameObjects.cpp</label>
        <link refid="df/dec/_loading_game_objects_8cpp"/>
      </node>
      <node id="14">
        <label>LoadingGameObjects.hpp</label>
        <link refid="db/db5/_loading_game_objects_8hpp"/>
        <childnode refid="4" relation="include">
        </childnode>
        <childnode refid="7" relation="include">
        </childnode>
        <childnode refid="15" relation="include">
        </childnode>
        <childnode refid="16" relation="include">
        </childnode>
        <childnode refid="18" relation="include">
        </childnode>
      </node>
      <node id="8">
        <label>MainMenuState.cpp</label>
        <link refid="df/d24/_main_menu_state_8cpp"/>
      </node>
      <node id="16">
        <label>MainMenuState.hpp</label>
        <link refid="db/d83/_main_menu_state_8hpp"/>
        <childnode refid="8" relation="include">
        </childnode>
        <childnode refid="17" relation="include">
        </childnode>
      </node>
      <node id="22">
        <label>Main_Player.cpp</label>
        <link refid="d0/db2/_main___player_8cpp"/>
      </node>
      <node id="21">
        <label>Main_Player.hpp</label>
        <link refid="dc/dea/_main___player_8hpp"/>
        <childnode refid="7" relation="include">
        </childnode>
        <childnode refid="14" relation="include">
        </childnode>
        <childnode refid="22" relation="include">
        </childnode>
      </node>
      <node id="17">
        <label>SplashState.cpp</label>
        <link refid="da/dfb/_splash_state_8cpp"/>
      </node>
      <node id="18">
        <label>SplashState.hpp</label>
        <link refid="d1/d76/_splash_state_8hpp"/>
        <childnode refid="3" relation="include">
        </childnode>
        <childnode refid="17" relation="include">
        </childnode>
      </node>
      <node id="26">
        <label>main.cpp</label>
        <link refid="df/d0a/main_8cpp"/>
      </node>
    </invincdepgraph>
    <innerclass refid="d3/d90/struct_sekander_1_1_game_data" prot="public">Sekander::GameData</innerclass>
    <innerclass refid="d1/d46/class_sekander_1_1_game" prot="public">Sekander::Game</innerclass>
    <innernamespace refid="d8/d6a/namespace_sekander">Sekander</innernamespace>
    <briefdescription>
    </briefdescription>
    <detaileddescription>
    </detaileddescription>
    <programlisting>
<codeline lineno="1"><highlight class="preprocessor">#pragma<sp/>once</highlight><highlight class="normal"></highlight></codeline>
<codeline lineno="2"><highlight class="normal"></highlight></codeline>
<codeline lineno="3"><highlight class="normal"></highlight><highlight class="preprocessor">#include<sp/>&lt;memory&gt;</highlight><highlight class="normal"></highlight></codeline>
<codeline lineno="4"><highlight class="normal"></highlight><highlight class="preprocessor">#include<sp/>&lt;string&gt;</highlight><highlight class="normal"></highlight></codeline>
<codeline lineno="5"><highlight class="normal"></highlight><highlight class="preprocessor">#include<sp/>&lt;SFML/Graphics.hpp&gt;</highlight><highlight class="normal"></highlight></codeline>
<codeline lineno="6"><highlight class="normal"></highlight><highlight class="preprocessor">#include<sp/>&quot;<ref refid="d8/d91/_state_machine_8hpp" kindref="compound">StateMachine.hpp</ref>&quot;</highlight><highlight class="normal"></highlight></codeline>
<codeline lineno="7"><highlight class="normal"></highlight><highlight class="preprocessor">#include<sp/>&quot;<ref refid="d2/d03/_asset_manager_8hpp" kindref="compound">AssetManager.hpp</ref>&quot;</highlight><highlight class="normal"></highlight></codeline>
<codeline lineno="8"><highlight class="normal"></highlight><highlight class="preprocessor">#include<sp/>&quot;<ref refid="dc/d9f/_input_manager_8hpp" kindref="compound">InputManager.hpp</ref>&quot;</highlight><highlight class="normal"></highlight></codeline>
<codeline lineno="9"><highlight class="normal"></highlight><highlight class="preprocessor">#include<sp/>&quot;<ref refid="df/d8c/entity__manager_8h" kindref="compound">entity_manager.h</ref>&quot;</highlight><highlight class="normal"></highlight></codeline>
<codeline lineno="10"><highlight class="normal"></highlight><highlight class="comment">//#include<sp/>&quot;XML_Manager.hpp&quot;</highlight><highlight class="normal"></highlight></codeline>
<codeline lineno="11"><highlight class="normal"></highlight></codeline>
<codeline lineno="12"><highlight class="normal"></highlight><highlight class="keyword">namespace<sp/></highlight><highlight class="normal"><ref refid="d8/d6a/namespace_sekander" kindref="compound">Sekander</ref></highlight></codeline>
<codeline lineno="13"><highlight class="normal">{</highlight></codeline>
<codeline lineno="14" refid="d3/d90/struct_sekander_1_1_game_data" refkind="compound"><highlight class="normal"><sp/><sp/><sp/><sp/></highlight><highlight class="keyword">struct<sp/></highlight><highlight class="normal"><ref refid="d3/d90/struct_sekander_1_1_game_data" kindref="compound">GameData</ref></highlight></codeline>
<codeline lineno="15"><highlight class="normal"><sp/><sp/><sp/><sp/>{</highlight></codeline>
<codeline lineno="16" refid="d3/d90/struct_sekander_1_1_game_data_1a6f701ff9c5018ee293869248798f02a4" refkind="member"><highlight class="normal"><sp/><sp/><sp/><sp/><sp/><sp/><sp/><sp/><ref refid="d4/d51/class_sekander_1_1_state_machine" kindref="compound">StateMachine</ref><sp/><ref refid="d3/d90/struct_sekander_1_1_game_data_1a6f701ff9c5018ee293869248798f02a4" kindref="member">machine</ref>;</highlight></codeline>
<codeline lineno="17" refid="d3/d90/struct_sekander_1_1_game_data_1a01dc93a762f8235e2e95eb2c79fa25fc" refkind="member"><highlight class="normal"><sp/><sp/><sp/><sp/><sp/><sp/><sp/><sp/>sf::RenderWindow<sp/><ref refid="d3/d90/struct_sekander_1_1_game_data_1a01dc93a762f8235e2e95eb2c79fa25fc" kindref="member">window</ref>;</highlight></codeline>
<codeline lineno="18" refid="d3/d90/struct_sekander_1_1_game_data_1a2540773e72a9b18686041a4b626fd90f" refkind="member"><highlight class="normal"><sp/><sp/><sp/><sp/><sp/><sp/><sp/><sp/><ref refid="d2/d5e/class_sekander_1_1_asset_manager" kindref="compound">AssetManager</ref><sp/><ref refid="d3/d90/struct_sekander_1_1_game_data_1a2540773e72a9b18686041a4b626fd90f" kindref="member">assets</ref>;</highlight></codeline>
<codeline lineno="19" refid="d3/d90/struct_sekander_1_1_game_data_1afe024ef371741c95bad3abaf8ddeebf1" refkind="member"><highlight class="normal"><sp/><sp/><sp/><sp/><sp/><sp/><sp/><sp/><ref refid="dc/dc5/class_sekander_1_1_input_manager" kindref="compound">InputManager</ref><sp/><ref refid="d3/d90/struct_sekander_1_1_game_data_1afe024ef371741c95bad3abaf8ddeebf1" kindref="member">input</ref>;</highlight></codeline>
<codeline lineno="20" refid="d3/d90/struct_sekander_1_1_game_data_1a5d4bea0451d09e81fee2b4c38c2b6ca5" refkind="member"><highlight class="normal"><sp/><sp/><sp/><sp/><sp/><sp/><sp/><sp/><ref refid="d9/dee/class_sekander_1_1_entity_manager" kindref="compound">EntityManager</ref><sp/><ref refid="d3/d90/struct_sekander_1_1_game_data_1a5d4bea0451d09e81fee2b4c38c2b6ca5" kindref="member">manager</ref>;</highlight></codeline>
<codeline lineno="21"><highlight class="normal"></highlight><highlight class="comment">//<sp/><sp/><sp/><sp/><sp/><sp/>XML_Manger<sp/>xml;</highlight><highlight class="normal"></highlight></codeline>
<codeline lineno="22"><highlight class="normal"><sp/><sp/><sp/><sp/>};</highlight></codeline>
<codeline lineno="23"><highlight class="normal"></highlight></codeline>
<codeline lineno="24" refid="d8/d6a/namespace_sekander_1a1d69b002ba2d23020901c28f0def5e16" refkind="member"><highlight class="normal"><sp/><sp/><sp/><sp/></highlight><highlight class="keyword">typedef</highlight><highlight class="normal"><sp/>std::shared_ptr&lt;GameData&gt;<sp/><ref refid="d8/d6a/namespace_sekander_1a1d69b002ba2d23020901c28f0def5e16" kindref="member">GameDataRef</ref>;</highlight></codeline>
<codeline lineno="25"><highlight class="normal"></highlight></codeline>
<codeline lineno="26" refid="d1/d46/class_sekander_1_1_game" refkind="compound"><highlight class="normal"><sp/><sp/><sp/><sp/></highlight><highlight class="keyword">class<sp/></highlight><highlight class="normal"><ref refid="d1/d46/class_sekander_1_1_game" kindref="compound">Game</ref></highlight></codeline>
<codeline lineno="27"><highlight class="normal"><sp/><sp/><sp/><sp/>{</highlight></codeline>
<codeline lineno="28"><highlight class="normal"><sp/><sp/><sp/><sp/></highlight><highlight class="keyword">public</highlight><highlight class="normal">:</highlight></codeline>
<codeline lineno="29"><highlight class="normal"><sp/><sp/><sp/><sp/><sp/><sp/><sp/><sp/><ref refid="d1/d46/class_sekander_1_1_game_1a53c182b8b8b63723740aaef1b0cc25a0" kindref="member">Game</ref>(</highlight><highlight class="keywordtype">int</highlight><highlight class="normal"><sp/>width,<sp/></highlight><highlight class="keywordtype">int</highlight><highlight class="normal"><sp/>height,<sp/>std::string<sp/>title);</highlight></codeline>
<codeline lineno="30"><highlight class="normal"><sp/><sp/><sp/><sp/><sp/><sp/><sp/><sp/><ref refid="d1/d46/class_sekander_1_1_game_1a53c182b8b8b63723740aaef1b0cc25a0" kindref="member">Game</ref>(</highlight><highlight class="keywordtype">int</highlight><highlight class="normal"><sp/>width,<sp/></highlight><highlight class="keywordtype">int</highlight><highlight class="normal"><sp/>height,<sp/>std::string<sp/>title,<sp/></highlight><highlight class="keywordtype">bool</highlight><highlight class="normal">);</highlight></codeline>
<codeline lineno="31"><highlight class="normal"><sp/><sp/><sp/><sp/><sp/><sp/><sp/><sp/><ref refid="d1/d46/class_sekander_1_1_game_1a53c182b8b8b63723740aaef1b0cc25a0" kindref="member">Game</ref>(</highlight><highlight class="keywordtype">int</highlight><highlight class="normal"><sp/>width,<sp/></highlight><highlight class="keywordtype">int</highlight><highlight class="normal"><sp/>height,<sp/>std::string<sp/>title,<sp/></highlight><highlight class="keywordtype">bool</highlight><highlight class="normal">,<sp/></highlight><highlight class="keyword">const</highlight><highlight class="normal"><sp/></highlight><highlight class="keywordtype">char</highlight><highlight class="normal">*<sp/>xml_DOC);</highlight></codeline>
<codeline lineno="32"><highlight class="normal"></highlight></codeline>
<codeline lineno="33"><highlight class="normal"><sp/><sp/><sp/><sp/><sp/><sp/><sp/><sp/></highlight><highlight class="keywordtype">void</highlight><highlight class="normal"><sp/><ref refid="d1/d46/class_sekander_1_1_game_1a2bf4207f57e28e619fcdf383079c3a9d" kindref="member">ToggleFullscreen</ref>();</highlight></codeline>
<codeline lineno="34" refid="d1/d46/class_sekander_1_1_game_1a70fe3c4cc2af6708dc19ffd54a782283" refkind="member"><highlight class="normal"><sp/><sp/><sp/><sp/><sp/><sp/><sp/><sp/><sp/></highlight><highlight class="keywordtype">bool</highlight><highlight class="normal"><sp/><ref refid="d1/d46/class_sekander_1_1_game_1a70fe3c4cc2af6708dc19ffd54a782283" kindref="member">IsDone</ref>();<sp/><sp/><sp/><sp/></highlight><highlight class="keywordtype">bool</highlight><highlight class="normal"><sp/><ref refid="d1/d46/class_sekander_1_1_game_1aa919e9a5695d21c1ab19b2c8abe54041" kindref="member">IsFullscreen</ref>();</highlight></codeline>
<codeline lineno="35"><highlight class="normal"></highlight></codeline>
<codeline lineno="36"><highlight class="normal"><sp/><sp/><sp/><sp/></highlight><highlight class="keyword">private</highlight><highlight class="normal">:</highlight></codeline>
<codeline lineno="37"><highlight class="normal"><sp/><sp/><sp/><sp/><sp/><sp/><sp/><sp/></highlight><highlight class="comment">//<sp/>Updates<sp/>run<sp/>at<sp/>60<sp/>per<sp/>second.</highlight><highlight class="normal"></highlight></codeline>
<codeline lineno="38"><highlight class="normal"><sp/><sp/><sp/><sp/><sp/><sp/><sp/><sp/></highlight><highlight class="keyword">const</highlight><highlight class="normal"><sp/></highlight><highlight class="keywordtype">float</highlight><highlight class="normal"><sp/>dt<sp/>=<sp/>1.0f<sp/>/<sp/>60.0f;</highlight></codeline>
<codeline lineno="39"><highlight class="normal"><sp/><sp/><sp/><sp/><sp/><sp/><sp/><sp/>sf::Clock<sp/>_clock;</highlight></codeline>
<codeline lineno="40"><highlight class="normal"></highlight></codeline>
<codeline lineno="41"><highlight class="normal"><sp/><sp/><sp/><sp/><sp/><sp/><sp/><sp/><ref refid="d8/d6a/namespace_sekander_1a1d69b002ba2d23020901c28f0def5e16" kindref="member">GameDataRef</ref><sp/>_data<sp/>=<sp/>std::make_shared&lt;GameData&gt;();</highlight></codeline>
<codeline lineno="42"><highlight class="normal"></highlight></codeline>
<codeline lineno="43"><highlight class="normal"><sp/><sp/><sp/><sp/><sp/><sp/><sp/><sp/></highlight><highlight class="keywordtype">void</highlight><highlight class="normal"><sp/>Run();</highlight></codeline>
<codeline lineno="44"><highlight class="normal"><sp/><sp/><sp/><sp/><sp/><sp/><sp/><sp/><sp/><sp/><sp/><sp/></highlight><highlight class="keywordtype">bool</highlight><highlight class="normal"><sp/>m_isFullscreen;</highlight></codeline>
<codeline lineno="45"><highlight class="normal"><sp/><sp/><sp/><sp/>};</highlight></codeline>
<codeline lineno="46"><highlight class="normal">}</highlight></codeline>
    </programlisting>
    <location file="Game.hpp"/>
  </compounddef>
</doxygen>
