<?xml version='1.0' encoding='UTF-8' standalone='no'?>
<doxygen xmlns:xsi="http://www.w3.org/2001/XMLSchema-instance" xsi:noNamespaceSchemaLocation="compound.xsd" version="1.9.2" xml:lang="en-US">
  <compounddef id="d1/db6/_game_over_state_8cpp" kind="file" language="C++">
    <compoundname>GameOverState.cpp</compoundname>
    <includes local="no">sstream</includes>
    <includes refid="df/d44/_d_e_f_i_n_i_t_i_o_n_s_8hpp" local="yes">DEFINITIONS.hpp</includes>
    <includes refid="d7/dd1/_game_over_state_8hpp" local="yes">GameOverState.hpp</includes>
    <includes refid="d2/d86/_game_state_8hpp" local="yes">GameState.hpp</includes>
    <includes local="no">iostream</includes>
    <includes local="no">fstream</includes>
    <incdepgraph>
      <node id="13">
        <label>AssetManager.hpp</label>
        <link refid="d2/d03/_asset_manager_8hpp"/>
        <childnode refid="14" relation="include">
        </childnode>
        <childnode refid="5" relation="include">
        </childnode>
      </node>
      <node id="25">
        <label>Bullet.hpp</label>
        <link refid="d6/d65/_bullet_8hpp"/>
        <childnode refid="24" relation="include">
        </childnode>
        <childnode refid="21" relation="include">
        </childnode>
      </node>
      <node id="3">
        <label>DEFINITIONS.hpp</label>
        <link refid="df/d44/_d_e_f_i_n_i_t_i_o_n_s_8hpp"/>
      </node>
      <node id="30">
        <label>Enemy.hpp</label>
        <link refid="da/dda/_enemy_8hpp"/>
        <childnode refid="24" relation="include">
        </childnode>
        <childnode refid="21" relation="include">
        </childnode>
        <childnode refid="27" relation="include">
        </childnode>
        <childnode refid="26" relation="include">
        </childnode>
        <childnode refid="25" relation="include">
        </childnode>
      </node>
      <node id="8">
        <label>Game.hpp</label>
        <link refid="d2/d07/_game_8hpp"/>
        <childnode refid="9" relation="include">
        </childnode>
        <childnode refid="10" relation="include">
        </childnode>
        <childnode refid="5" relation="include">
        </childnode>
        <childnode refid="11" relation="include">
        </childnode>
        <childnode refid="13" relation="include">
        </childnode>
        <childnode refid="15" relation="include">
        </childnode>
        <childnode refid="16" relation="include">
        </childnode>
      </node>
      <node id="1">
        <label>GameOverState.cpp</label>
        <link refid="d1/db6/_game_over_state_8cpp"/>
        <childnode refid="2" relation="include">
        </childnode>
        <childnode refid="3" relation="include">
        </childnode>
        <childnode refid="4" relation="include">
        </childnode>
        <childnode refid="32" relation="include">
        </childnode>
        <childnode refid="21" relation="include">
        </childnode>
        <childnode refid="50" relation="include">
        </childnode>
      </node>
      <node id="4">
        <label>GameOverState.hpp</label>
        <link refid="d7/dd1/_game_over_state_8hpp"/>
        <childnode refid="5" relation="include">
        </childnode>
        <childnode refid="6" relation="include">
        </childnode>
        <childnode refid="7" relation="include">
        </childnode>
        <childnode refid="8" relation="include">
        </childnode>
        <childnode refid="22" relation="include">
        </childnode>
        <childnode refid="21" relation="include">
        </childnode>
      </node>
      <node id="32">
        <label>GameState.hpp</label>
        <link refid="d2/d86/_game_state_8hpp"/>
        <childnode refid="5" relation="include">
        </childnode>
        <childnode refid="33" relation="include">
        </childnode>
        <childnode refid="7" relation="include">
        </childnode>
        <childnode refid="8" relation="include">
        </childnode>
        <childnode refid="24" relation="include">
        </childnode>
        <childnode refid="25" relation="include">
        </childnode>
        <childnode refid="23" relation="include">
        </childnode>
        <childnode refid="34" relation="include">
        </childnode>
        <childnode refid="35" relation="include">
        </childnode>
        <childnode refid="36" relation="include">
        </childnode>
        <childnode refid="49" relation="include">
        </childnode>
        <childnode refid="22" relation="include">
        </childnode>
      </node>
      <node id="24">
        <label>GameWorld.hpp</label>
        <link refid="d4/db1/_game_world_8hpp"/>
        <childnode refid="5" relation="include">
        </childnode>
        <childnode refid="3" relation="include">
        </childnode>
        <childnode refid="8" relation="include">
        </childnode>
        <childnode refid="16" relation="include">
        </childnode>
        <childnode refid="18" relation="include">
        </childnode>
      </node>
      <node id="26">
        <label>Gun.hpp</label>
        <link refid="d0/d06/_gun_8hpp"/>
        <childnode refid="24" relation="include">
        </childnode>
        <childnode refid="25" relation="include">
        </childnode>
        <childnode refid="21" relation="include">
        </childnode>
      </node>
      <node id="34">
        <label>HUD.hpp</label>
        <link refid="db/df6/_h_u_d_8hpp"/>
        <childnode refid="5" relation="include">
        </childnode>
        <childnode refid="3" relation="include">
        </childnode>
        <childnode refid="8" relation="include">
        </childnode>
      </node>
      <node id="15">
        <label>InputManager.hpp</label>
        <link refid="dc/d9f/_input_manager_8hpp"/>
        <childnode refid="5" relation="include">
        </childnode>
      </node>
      <node id="22">
        <label>LoadingGameObjects.hpp</label>
        <link refid="db/db5/_loading_game_objects_8hpp"/>
        <childnode refid="5" relation="include">
        </childnode>
        <childnode refid="3" relation="include">
        </childnode>
        <childnode refid="8" relation="include">
        </childnode>
        <childnode refid="23" relation="include">
        </childnode>
        <childnode refid="25" relation="include">
        </childnode>
        <childnode refid="30" relation="include">
        </childnode>
        <childnode refid="31" relation="include">
        </childnode>
      </node>
      <node id="23">
        <label>Main_Player.hpp</label>
        <link refid="dc/dea/_main___player_8hpp"/>
        <childnode refid="24" relation="include">
        </childnode>
        <childnode refid="25" relation="include">
        </childnode>
        <childnode refid="26" relation="include">
        </childnode>
        <childnode refid="21" relation="include">
        </childnode>
        <childnode refid="27" relation="include">
        </childnode>
        <childnode refid="28" relation="include">
        </childnode>
        <childnode refid="29" relation="include">
        </childnode>
      </node>
      <node id="36">
        <label>SFMLOrthogonalLayer.hpp</label>
        <link refid="d7/dd8/_s_f_m_l_orthogonal_layer_8hpp"/>
        <childnode refid="35" relation="include">
        </childnode>
        <childnode refid="37" relation="include">
        </childnode>
        <childnode refid="38" relation="include">
        </childnode>
        <childnode refid="39" relation="include">
        </childnode>
        <childnode refid="40" relation="include">
        </childnode>
        <childnode refid="41" relation="include">
        </childnode>
        <childnode refid="42" relation="include">
        </childnode>
        <childnode refid="43" relation="include">
        </childnode>
        <childnode refid="44" relation="include">
        </childnode>
        <childnode refid="45" relation="include">
        </childnode>
        <childnode refid="9" relation="include">
        </childnode>
        <childnode refid="18" relation="include">
        </childnode>
        <childnode refid="46" relation="include">
        </childnode>
        <childnode refid="14" relation="include">
        </childnode>
        <childnode refid="10" relation="include">
        </childnode>
        <childnode refid="47" relation="include">
        </childnode>
        <childnode refid="21" relation="include">
        </childnode>
        <childnode refid="48" relation="include">
        </childnode>
      </node>
      <node id="7">
        <label>State.hpp</label>
        <link refid="d5/d5d/_state_8hpp"/>
      </node>
      <node id="11">
        <label>StateMachine.hpp</label>
        <link refid="d8/d91/_state_machine_8hpp"/>
        <childnode refid="9" relation="include">
        </childnode>
        <childnode refid="12" relation="include">
        </childnode>
        <childnode refid="7" relation="include">
        </childnode>
      </node>
      <node id="49">
        <label>TileMap.hpp</label>
        <link refid="dd/d11/_tile_map_8hpp"/>
        <childnode refid="5" relation="include">
        </childnode>
      </node>
      <node id="20">
        <label>entity.h</label>
        <link refid="d8/d83/entity_8h"/>
        <childnode refid="5" relation="include">
        </childnode>
        <childnode refid="10" relation="include">
        </childnode>
        <childnode refid="19" relation="include">
        </childnode>
        <childnode refid="21" relation="include">
        </childnode>
      </node>
      <node id="16">
        <label>entity_manager.h</label>
        <link refid="df/d8c/entity__manager_8h"/>
        <childnode refid="17" relation="include">
        </childnode>
        <childnode refid="18" relation="include">
        </childnode>
        <childnode refid="19" relation="include">
        </childnode>
        <childnode refid="20" relation="include">
        </childnode>
      </node>
      <node id="33">
        <label>SFML/Audio.hpp</label>
      </node>
      <node id="5">
        <label>SFML/Graphics.hpp</label>
      </node>
      <node id="39">
        <label>SFML/Graphics/Drawable.hpp</label>
      </node>
      <node id="40">
        <label>SFML/Graphics/RenderStates.hpp</label>
      </node>
      <node id="41">
        <label>SFML/Graphics/RenderTarget.hpp</label>
      </node>
      <node id="43">
        <label>SFML/Graphics/Texture.hpp</label>
      </node>
      <node id="44">
        <label>SFML/Graphics/Transformable.hpp</label>
      </node>
      <node id="42">
        <label>SFML/Graphics/Vertex.hpp</label>
      </node>
      <node id="6">
        <label>SFML/Network.hpp</label>
      </node>
      <node id="45">
        <label>SFML/System/Time.hpp</label>
      </node>
      <node id="46">
        <label>array</label>
      </node>
      <node id="19">
        <label>box2d/box2d.h</label>
      </node>
      <node id="48">
        <label>cmath</label>
      </node>
      <node id="50">
        <label>fstream</label>
      </node>
      <node id="21">
        <label>iostream</label>
      </node>
      <node id="47">
        <label>limits</label>
      </node>
      <node id="14">
        <label>map</label>
      </node>
      <node id="9">
        <label>memory</label>
      </node>
      <node id="2">
        <label>sstream</label>
      </node>
      <node id="12">
        <label>stack</label>
      </node>
      <node id="27">
        <label>stdlib.h</label>
      </node>
      <node id="10">
        <label>string</label>
      </node>
      <node id="28">
        <label>time.h</label>
      </node>
      <node id="31">
        <label>tinyxml.h</label>
      </node>
      <node id="35">
        <label>tmxlite/Map.hpp</label>
      </node>
      <node id="37">
        <label>tmxlite/TileLayer.hpp</label>
      </node>
      <node id="38">
        <label>tmxlite/detail/Log.hpp</label>
      </node>
      <node id="29">
        <label>unistd.h</label>
      </node>
      <node id="17">
        <label>unordered_map</label>
      </node>
      <node id="18">
        <label>vector</label>
      </node>
    </incdepgraph>
    <innernamespace refid="d8/d6a/namespace_sekander">Sekander</innernamespace>
    <briefdescription>
    </briefdescription>
    <detaileddescription>
    </detaileddescription>
    <programlisting>
<codeline lineno="1"><highlight class="preprocessor">#include<sp/>&lt;sstream&gt;</highlight><highlight class="normal"></highlight></codeline>
<codeline lineno="2"><highlight class="normal"></highlight><highlight class="preprocessor">#include<sp/>&quot;<ref refid="df/d44/_d_e_f_i_n_i_t_i_o_n_s_8hpp" kindref="compound">DEFINITIONS.hpp</ref>&quot;</highlight><highlight class="normal"></highlight></codeline>
<codeline lineno="3"><highlight class="normal"></highlight><highlight class="preprocessor">#include<sp/>&quot;<ref refid="d7/dd1/_game_over_state_8hpp" kindref="compound">GameOverState.hpp</ref>&quot;</highlight><highlight class="normal"></highlight></codeline>
<codeline lineno="4"><highlight class="normal"></highlight><highlight class="preprocessor">#include<sp/>&quot;<ref refid="d2/d86/_game_state_8hpp" kindref="compound">GameState.hpp</ref>&quot;</highlight><highlight class="normal"></highlight></codeline>
<codeline lineno="5"><highlight class="normal"></highlight></codeline>
<codeline lineno="6"><highlight class="normal"></highlight><highlight class="preprocessor">#include<sp/>&lt;iostream&gt;</highlight><highlight class="normal"></highlight></codeline>
<codeline lineno="7"><highlight class="normal"></highlight><highlight class="preprocessor">#include<sp/>&lt;fstream&gt;</highlight><highlight class="normal"></highlight></codeline>
<codeline lineno="8"><highlight class="normal"></highlight></codeline>
<codeline lineno="9"><highlight class="normal"></highlight><highlight class="keyword">namespace<sp/></highlight><highlight class="normal"><ref refid="d8/d6a/namespace_sekander" kindref="compound">Sekander</ref><sp/></highlight></codeline>
<codeline lineno="10"><highlight class="normal">{</highlight></codeline>
<codeline lineno="11" refid="dd/d6a/class_sekander_1_1_game_over_state_1a8248a663f0624ca7f1c081cd0174b396" refkind="member"><highlight class="normal"><sp/><sp/><sp/><sp/><ref refid="dd/d6a/class_sekander_1_1_game_over_state_1a8248a663f0624ca7f1c081cd0174b396" kindref="member">GameOverState::GameOverState</ref>(<ref refid="d8/d6a/namespace_sekander_1a1d69b002ba2d23020901c28f0def5e16" kindref="member">GameDataRef</ref><sp/>data,<sp/></highlight><highlight class="keywordtype">int</highlight><highlight class="normal"><sp/>score)<sp/>:<sp/>_data(data),<sp/>_score(score)</highlight></codeline>
<codeline lineno="12"><highlight class="normal"><sp/><sp/><sp/><sp/>{</highlight></codeline>
<codeline lineno="13"><highlight class="normal"></highlight></codeline>
<codeline lineno="14"><highlight class="normal"><sp/><sp/><sp/><sp/>}</highlight></codeline>
<codeline lineno="15"><highlight class="normal"></highlight></codeline>
<codeline lineno="16" refid="dd/d6a/class_sekander_1_1_game_over_state_1a3e432a73ee48a8048c2d5a34226cae4b" refkind="member"><highlight class="normal"><sp/><sp/><sp/><sp/><ref refid="dd/d6a/class_sekander_1_1_game_over_state_1a8248a663f0624ca7f1c081cd0174b396" kindref="member">GameOverState::GameOverState</ref>(<ref refid="d8/d6a/namespace_sekander_1a1d69b002ba2d23020901c28f0def5e16" kindref="member">GameDataRef</ref><sp/>data,<sp/></highlight><highlight class="keywordtype">int</highlight><highlight class="normal"><sp/>score,<sp/></highlight><highlight class="keyword">const</highlight><highlight class="normal"><sp/></highlight><highlight class="keywordtype">char</highlight><highlight class="normal">*<sp/>xml_DOC)<sp/>:<sp/>_data(data),<sp/>_score(score)</highlight></codeline>
<codeline lineno="17"><highlight class="normal"><sp/><sp/><sp/><sp/>{</highlight></codeline>
<codeline lineno="18"><highlight class="normal"><sp/><sp/><sp/><sp/><sp/><sp/><sp/><sp/>this-&gt;_xml_DOC<sp/>=<sp/>xml_DOC;</highlight></codeline>
<codeline lineno="19"><highlight class="normal"><sp/><sp/><sp/><sp/>}</highlight></codeline>
<codeline lineno="20"><highlight class="normal"></highlight></codeline>
<codeline lineno="21"><highlight class="normal"></highlight></codeline>
<codeline lineno="22" refid="dd/d6a/class_sekander_1_1_game_over_state_1a1f0b4815da9cfb5221f2e3374b003de0" refkind="member"><highlight class="normal"><sp/><sp/><sp/><sp/></highlight><highlight class="keywordtype">void</highlight><highlight class="normal"><sp/><ref refid="dd/d6a/class_sekander_1_1_game_over_state_1a1f0b4815da9cfb5221f2e3374b003de0" kindref="member">GameOverState::Init</ref>()</highlight></codeline>
<codeline lineno="23"><highlight class="normal"><sp/><sp/><sp/><sp/>{</highlight></codeline>
<codeline lineno="24"><highlight class="normal"></highlight></codeline>
<codeline lineno="25"><highlight class="normal"><sp/><sp/><sp/><sp/><sp/><sp/><sp/><sp/>this-&gt;_data-&gt;window.setView(this-&gt;_data-&gt;window.getDefaultView());</highlight></codeline>
<codeline lineno="26"><highlight class="normal"><sp/><sp/><sp/><sp/><sp/><sp/><sp/><sp/>window_rec.setSize(this-&gt;_data-&gt;window.getDefaultView().getSize());</highlight></codeline>
<codeline lineno="27"><highlight class="normal"><sp/><sp/><sp/><sp/><sp/><sp/><sp/><sp/>window_rec.setFillColor(sf::Color(100,<sp/>23,<sp/>90,<sp/>100));</highlight></codeline>
<codeline lineno="28"><highlight class="normal"><sp/><sp/><sp/><sp/><sp/><sp/><sp/><sp/>window_rec2.setSize(this-&gt;_data-&gt;window.getDefaultView().getSize());</highlight></codeline>
<codeline lineno="29"><highlight class="normal"><sp/><sp/><sp/><sp/><sp/><sp/><sp/><sp/>window_rec2.setFillColor(sf::Color(0,<sp/>0,<sp/>0,<sp/>0));</highlight></codeline>
<codeline lineno="30"><highlight class="normal"></highlight></codeline>
<codeline lineno="31"><highlight class="normal"></highlight></codeline>
<codeline lineno="32"><highlight class="normal"></highlight></codeline>
<codeline lineno="33"><highlight class="normal"><sp/><sp/><sp/><sp/><sp/><sp/><sp/><sp/><ref refid="dd/d6a/class_sekander_1_1_game_over_state_1a577c6f01f9d687d772cefd17c2643e5f" kindref="member">Conncet</ref>();</highlight></codeline>
<codeline lineno="34"><highlight class="normal"><sp/><sp/><sp/><sp/></highlight><highlight class="comment">/*</highlight></codeline>
<codeline lineno="35"><highlight class="comment"><sp/><sp/><sp/><sp/>std::ifstream<sp/>readFile;</highlight></codeline>
<codeline lineno="36"><highlight class="comment"><sp/><sp/><sp/><sp/>readFile.open(HIGH_SCORE_FILEPATH);</highlight></codeline>
<codeline lineno="37"><highlight class="comment"></highlight></codeline>
<codeline lineno="38"><highlight class="comment"><sp/><sp/><sp/><sp/><sp/><sp/><sp/><sp/>if(readFile.is_open())</highlight></codeline>
<codeline lineno="39"><highlight class="comment"><sp/><sp/><sp/><sp/><sp/><sp/><sp/><sp/>{</highlight></codeline>
<codeline lineno="40"><highlight class="comment"><sp/><sp/><sp/><sp/><sp/><sp/><sp/><sp/><sp/><sp/><sp/><sp/>while<sp/>(!readFile.eof())</highlight></codeline>
<codeline lineno="41"><highlight class="comment"><sp/><sp/><sp/><sp/><sp/><sp/><sp/><sp/><sp/><sp/><sp/><sp/>{</highlight></codeline>
<codeline lineno="42"><highlight class="comment"><sp/><sp/><sp/><sp/><sp/><sp/><sp/><sp/><sp/><sp/><sp/><sp/><sp/><sp/><sp/><sp/>readFile<sp/>&gt;&gt;<sp/>_highScore;</highlight></codeline>
<codeline lineno="43"><highlight class="comment"><sp/><sp/><sp/><sp/><sp/><sp/><sp/><sp/><sp/><sp/><sp/><sp/>}</highlight></codeline>
<codeline lineno="44"><highlight class="comment"><sp/><sp/><sp/><sp/><sp/><sp/><sp/><sp/>}</highlight></codeline>
<codeline lineno="45"><highlight class="comment"></highlight></codeline>
<codeline lineno="46"><highlight class="comment"><sp/><sp/><sp/><sp/>readFile.close();</highlight></codeline>
<codeline lineno="47"><highlight class="comment"></highlight></codeline>
<codeline lineno="48"><highlight class="comment"></highlight></codeline>
<codeline lineno="49"><highlight class="comment"><sp/><sp/><sp/><sp/></highlight></codeline>
<codeline lineno="50"><highlight class="comment"><sp/><sp/><sp/><sp/>std::ofstream<sp/>writeFile(HIGH_SCORE_FILEPATH);</highlight></codeline>
<codeline lineno="51"><highlight class="comment"></highlight></codeline>
<codeline lineno="52"><highlight class="comment"><sp/><sp/><sp/><sp/><sp/><sp/><sp/><sp/>if(writeFile.is_open())</highlight></codeline>
<codeline lineno="53"><highlight class="comment"><sp/><sp/><sp/><sp/><sp/><sp/><sp/><sp/>{</highlight></codeline>
<codeline lineno="54"><highlight class="comment"><sp/><sp/><sp/><sp/><sp/><sp/><sp/><sp/><sp/><sp/><sp/><sp/>if<sp/>(_score<sp/>&gt;<sp/>_highScore)</highlight></codeline>
<codeline lineno="55"><highlight class="comment"><sp/><sp/><sp/><sp/><sp/><sp/><sp/><sp/><sp/><sp/><sp/><sp/>{</highlight></codeline>
<codeline lineno="56"><highlight class="comment"><sp/><sp/><sp/><sp/><sp/><sp/><sp/><sp/><sp/><sp/><sp/><sp/><sp/><sp/><sp/><sp/>_highScore<sp/>=<sp/>_score;</highlight></codeline>
<codeline lineno="57"><highlight class="comment"><sp/><sp/><sp/><sp/><sp/><sp/><sp/><sp/><sp/><sp/><sp/><sp/>}</highlight></codeline>
<codeline lineno="58"><highlight class="comment"></highlight></codeline>
<codeline lineno="59"><highlight class="comment"><sp/><sp/><sp/><sp/><sp/><sp/><sp/><sp/><sp/><sp/><sp/><sp/>writeFile<sp/>&lt;&lt;<sp/>_highScore;</highlight></codeline>
<codeline lineno="60"><highlight class="comment"><sp/><sp/><sp/><sp/><sp/><sp/><sp/><sp/>}</highlight></codeline>
<codeline lineno="61"><highlight class="comment"></highlight></codeline>
<codeline lineno="62"><highlight class="comment"><sp/><sp/><sp/><sp/>writeFile.close();</highlight></codeline>
<codeline lineno="63"><highlight class="comment"></highlight></codeline>
<codeline lineno="64"><highlight class="comment"><sp/><sp/><sp/><sp/>*/</highlight><highlight class="normal"></highlight></codeline>
<codeline lineno="65"><highlight class="normal"></highlight></codeline>
<codeline lineno="66"><highlight class="normal"><sp/><sp/><sp/><sp/><sp/><sp/><sp/><sp/>this-&gt;_data-&gt;assets.LoadTexture(</highlight><highlight class="stringliteral">&quot;Game<sp/>Over<sp/>Background&quot;</highlight><highlight class="normal">,<sp/><ref refid="df/d44/_d_e_f_i_n_i_t_i_o_n_s_8hpp_1a3d379e9e10cc6055a70e14d69e1a6c43" kindref="member">GAME_OVER_BACKGROUND_FILEPATH</ref>);</highlight></codeline>
<codeline lineno="67"><highlight class="normal"><sp/><sp/><sp/><sp/><sp/><sp/><sp/><sp/>_data-&gt;assets.LoadTexture(</highlight><highlight class="stringliteral">&quot;Game<sp/>Over<sp/>Title&quot;</highlight><highlight class="normal">,<sp/><ref refid="df/d44/_d_e_f_i_n_i_t_i_o_n_s_8hpp_1ab406f792732179484ea303087b5e09b0" kindref="member">GAME_OVER_TITLE_FILEPATH</ref>);</highlight></codeline>
<codeline lineno="68"><highlight class="normal"><sp/><sp/><sp/><sp/><sp/><sp/><sp/><sp/>_data-&gt;assets.LoadTexture(</highlight><highlight class="stringliteral">&quot;Game<sp/>Over<sp/>Body&quot;</highlight><highlight class="normal">,<sp/><ref refid="df/d44/_d_e_f_i_n_i_t_i_o_n_s_8hpp_1a18f503e0e4436135f86f7c3a1f49acb9" kindref="member">GAME_OVER_BODY_FILEPATH</ref>);</highlight></codeline>
<codeline lineno="69"><highlight class="normal"></highlight></codeline>
<codeline lineno="70"><highlight class="normal"><sp/><sp/><sp/><sp/><sp/><sp/><sp/><sp/>_background.setTexture(this-&gt;_data-&gt;assets.GetTexture(</highlight><highlight class="stringliteral">&quot;Game<sp/>Over<sp/>Background&quot;</highlight><highlight class="normal">));</highlight></codeline>
<codeline lineno="71"><highlight class="normal"><sp/><sp/><sp/><sp/><sp/><sp/><sp/><sp/></highlight></codeline>
<codeline lineno="72"><highlight class="normal"><sp/><sp/><sp/><sp/><sp/><sp/><sp/><sp/>_gameOverTitle.setTexture(this-&gt;_data-&gt;assets.GetTexture(</highlight><highlight class="stringliteral">&quot;Game<sp/>Over<sp/>Title&quot;</highlight><highlight class="normal">));</highlight></codeline>
<codeline lineno="73"><highlight class="normal"><sp/><sp/><sp/><sp/><sp/><sp/><sp/><sp/>_gameOverContainer.setTexture(this-&gt;_data-&gt;assets.GetTexture(</highlight><highlight class="stringliteral">&quot;Game<sp/>Over<sp/>Body&quot;</highlight><highlight class="normal">));</highlight></codeline>
<codeline lineno="74"><highlight class="normal"><sp/><sp/><sp/><sp/><sp/><sp/><sp/><sp/>_retryButton.setTexture(this-&gt;_data-&gt;assets.GetTexture(</highlight><highlight class="stringliteral">&quot;Play<sp/>Button&quot;</highlight><highlight class="normal">));</highlight></codeline>
<codeline lineno="75"><highlight class="normal"></highlight></codeline>
<codeline lineno="76"><highlight class="normal"><sp/><sp/><sp/><sp/><sp/><sp/><sp/><sp/>_gameOverContainer.setPosition((_data-&gt;window.getSize().x<sp/>/<sp/>2)<sp/>-<sp/></highlight></codeline>
<codeline lineno="77"><highlight class="normal"><sp/><sp/><sp/><sp/><sp/><sp/><sp/><sp/><sp/><sp/><sp/><sp/><sp/><sp/><sp/><sp/><sp/><sp/><sp/><sp/><sp/><sp/><sp/><sp/><sp/><sp/><sp/><sp/><sp/><sp/><sp/><sp/><sp/><sp/><sp/><sp/><sp/><sp/><sp/><sp/><sp/><sp/><sp/><sp/><sp/><sp/><sp/><sp/><sp/><sp/><sp/><sp/><sp/><sp/><sp/><sp/><sp/><sp/><sp/><sp/><sp/><sp/><sp/><sp/><sp/><sp/><sp/><sp/><sp/>(_gameOverContainer.getGlobalBounds().width<sp/>/2),<sp/></highlight></codeline>
<codeline lineno="78"><highlight class="normal"><sp/><sp/><sp/><sp/><sp/><sp/><sp/><sp/><sp/><sp/><sp/><sp/><sp/><sp/><sp/><sp/><sp/><sp/><sp/><sp/><sp/><sp/><sp/><sp/><sp/><sp/><sp/><sp/><sp/><sp/><sp/><sp/><sp/><sp/><sp/><sp/><sp/><sp/><sp/><sp/><sp/><sp/><sp/><sp/><sp/><sp/><sp/><sp/><sp/><sp/><sp/><sp/><sp/><sp/><sp/><sp/><sp/><sp/><sp/><sp/><sp/><sp/><sp/><sp/><sp/><sp/><sp/><sp/><sp/>(_data-&gt;window.getSize().y/2)<sp/>-<sp/></highlight></codeline>
<codeline lineno="79"><highlight class="normal"><sp/><sp/><sp/><sp/><sp/><sp/><sp/><sp/><sp/><sp/><sp/><sp/><sp/><sp/><sp/><sp/><sp/><sp/><sp/><sp/><sp/><sp/><sp/><sp/><sp/><sp/><sp/><sp/><sp/><sp/><sp/><sp/><sp/><sp/><sp/><sp/><sp/><sp/><sp/><sp/><sp/><sp/><sp/><sp/><sp/><sp/><sp/><sp/><sp/><sp/><sp/><sp/><sp/><sp/><sp/><sp/><sp/><sp/><sp/><sp/><sp/><sp/><sp/><sp/><sp/><sp/><sp/><sp/><sp/>(_gameOverContainer.getGlobalBounds().height<sp/>/2));</highlight></codeline>
<codeline lineno="80"><highlight class="normal"></highlight></codeline>
<codeline lineno="81"><highlight class="normal"><sp/><sp/><sp/><sp/><sp/><sp/><sp/><sp/>_gameOverTitle.setPosition((_data-&gt;window.getSize().x<sp/>/<sp/>2)<sp/>-<sp/></highlight></codeline>
<codeline lineno="82"><highlight class="normal"><sp/><sp/><sp/><sp/><sp/><sp/><sp/><sp/><sp/><sp/><sp/><sp/><sp/><sp/><sp/><sp/><sp/><sp/><sp/><sp/><sp/><sp/><sp/><sp/><sp/><sp/><sp/><sp/><sp/><sp/><sp/><sp/><sp/><sp/><sp/><sp/><sp/><sp/><sp/><sp/><sp/><sp/><sp/><sp/><sp/><sp/><sp/><sp/><sp/><sp/><sp/><sp/><sp/><sp/><sp/><sp/><sp/><sp/><sp/><sp/>(_gameOverContainer.getGlobalBounds().width<sp/>/2),<sp/></highlight></codeline>
<codeline lineno="83"><highlight class="normal"><sp/><sp/><sp/><sp/><sp/><sp/><sp/><sp/><sp/><sp/><sp/><sp/><sp/><sp/><sp/><sp/><sp/><sp/><sp/><sp/><sp/><sp/><sp/><sp/><sp/><sp/><sp/><sp/><sp/><sp/><sp/><sp/><sp/><sp/><sp/><sp/><sp/><sp/><sp/><sp/><sp/><sp/><sp/><sp/><sp/><sp/><sp/><sp/><sp/><sp/><sp/><sp/><sp/><sp/><sp/><sp/><sp/><sp/><sp/><sp/><sp/>_gameOverContainer.getPosition().y<sp/>-<sp/></highlight></codeline>
<codeline lineno="84"><highlight class="normal"><sp/><sp/><sp/><sp/><sp/><sp/><sp/><sp/><sp/><sp/><sp/><sp/><sp/><sp/><sp/><sp/><sp/><sp/><sp/><sp/><sp/><sp/><sp/><sp/><sp/><sp/><sp/><sp/><sp/><sp/><sp/><sp/><sp/><sp/><sp/><sp/><sp/><sp/><sp/><sp/><sp/><sp/><sp/><sp/><sp/><sp/><sp/><sp/><sp/><sp/><sp/><sp/><sp/><sp/><sp/><sp/><sp/><sp/><sp/><sp/><sp/>(_gameOverTitle.getGlobalBounds().height<sp/>*1.2));</highlight></codeline>
<codeline lineno="85"><highlight class="normal"></highlight></codeline>
<codeline lineno="86"><highlight class="normal"></highlight></codeline>
<codeline lineno="87"><highlight class="normal"><sp/><sp/><sp/><sp/><sp/><sp/><sp/><sp/>_retryButton.setPosition((_data-&gt;window.getSize().x<sp/>/<sp/>2)<sp/>-<sp/></highlight></codeline>
<codeline lineno="88"><highlight class="normal"><sp/><sp/><sp/><sp/><sp/><sp/><sp/><sp/><sp/><sp/><sp/><sp/><sp/><sp/><sp/><sp/><sp/><sp/><sp/><sp/><sp/><sp/><sp/><sp/><sp/><sp/><sp/><sp/><sp/><sp/><sp/><sp/><sp/><sp/><sp/><sp/><sp/><sp/><sp/><sp/><sp/><sp/><sp/><sp/><sp/><sp/><sp/><sp/><sp/><sp/><sp/><sp/><sp/><sp/><sp/><sp/><sp/><sp/><sp/><sp/>(_gameOverContainer.getGlobalBounds().width<sp/>/2),</highlight></codeline>
<codeline lineno="89"><highlight class="normal"><sp/><sp/><sp/><sp/><sp/><sp/><sp/><sp/><sp/><sp/><sp/><sp/><sp/><sp/><sp/><sp/><sp/><sp/><sp/><sp/><sp/><sp/><sp/><sp/><sp/><sp/><sp/><sp/><sp/><sp/><sp/><sp/><sp/><sp/><sp/><sp/><sp/><sp/><sp/><sp/><sp/><sp/><sp/><sp/><sp/><sp/><sp/><sp/><sp/><sp/><sp/><sp/><sp/><sp/><sp/><sp/><sp/><sp/><sp/><sp/>_gameOverContainer.getPosition().y<sp/>+<sp/></highlight></codeline>
<codeline lineno="90"><highlight class="normal"><sp/><sp/><sp/><sp/><sp/><sp/><sp/><sp/><sp/><sp/><sp/><sp/><sp/><sp/><sp/><sp/><sp/><sp/><sp/><sp/><sp/><sp/><sp/><sp/><sp/><sp/><sp/><sp/><sp/><sp/><sp/><sp/><sp/><sp/><sp/><sp/><sp/><sp/><sp/><sp/><sp/><sp/><sp/><sp/><sp/><sp/><sp/><sp/><sp/><sp/><sp/><sp/><sp/><sp/><sp/><sp/><sp/><sp/><sp/><sp/>_gameOverContainer.getGlobalBounds().height<sp/>+<sp/></highlight></codeline>
<codeline lineno="91"><highlight class="normal"><sp/><sp/><sp/><sp/><sp/><sp/><sp/><sp/><sp/><sp/><sp/><sp/><sp/><sp/><sp/><sp/><sp/><sp/><sp/><sp/><sp/><sp/><sp/><sp/><sp/><sp/><sp/><sp/><sp/><sp/><sp/><sp/><sp/><sp/><sp/><sp/><sp/><sp/><sp/><sp/><sp/><sp/><sp/><sp/><sp/><sp/><sp/><sp/><sp/><sp/><sp/><sp/><sp/><sp/><sp/><sp/><sp/><sp/><sp/><sp/>(_retryButton.getGlobalBounds().height<sp/>*<sp/>0.2));<sp/></highlight></codeline>
<codeline lineno="92"><highlight class="normal"></highlight></codeline>
<codeline lineno="93"><highlight class="normal"><sp/><sp/><sp/><sp/><sp/><sp/><sp/><sp/>_scoreText.setFont(_data-&gt;assets.GetFont(</highlight><highlight class="stringliteral">&quot;Flappy<sp/>Font&quot;</highlight><highlight class="normal">));</highlight></codeline>
<codeline lineno="94"><highlight class="normal"></highlight></codeline>
<codeline lineno="95"><highlight class="normal"></highlight></codeline>
<codeline lineno="96"><highlight class="normal"><sp/><sp/><sp/><sp/><sp/><sp/><sp/><sp/>_scoreText.setString(std::to_string(_score));</highlight></codeline>
<codeline lineno="97"><highlight class="normal"><sp/><sp/><sp/><sp/><sp/><sp/><sp/><sp/>_scoreText.setCharacterSize(56);</highlight></codeline>
<codeline lineno="98"><highlight class="normal"><sp/><sp/><sp/><sp/><sp/><sp/><sp/><sp/>_scoreText.setFillColor(sf::Color::White);</highlight></codeline>
<codeline lineno="99"><highlight class="normal"><sp/><sp/><sp/><sp/><sp/><sp/><sp/><sp/>_scoreText.setOrigin(_scoreText.getGlobalBounds().width/2<sp/>,<sp/></highlight></codeline>
<codeline lineno="100"><highlight class="normal"><sp/><sp/><sp/><sp/><sp/><sp/><sp/><sp/><sp/><sp/><sp/><sp/><sp/><sp/><sp/><sp/><sp/><sp/><sp/><sp/><sp/><sp/><sp/><sp/><sp/><sp/><sp/><sp/><sp/><sp/><sp/><sp/><sp/><sp/><sp/><sp/><sp/><sp/><sp/><sp/><sp/><sp/><sp/><sp/><sp/><sp/><sp/><sp/><sp/>_scoreText.getGlobalBounds().height<sp/>/2);</highlight></codeline>
<codeline lineno="101"><highlight class="normal"><sp/><sp/><sp/><sp/><sp/><sp/><sp/><sp/>_scoreText.setPosition(_data-&gt;window.getSize().x<sp/>/<sp/>10<sp/>*<sp/>7.25,</highlight></codeline>
<codeline lineno="102"><highlight class="normal"><sp/><sp/><sp/><sp/><sp/><sp/><sp/><sp/><sp/><sp/><sp/><sp/><sp/><sp/><sp/><sp/>_data-&gt;window.getSize().y<sp/>/<sp/>2.15);</highlight></codeline>
<codeline lineno="103"><highlight class="normal"><sp/><sp/><sp/><sp/><sp/><sp/><sp/><sp/></highlight></codeline>
<codeline lineno="104"><highlight class="normal"><sp/><sp/><sp/><sp/><sp/><sp/><sp/><sp/>_highScoreText.setFont(_data-&gt;assets.GetFont(</highlight><highlight class="stringliteral">&quot;Flappy<sp/>Font&quot;</highlight><highlight class="normal">));</highlight></codeline>
<codeline lineno="105"><highlight class="normal"></highlight></codeline>
<codeline lineno="106"><highlight class="normal"></highlight></codeline>
<codeline lineno="107"><highlight class="normal"><sp/><sp/><sp/><sp/><sp/><sp/><sp/><sp/>_highScoreText.setString(std::to_string(_highScore));</highlight></codeline>
<codeline lineno="108"><highlight class="normal"><sp/><sp/><sp/><sp/><sp/><sp/><sp/><sp/>_highScoreText.setCharacterSize(56);</highlight></codeline>
<codeline lineno="109"><highlight class="normal"><sp/><sp/><sp/><sp/><sp/><sp/><sp/><sp/>_highScoreText.setFillColor(sf::Color::White);</highlight></codeline>
<codeline lineno="110"><highlight class="normal"><sp/><sp/><sp/><sp/><sp/><sp/><sp/><sp/>_highScoreText.setOrigin(_highScoreText.getGlobalBounds().width/2<sp/>,<sp/></highlight></codeline>
<codeline lineno="111"><highlight class="normal"><sp/><sp/><sp/><sp/><sp/><sp/><sp/><sp/><sp/><sp/><sp/><sp/><sp/><sp/><sp/><sp/><sp/><sp/><sp/><sp/><sp/><sp/><sp/><sp/><sp/><sp/><sp/><sp/><sp/><sp/><sp/><sp/><sp/><sp/><sp/><sp/><sp/><sp/><sp/><sp/><sp/><sp/><sp/><sp/><sp/><sp/><sp/><sp/><sp/>_highScoreText.getGlobalBounds().height<sp/>/2);</highlight></codeline>
<codeline lineno="112"><highlight class="normal"><sp/><sp/><sp/><sp/><sp/><sp/><sp/><sp/>_highScoreText.setPosition(_data-&gt;window.getSize().x<sp/>/<sp/>10<sp/>*<sp/>7.25,</highlight></codeline>
<codeline lineno="113"><highlight class="normal"><sp/><sp/><sp/><sp/><sp/><sp/><sp/><sp/><sp/><sp/><sp/><sp/><sp/><sp/><sp/><sp/>_data-&gt;window.getSize().y<sp/>/<sp/>1.78);</highlight></codeline>
<codeline lineno="114"><highlight class="normal"></highlight></codeline>
<codeline lineno="115"><highlight class="normal"><sp/><sp/><sp/><sp/><sp/><sp/><sp/><sp/>std::cout<sp/>&lt;&lt;<sp/></highlight><highlight class="stringliteral">&quot;BEFORE<sp/>DELETION&quot;</highlight><highlight class="normal"><sp/>&lt;&lt;<sp/>std::endl;</highlight></codeline>
<codeline lineno="116"><highlight class="normal"><sp/><sp/><sp/><sp/><sp/><sp/><sp/><sp/>this-&gt;_data-&gt;manager.ListAllEnties();</highlight></codeline>
<codeline lineno="117"><highlight class="normal"><sp/><sp/><sp/><sp/><sp/><sp/><sp/><sp/></highlight></codeline>
<codeline lineno="118"><highlight class="normal"><sp/><sp/><sp/><sp/><sp/><sp/><sp/><sp/>this-&gt;_data-&gt;manager.DeleteEntity();</highlight></codeline>
<codeline lineno="119"><highlight class="normal"><sp/><sp/><sp/><sp/><sp/><sp/><sp/><sp/></highlight></codeline>
<codeline lineno="120"><highlight class="normal"><sp/><sp/><sp/><sp/><sp/><sp/><sp/><sp/>std::cout<sp/>&lt;&lt;<sp/></highlight><highlight class="stringliteral">&quot;AFTER<sp/>DELETION&quot;</highlight><highlight class="normal"><sp/>&lt;&lt;<sp/>std::endl;</highlight></codeline>
<codeline lineno="121"><highlight class="normal"><sp/><sp/><sp/><sp/><sp/><sp/><sp/><sp/></highlight></codeline>
<codeline lineno="122"><highlight class="normal"><sp/><sp/><sp/><sp/><sp/><sp/><sp/><sp/>this-&gt;_data-&gt;manager.ListAllEnties();</highlight></codeline>
<codeline lineno="123"><highlight class="normal"><sp/><sp/><sp/><sp/><sp/><sp/><sp/><sp/></highlight><highlight class="comment">//this-&gt;_data-&gt;manager.Update(this-&gt;_data-&gt;window);</highlight><highlight class="normal"></highlight></codeline>
<codeline lineno="124"><highlight class="normal"><sp/><sp/><sp/><sp/><sp/><sp/><sp/><sp/></highlight></codeline>
<codeline lineno="125"><highlight class="normal"><sp/><sp/><sp/><sp/><sp/><sp/><sp/><sp/></highlight></codeline>
<codeline lineno="126"><highlight class="normal"></highlight><highlight class="comment">//<sp/><sp/><sp/><sp/><sp/><sp/>ld-&gt;Get_Bullet_Map().clear();</highlight><highlight class="normal"></highlight></codeline>
<codeline lineno="127"><highlight class="normal"></highlight><highlight class="comment">//<sp/><sp/><sp/><sp/><sp/><sp/>ld-&gt;Get_Game_objects_Map().clear();</highlight><highlight class="normal"></highlight></codeline>
<codeline lineno="128"><highlight class="normal"></highlight><highlight class="comment">//<sp/><sp/><sp/><sp/><sp/><sp/>ld-&gt;Get_Player_Map().clear();</highlight><highlight class="normal"></highlight></codeline>
<codeline lineno="129"><highlight class="normal"></highlight><highlight class="comment">//</highlight><highlight class="normal"></highlight></codeline>
<codeline lineno="130"><highlight class="normal"></highlight></codeline>
<codeline lineno="131"><highlight class="normal"><sp/><sp/><sp/><sp/><sp/><sp/><sp/><sp/>ld<sp/>=<sp/></highlight><highlight class="keyword">new</highlight><highlight class="normal"><sp/><ref refid="db/d78/class_sekander_1_1_loading_game_objects" kindref="compound">LoadingGameObjects</ref>(_data);</highlight></codeline>
<codeline lineno="132"><highlight class="normal"></highlight></codeline>
<codeline lineno="133"><highlight class="normal"><sp/><sp/><sp/><sp/><sp/><sp/><sp/><sp/>ld-&gt;<ref refid="db/d78/class_sekander_1_1_loading_game_objects_1a9b1a1dfecbed28a4eef90aa53953cbde" kindref="member">Load_XML_GAME_OVER_SCREEN</ref>(this-&gt;_xml_DOC);</highlight></codeline>
<codeline lineno="134"><highlight class="normal"></highlight></codeline>
<codeline lineno="135"><highlight class="normal"><sp/><sp/><sp/><sp/><sp/><sp/><sp/><sp/>fade_out<sp/>=<sp/></highlight><highlight class="keyword">false</highlight><highlight class="normal">;</highlight></codeline>
<codeline lineno="136"><highlight class="normal"></highlight></codeline>
<codeline lineno="137"><highlight class="normal"><sp/><sp/><sp/><sp/>}</highlight></codeline>
<codeline lineno="138"><highlight class="normal"></highlight></codeline>
<codeline lineno="139" refid="dd/d6a/class_sekander_1_1_game_over_state_1ade27fc3af036b3c50df4ccf6cb795627" refkind="member"><highlight class="normal"><sp/><sp/><sp/><sp/></highlight><highlight class="keywordtype">void</highlight><highlight class="normal"><sp/><ref refid="dd/d6a/class_sekander_1_1_game_over_state_1ade27fc3af036b3c50df4ccf6cb795627" kindref="member">GameOverState::HandleInput</ref>()</highlight></codeline>
<codeline lineno="140"><highlight class="normal"><sp/><sp/><sp/><sp/>{</highlight></codeline>
<codeline lineno="141"><highlight class="normal"><sp/><sp/><sp/><sp/><sp/><sp/><sp/><sp/>sf::Event<sp/>event;</highlight></codeline>
<codeline lineno="142"><highlight class="normal"></highlight></codeline>
<codeline lineno="143"><highlight class="normal"><sp/><sp/><sp/><sp/><sp/><sp/><sp/><sp/></highlight><highlight class="keywordflow">while</highlight><highlight class="normal"><sp/>(this-&gt;_data-&gt;window.pollEvent(event))</highlight></codeline>
<codeline lineno="144"><highlight class="normal"><sp/><sp/><sp/><sp/><sp/><sp/><sp/><sp/>{</highlight></codeline>
<codeline lineno="145"><highlight class="normal"><sp/><sp/><sp/><sp/><sp/><sp/><sp/><sp/><sp/><sp/><sp/><sp/></highlight><highlight class="keywordflow">if</highlight><highlight class="normal"><sp/>(sf::Event::Closed<sp/>==<sp/>event.type)</highlight></codeline>
<codeline lineno="146"><highlight class="normal"><sp/><sp/><sp/><sp/><sp/><sp/><sp/><sp/><sp/><sp/><sp/><sp/>{</highlight></codeline>
<codeline lineno="147"><highlight class="normal"><sp/><sp/><sp/><sp/><sp/><sp/><sp/><sp/><sp/><sp/><sp/><sp/><sp/><sp/><sp/><sp/>this-&gt;_data-&gt;window.close();</highlight></codeline>
<codeline lineno="148"><highlight class="normal"><sp/><sp/><sp/><sp/><sp/><sp/><sp/><sp/><sp/><sp/><sp/><sp/>}</highlight></codeline>
<codeline lineno="149"><highlight class="normal"><sp/><sp/><sp/><sp/><sp/><sp/><sp/><sp/><sp/><sp/><sp/><sp/></highlight><highlight class="keywordflow">else</highlight><highlight class="normal"><sp/></highlight><highlight class="keywordflow">if</highlight><highlight class="normal">(event.type<sp/>==<sp/>sf::Event::KeyPressed<sp/>&amp;&amp;<sp/>event.key.code<sp/>==<sp/>sf::Keyboard::F5)<sp/><sp/><sp/><sp/><sp/><sp/></highlight></codeline>
<codeline lineno="150"><highlight class="normal"><sp/><sp/><sp/><sp/><sp/><sp/><sp/><sp/><sp/><sp/><sp/><sp/>{</highlight></codeline>
<codeline lineno="151"><highlight class="normal"><sp/><sp/><sp/><sp/><sp/><sp/><sp/><sp/><sp/><sp/><sp/><sp/><sp/><sp/><sp/><sp/></highlight><highlight class="comment">//this-&gt;_data-&gt;toggleFullScreen.ToggleFullscreen();</highlight><highlight class="normal"></highlight></codeline>
<codeline lineno="152"><highlight class="normal"><sp/><sp/><sp/><sp/><sp/><sp/><sp/><sp/><sp/><sp/><sp/><sp/><sp/><sp/><sp/><sp/><sp/><sp/><sp/><sp/><sp/><sp/><sp/><sp/><sp/><sp/><sp/><sp/><sp/><sp/><sp/><sp/><sp/><sp/><sp/><sp/><sp/><sp/><sp/><sp/>std::cout<sp/>&lt;&lt;<sp/></highlight><highlight class="stringliteral">&quot;ENTERING<sp/>FULLSCREEN&quot;</highlight><highlight class="normal"><sp/>&lt;&lt;<sp/>std::endl;</highlight></codeline>
<codeline lineno="153"><highlight class="normal"><sp/><sp/><sp/><sp/><sp/><sp/><sp/><sp/><sp/><sp/><sp/><sp/><sp/><sp/><sp/><sp/><sp/><sp/><sp/><sp/><sp/><sp/><sp/></highlight></codeline>
<codeline lineno="154"><highlight class="normal"></highlight></codeline>
<codeline lineno="155"><highlight class="normal"><sp/><sp/><sp/><sp/></highlight></codeline>
<codeline lineno="156"><highlight class="normal"><sp/><sp/><sp/><sp/><sp/><sp/><sp/><sp/><sp/><sp/><sp/><sp/><sp/><sp/><sp/><sp/>_data-&gt;window.close();</highlight></codeline>
<codeline lineno="157"><highlight class="normal"><sp/><sp/><sp/><sp/><sp/><sp/><sp/><sp/><sp/><sp/><sp/><sp/><sp/><sp/><sp/><sp/>_data-&gt;window.create(sf::VideoMode(<ref refid="df/d44/_d_e_f_i_n_i_t_i_o_n_s_8hpp_1a2cd109632a6dcccaa80b43561b1ab700" kindref="member">SCREEN_WIDTH</ref>,<sp/><ref refid="df/d44/_d_e_f_i_n_i_t_i_o_n_s_8hpp_1a6974d08a74da681b3957b2fead2608b8" kindref="member">SCREEN_HEIGHT</ref>),<sp/></highlight><highlight class="stringliteral">&quot;NUUUU&quot;</highlight><highlight class="normal">,<sp/>sf::Style::Fullscreen);</highlight></codeline>
<codeline lineno="158"><highlight class="normal"><sp/><sp/><sp/><sp/><sp/><sp/><sp/><sp/><sp/><sp/><sp/><sp/>}</highlight></codeline>
<codeline lineno="159"><highlight class="normal"><sp/><sp/><sp/><sp/><sp/><sp/><sp/><sp/><sp/><sp/><sp/><sp/></highlight><highlight class="keywordflow">else</highlight><highlight class="normal"><sp/></highlight><highlight class="keywordflow">if</highlight><highlight class="normal">(event.type<sp/>==<sp/>sf::Event::KeyPressed<sp/>&amp;&amp;<sp/>event.key.code<sp/>==<sp/>sf::Keyboard::F4)<sp/><sp/><sp/><sp/><sp/><sp/></highlight></codeline>
<codeline lineno="160"><highlight class="normal"><sp/><sp/><sp/><sp/><sp/><sp/><sp/><sp/><sp/><sp/><sp/><sp/>{</highlight></codeline>
<codeline lineno="161"><highlight class="normal"><sp/><sp/><sp/><sp/><sp/><sp/><sp/><sp/><sp/><sp/><sp/><sp/><sp/><sp/><sp/><sp/></highlight><highlight class="comment">//this-&gt;_data-&gt;toggleFullScreen.ToggleFullscreen();</highlight><highlight class="normal"></highlight></codeline>
<codeline lineno="162"><highlight class="normal"><sp/><sp/><sp/><sp/><sp/><sp/><sp/><sp/><sp/><sp/><sp/><sp/><sp/><sp/><sp/><sp/><sp/><sp/><sp/><sp/><sp/><sp/><sp/><sp/><sp/><sp/><sp/><sp/><sp/><sp/><sp/><sp/><sp/><sp/><sp/><sp/><sp/><sp/><sp/><sp/>std::cout<sp/>&lt;&lt;<sp/></highlight><highlight class="stringliteral">&quot;ENTERING<sp/>WINDOW<sp/>MODE&quot;</highlight><highlight class="normal"><sp/>&lt;&lt;<sp/>std::endl;</highlight></codeline>
<codeline lineno="163"><highlight class="normal"><sp/><sp/><sp/><sp/><sp/><sp/><sp/><sp/><sp/><sp/><sp/><sp/><sp/><sp/><sp/><sp/><sp/><sp/><sp/><sp/><sp/><sp/><sp/><sp/></highlight></codeline>
<codeline lineno="164"><highlight class="normal"></highlight></codeline>
<codeline lineno="165"><highlight class="normal"><sp/><sp/><sp/><sp/></highlight></codeline>
<codeline lineno="166"><highlight class="normal"><sp/><sp/><sp/><sp/><sp/><sp/><sp/><sp/><sp/><sp/><sp/><sp/><sp/><sp/><sp/><sp/>_data-&gt;window.close();</highlight></codeline>
<codeline lineno="167"><highlight class="normal"><sp/><sp/><sp/><sp/><sp/><sp/><sp/><sp/><sp/><sp/><sp/><sp/><sp/><sp/><sp/><sp/>_data-&gt;window.create(sf::VideoMode(<ref refid="df/d44/_d_e_f_i_n_i_t_i_o_n_s_8hpp_1a2cd109632a6dcccaa80b43561b1ab700" kindref="member">SCREEN_WIDTH</ref>,<sp/><ref refid="df/d44/_d_e_f_i_n_i_t_i_o_n_s_8hpp_1a6974d08a74da681b3957b2fead2608b8" kindref="member">SCREEN_HEIGHT</ref>),<sp/></highlight><highlight class="stringliteral">&quot;NUUUU&quot;</highlight><highlight class="normal">,<sp/>sf::Style::Default);</highlight></codeline>
<codeline lineno="168"><highlight class="normal"><sp/><sp/><sp/><sp/><sp/><sp/><sp/><sp/><sp/><sp/><sp/><sp/>}</highlight></codeline>
<codeline lineno="169"><highlight class="normal"><sp/><sp/><sp/><sp/><sp/><sp/><sp/><sp/><sp/><sp/><sp/><sp/></highlight><highlight class="keywordflow">else</highlight><highlight class="normal"><sp/></highlight><highlight class="keywordflow">if</highlight><highlight class="normal">(event.type<sp/>==<sp/>sf::Event::KeyPressed<sp/>&amp;&amp;<sp/>event.key.code<sp/>==<sp/>sf::Keyboard::Escape)<sp/><sp/><sp/><sp/><sp/><sp/></highlight></codeline>
<codeline lineno="170"><highlight class="normal"><sp/><sp/><sp/><sp/><sp/><sp/><sp/><sp/><sp/><sp/><sp/><sp/>{</highlight></codeline>
<codeline lineno="171"><highlight class="normal"><sp/><sp/><sp/><sp/><sp/><sp/><sp/><sp/><sp/><sp/><sp/><sp/><sp/><sp/><sp/><sp/><sp/><sp/><sp/><sp/><sp/><sp/><sp/><sp/><sp/><sp/><sp/><sp/><sp/><sp/><sp/><sp/>this-&gt;_data-&gt;window.close();</highlight></codeline>
<codeline lineno="172"><highlight class="normal"></highlight></codeline>
<codeline lineno="173"><highlight class="normal"><sp/><sp/><sp/><sp/><sp/><sp/><sp/><sp/><sp/><sp/><sp/><sp/>}</highlight></codeline>
<codeline lineno="174"><highlight class="normal"></highlight></codeline>
<codeline lineno="175"><highlight class="normal"><sp/><sp/><sp/><sp/><sp/><sp/><sp/><sp/><sp/><sp/><sp/><sp/></highlight><highlight class="keywordflow">if</highlight><highlight class="normal">(_data-&gt;input.IsSpriteClicked(_retryButton,<sp/>sf::Mouse::Left,</highlight></codeline>
<codeline lineno="176"><highlight class="normal"><sp/><sp/><sp/><sp/><sp/><sp/><sp/><sp/><sp/><sp/><sp/><sp/><sp/><sp/><sp/><sp/><sp/><sp/><sp/><sp/><sp/><sp/><sp/><sp/>_data-&gt;window))</highlight></codeline>
<codeline lineno="177"><highlight class="normal"><sp/><sp/><sp/><sp/><sp/><sp/><sp/><sp/><sp/><sp/><sp/><sp/><sp/><sp/><sp/><sp/>{</highlight></codeline>
<codeline lineno="178"><highlight class="normal"></highlight></codeline>
<codeline lineno="179"><highlight class="normal"><sp/><sp/><sp/><sp/><sp/><sp/><sp/><sp/><sp/><sp/><sp/><sp/><sp/><sp/><sp/><sp/><sp/><sp/><sp/><sp/>fade_out<sp/>=<sp/></highlight><highlight class="keyword">true</highlight><highlight class="normal">;</highlight></codeline>
<codeline lineno="180"><highlight class="normal"><sp/><sp/><sp/><sp/><sp/><sp/><sp/><sp/><sp/><sp/><sp/><sp/><sp/><sp/><sp/><sp/></highlight><highlight class="comment">//EDIT<sp/>HERE</highlight><highlight class="normal"></highlight></codeline>
<codeline lineno="181"><highlight class="normal"><sp/><sp/><sp/><sp/><sp/><sp/><sp/><sp/><sp/><sp/><sp/><sp/><sp/><sp/><sp/><sp/></highlight></codeline>
<codeline lineno="182"><highlight class="normal"><sp/><sp/><sp/><sp/><sp/><sp/><sp/><sp/><sp/><sp/><sp/><sp/><sp/><sp/><sp/><sp/></highlight><highlight class="comment">//if(this-&gt;_clock.getElapsedTime().asSeconds()<sp/>&gt;<sp/>7.0f)</highlight><highlight class="normal"></highlight></codeline>
<codeline lineno="183"><highlight class="normal"><sp/><sp/><sp/><sp/><sp/><sp/><sp/><sp/><sp/><sp/><sp/><sp/><sp/><sp/><sp/><sp/></highlight><highlight class="comment">//{</highlight><highlight class="normal"></highlight></codeline>
<codeline lineno="184"><highlight class="normal"><sp/><sp/><sp/><sp/><sp/><sp/><sp/><sp/><sp/><sp/><sp/><sp/><sp/><sp/><sp/><sp/><sp/><sp/><sp/><sp/>this-&gt;_data-&gt;manager.EnableEntity();</highlight></codeline>
<codeline lineno="185"><highlight class="normal"><sp/><sp/><sp/><sp/><sp/><sp/><sp/><sp/><sp/><sp/><sp/><sp/><sp/><sp/><sp/><sp/><sp/><sp/><sp/><sp/>_data-&gt;machine.AddState(<ref refid="d8/d6a/namespace_sekander_1a8503cedf9c863e9f6986eb29f2296f1a" kindref="member">StateRef</ref>(</highlight><highlight class="keyword">new</highlight><highlight class="normal"><sp/><ref refid="d3/db6/class_sekander_1_1_game_state" kindref="compound">GameState</ref>(_data,<sp/>this-&gt;_xml_DOC)),<sp/></highlight><highlight class="keyword">true</highlight><highlight class="normal">);</highlight></codeline>
<codeline lineno="186"><highlight class="normal"></highlight></codeline>
<codeline lineno="187"><highlight class="normal"><sp/><sp/><sp/><sp/><sp/><sp/><sp/><sp/><sp/><sp/><sp/><sp/><sp/><sp/><sp/><sp/></highlight><highlight class="comment">//}</highlight><highlight class="normal"></highlight></codeline>
<codeline lineno="188"><highlight class="normal"><sp/><sp/><sp/><sp/><sp/><sp/><sp/><sp/><sp/><sp/><sp/><sp/><sp/><sp/><sp/><sp/></highlight></codeline>
<codeline lineno="189"><highlight class="normal"></highlight></codeline>
<codeline lineno="190"><highlight class="normal"><sp/><sp/><sp/><sp/><sp/><sp/><sp/><sp/><sp/><sp/><sp/><sp/>}</highlight></codeline>
<codeline lineno="191"><highlight class="normal"><sp/><sp/><sp/><sp/><sp/><sp/><sp/><sp/>}</highlight></codeline>
<codeline lineno="192"><highlight class="normal"><sp/><sp/><sp/><sp/>}</highlight></codeline>
<codeline lineno="193"><highlight class="normal"></highlight></codeline>
<codeline lineno="194" refid="dd/d6a/class_sekander_1_1_game_over_state_1a00b3dcb61cb0342cf0fe4cc181e99b6b" refkind="member"><highlight class="normal"><sp/><sp/><sp/><sp/></highlight><highlight class="keywordtype">void</highlight><highlight class="normal"><sp/><ref refid="dd/d6a/class_sekander_1_1_game_over_state_1a00b3dcb61cb0342cf0fe4cc181e99b6b" kindref="member">GameOverState::Update</ref>(</highlight><highlight class="keywordtype">float</highlight><highlight class="normal"><sp/>dt)</highlight></codeline>
<codeline lineno="195"><highlight class="normal"><sp/><sp/><sp/><sp/>{</highlight></codeline>
<codeline lineno="196"><highlight class="normal"><sp/><sp/><sp/><sp/><sp/><sp/><sp/><sp/></highlight><highlight class="comment">//std::cout<sp/>&lt;&lt;<sp/>&quot;TEST<sp/>CLEAM&quot;<sp/>&lt;&lt;<sp/>std::endl;</highlight><highlight class="normal"></highlight></codeline>
<codeline lineno="197"><highlight class="normal"><sp/><sp/><sp/><sp/><sp/><sp/><sp/><sp/></highlight><highlight class="keywordflow">if</highlight><highlight class="normal">(!_max)</highlight></codeline>
<codeline lineno="198"><highlight class="normal"><sp/><sp/><sp/><sp/><sp/><sp/><sp/><sp/>a--;</highlight></codeline>
<codeline lineno="199"><highlight class="normal"><sp/><sp/><sp/><sp/><sp/><sp/><sp/><sp/></highlight><highlight class="keywordflow">if</highlight><highlight class="normal">(a<sp/>&lt;=<sp/>0)</highlight></codeline>
<codeline lineno="200"><highlight class="normal"><sp/><sp/><sp/><sp/><sp/><sp/><sp/><sp/>{</highlight></codeline>
<codeline lineno="201"><highlight class="normal"><sp/><sp/><sp/><sp/><sp/><sp/><sp/><sp/><sp/><sp/><sp/><sp/>a<sp/>=<sp/>0;</highlight></codeline>
<codeline lineno="202"><highlight class="normal"><sp/><sp/><sp/><sp/><sp/><sp/><sp/><sp/><sp/><sp/><sp/><sp/>_max<sp/>=<sp/></highlight><highlight class="keyword">true</highlight><highlight class="normal">;</highlight></codeline>
<codeline lineno="203"><highlight class="normal"><sp/><sp/><sp/><sp/><sp/><sp/><sp/><sp/>}</highlight></codeline>
<codeline lineno="204"><highlight class="normal"><sp/><sp/><sp/><sp/><sp/><sp/><sp/><sp/>window_rec.setFillColor(sf::Color(0,<sp/>0,<sp/>0,<sp/>a));</highlight></codeline>
<codeline lineno="205"><highlight class="normal"></highlight></codeline>
<codeline lineno="206"><highlight class="normal"><sp/><sp/><sp/><sp/><sp/><sp/><sp/><sp/></highlight><highlight class="keywordflow">if</highlight><highlight class="normal">(fade_out)</highlight></codeline>
<codeline lineno="207"><highlight class="normal"><sp/><sp/><sp/><sp/><sp/><sp/><sp/><sp/>{</highlight></codeline>
<codeline lineno="208"><highlight class="normal"><sp/><sp/><sp/><sp/><sp/><sp/><sp/><sp/><sp/><sp/><sp/><sp/>std::cout<sp/>&lt;&lt;<sp/></highlight><highlight class="stringliteral">&quot;GOT<sp/>HERE&quot;</highlight><highlight class="normal"><sp/>&lt;&lt;<sp/>std::endl;</highlight></codeline>
<codeline lineno="209"><highlight class="normal"><sp/><sp/><sp/><sp/><sp/><sp/><sp/><sp/><sp/><sp/><sp/><sp/></highlight><highlight class="comment">//if(!_max)</highlight><highlight class="normal"></highlight></codeline>
<codeline lineno="210"><highlight class="normal"><sp/><sp/><sp/><sp/><sp/><sp/><sp/><sp/><sp/><sp/><sp/><sp/><sp/><sp/><sp/><sp/>a_b++;</highlight></codeline>
<codeline lineno="211"><highlight class="normal"><sp/><sp/><sp/><sp/><sp/><sp/><sp/><sp/><sp/><sp/><sp/><sp/><sp/><sp/><sp/><sp/></highlight><highlight class="keywordflow">if</highlight><highlight class="normal">(a_b<sp/>&gt;=<sp/>255)</highlight></codeline>
<codeline lineno="212"><highlight class="normal"><sp/><sp/><sp/><sp/><sp/><sp/><sp/><sp/><sp/><sp/><sp/><sp/><sp/><sp/><sp/><sp/>{</highlight></codeline>
<codeline lineno="213"><highlight class="normal"><sp/><sp/><sp/><sp/><sp/><sp/><sp/><sp/><sp/><sp/><sp/><sp/><sp/><sp/><sp/><sp/><sp/><sp/><sp/><sp/>a_b<sp/>=<sp/>255;</highlight></codeline>
<codeline lineno="214"><highlight class="normal"><sp/><sp/><sp/><sp/><sp/><sp/><sp/><sp/><sp/><sp/><sp/><sp/><sp/><sp/><sp/><sp/><sp/><sp/><sp/><sp/>_max<sp/>=<sp/></highlight><highlight class="keyword">true</highlight><highlight class="normal">;</highlight></codeline>
<codeline lineno="215"><highlight class="normal"><sp/><sp/><sp/><sp/><sp/><sp/><sp/><sp/><sp/><sp/><sp/><sp/><sp/><sp/><sp/><sp/>}</highlight></codeline>
<codeline lineno="216"><highlight class="normal"><sp/><sp/><sp/><sp/><sp/><sp/><sp/><sp/><sp/><sp/><sp/><sp/>window_rec2.setFillColor(sf::Color(0,<sp/>0,<sp/>0,<sp/>a_b));</highlight></codeline>
<codeline lineno="217"><highlight class="normal"></highlight></codeline>
<codeline lineno="218"><highlight class="normal"><sp/><sp/><sp/><sp/><sp/><sp/><sp/><sp/>}</highlight></codeline>
<codeline lineno="219"><highlight class="normal"></highlight></codeline>
<codeline lineno="220"><highlight class="normal"></highlight></codeline>
<codeline lineno="221"><highlight class="normal"></highlight></codeline>
<codeline lineno="222"><highlight class="normal"><sp/><sp/><sp/><sp/>}</highlight></codeline>
<codeline lineno="223"><highlight class="normal"></highlight></codeline>
<codeline lineno="224" refid="dd/d6a/class_sekander_1_1_game_over_state_1af2407df4e95d8add41ed995157bc0905" refkind="member"><highlight class="normal"><sp/><sp/><sp/><sp/></highlight><highlight class="keywordtype">void</highlight><highlight class="normal"><sp/><ref refid="dd/d6a/class_sekander_1_1_game_over_state_1af2407df4e95d8add41ed995157bc0905" kindref="member">GameOverState::Draw</ref>(</highlight><highlight class="keywordtype">float</highlight><highlight class="normal"><sp/>dt)</highlight></codeline>
<codeline lineno="225"><highlight class="normal"><sp/><sp/><sp/><sp/>{</highlight></codeline>
<codeline lineno="226"><highlight class="normal"><sp/><sp/><sp/><sp/><sp/><sp/><sp/><sp/>this-&gt;_data-&gt;window.clear(sf::Color::Red);</highlight></codeline>
<codeline lineno="227"><highlight class="normal"></highlight></codeline>
<codeline lineno="228"><highlight class="normal"><sp/><sp/><sp/><sp/><sp/><sp/><sp/><sp/>this-&gt;_data-&gt;window.draw(this-&gt;_background);</highlight></codeline>
<codeline lineno="229"><highlight class="normal"><sp/><sp/><sp/><sp/><sp/><sp/><sp/><sp/>_data-&gt;window.draw(_gameOverTitle);</highlight></codeline>
<codeline lineno="230"><highlight class="normal"><sp/><sp/><sp/><sp/><sp/><sp/><sp/><sp/></highlight><highlight class="comment">//_data-&gt;window.draw(_gameOverContainer);</highlight><highlight class="normal"></highlight></codeline>
<codeline lineno="231"><highlight class="normal"><sp/><sp/><sp/><sp/><sp/><sp/><sp/><sp/>_data-&gt;window.draw(_retryButton);</highlight></codeline>
<codeline lineno="232"><highlight class="normal"><sp/><sp/><sp/><sp/><sp/><sp/><sp/><sp/>_data-&gt;window.draw(_scoreText);</highlight></codeline>
<codeline lineno="233"><highlight class="normal"><sp/><sp/><sp/><sp/><sp/><sp/><sp/><sp/>_data-&gt;window.draw(_highScoreText);</highlight></codeline>
<codeline lineno="234"><highlight class="normal"><sp/><sp/><sp/><sp/><sp/><sp/><sp/><sp/></highlight><highlight class="keyword">auto</highlight><highlight class="normal"><sp/>spriteList<sp/>=<sp/>ld-&gt;<ref refid="db/d78/class_sekander_1_1_loading_game_objects_1a380d17caeefca095fa9166e6426a9cef" kindref="member">Get_Sprie_Map</ref>();</highlight></codeline>
<codeline lineno="235"><highlight class="normal"><sp/><sp/><sp/><sp/><sp/><sp/><sp/><sp/></highlight><highlight class="keywordflow">for</highlight><highlight class="normal">(</highlight><highlight class="keyword">auto</highlight><highlight class="normal">&amp;<sp/>obj<sp/>:<sp/>spriteList)</highlight></codeline>
<codeline lineno="236"><highlight class="normal"><sp/><sp/><sp/><sp/><sp/><sp/><sp/><sp/>{</highlight></codeline>
<codeline lineno="237"><highlight class="normal"><sp/><sp/><sp/><sp/><sp/><sp/><sp/><sp/><sp/><sp/><sp/><sp/>this-&gt;_data-&gt;window.draw(*obj.second);</highlight></codeline>
<codeline lineno="238"><highlight class="normal"><sp/><sp/><sp/><sp/><sp/><sp/><sp/><sp/><sp/><sp/><sp/><sp/>std::cout<sp/>&lt;&lt;<sp/></highlight></codeline>
<codeline lineno="239"><highlight class="normal"><sp/><sp/><sp/><sp/><sp/><sp/><sp/><sp/><sp/><sp/><sp/><sp/></highlight></codeline>
<codeline lineno="240"><highlight class="normal"><sp/><sp/><sp/><sp/><sp/><sp/><sp/><sp/><sp/><sp/><sp/><sp/></highlight><highlight class="stringliteral">&quot;SPRITES<sp/>:<sp/>&quot;</highlight><highlight class="normal"><sp/>&lt;&lt;</highlight></codeline>
<codeline lineno="241"><highlight class="normal"><sp/><sp/><sp/><sp/><sp/><sp/><sp/><sp/><sp/><sp/><sp/><sp/>obj.second</highlight></codeline>
<codeline lineno="242"><highlight class="normal"><sp/><sp/><sp/><sp/><sp/><sp/><sp/><sp/><sp/><sp/><sp/><sp/></highlight></codeline>
<codeline lineno="243"><highlight class="normal"><sp/><sp/><sp/><sp/><sp/><sp/><sp/><sp/><sp/><sp/><sp/><sp/>&lt;&lt;<sp/>std::endl;</highlight></codeline>
<codeline lineno="244"><highlight class="normal"><sp/><sp/><sp/><sp/><sp/><sp/><sp/><sp/>}</highlight></codeline>
<codeline lineno="245"><highlight class="normal"></highlight></codeline>
<codeline lineno="246"><highlight class="normal"><sp/><sp/><sp/><sp/><sp/><sp/><sp/><sp/>this-&gt;_data-&gt;window.draw(window_rec);</highlight></codeline>
<codeline lineno="247"><highlight class="normal"><sp/><sp/><sp/><sp/><sp/><sp/><sp/><sp/>this-&gt;_data-&gt;window.draw(window_rec2);</highlight></codeline>
<codeline lineno="248"><highlight class="normal"></highlight></codeline>
<codeline lineno="249"><highlight class="normal"></highlight></codeline>
<codeline lineno="250"><highlight class="normal"></highlight></codeline>
<codeline lineno="251"><highlight class="normal"><sp/><sp/><sp/><sp/><sp/><sp/><sp/><sp/>this-&gt;_data-&gt;window.display();</highlight></codeline>
<codeline lineno="252"><highlight class="normal"><sp/><sp/><sp/><sp/>}</highlight></codeline>
<codeline lineno="253"><highlight class="normal">}</highlight></codeline>
    </programlisting>
    <location file="GameOverState.cpp"/>
  </compounddef>
</doxygen>
