<?xml version='1.0' encoding='UTF-8' standalone='no'?>
<doxygen xmlns:xsi="http://www.w3.org/2001/XMLSchema-instance" xsi:noNamespaceSchemaLocation="compound.xsd" version="1.9.2" xml:lang="en-US">
  <compounddef id="db/d78/class_sekander_1_1_loading_game_objects" kind="class" language="C++" prot="public">
    <compoundname>Sekander::LoadingGameObjects</compoundname>
    <includes refid="db/db5/_loading_game_objects_8hpp" local="no">LoadingGameObjects.hpp</includes>
      <sectiondef kind="private-attrib">
      <memberdef kind="variable" id="db/d78/class_sekander_1_1_loading_game_objects_1aca591b6946d7a71698a91bf97de00f4b" prot="private" static="no" mutable="no">
        <type><ref refid="d8/d6a/namespace_sekander_1a1d69b002ba2d23020901c28f0def5e16" kindref="member">GameDataRef</ref></type>
        <definition>GameDataRef Sekander::LoadingGameObjects::_data</definition>
        <argsstring></argsstring>
        <name>_data</name>
        <briefdescription>
        </briefdescription>
        <detaileddescription>
        </detaileddescription>
        <inbodydescription>
        </inbodydescription>
        <location file="LoadingGameObjects.hpp" line="205" column="13" bodyfile="LoadingGameObjects.hpp" bodystart="205" bodyend="-1"/>
      </memberdef>
      <memberdef kind="variable" id="db/d78/class_sekander_1_1_loading_game_objects_1a7308de0739e761a8b95d300096ee56e1" prot="private" static="no" mutable="no">
        <type>std::unordered_map&lt; const char *, <ref refid="d4/d74/class_sekander_1_1_game_world" kindref="compound">GameWorld</ref> * &gt;</type>
        <definition>std::unordered_map&lt;const char*, GameWorld*&gt; Sekander::LoadingGameObjects::_gameObjects</definition>
        <argsstring></argsstring>
        <name>_gameObjects</name>
        <briefdescription>
        </briefdescription>
        <detaileddescription>
        </detaileddescription>
        <inbodydescription>
        </inbodydescription>
        <location file="LoadingGameObjects.hpp" line="207" column="32" bodyfile="LoadingGameObjects.hpp" bodystart="207" bodyend="-1"/>
      </memberdef>
      <memberdef kind="variable" id="db/d78/class_sekander_1_1_loading_game_objects_1accf2f7af898259f2108ef8acc748ac75" prot="private" static="no" mutable="no">
        <type>std::unordered_map&lt; const char *, <ref refid="d1/da1/class_sekander_1_1_main___player" kindref="compound">Main_Player</ref> * &gt;</type>
        <definition>std::unordered_map&lt;const char*, Main_Player*&gt; Sekander::LoadingGameObjects::_playerObjects</definition>
        <argsstring></argsstring>
        <name>_playerObjects</name>
        <briefdescription>
        </briefdescription>
        <detaileddescription>
        </detaileddescription>
        <inbodydescription>
        </inbodydescription>
        <location file="LoadingGameObjects.hpp" line="208" column="32" bodyfile="LoadingGameObjects.hpp" bodystart="208" bodyend="-1"/>
      </memberdef>
      <memberdef kind="variable" id="db/d78/class_sekander_1_1_loading_game_objects_1a6881e7f0dd40a50a243838f59e2b076d" prot="private" static="no" mutable="no">
        <type>std::unordered_map&lt; std::string,<ref refid="da/d68/class_sekander_1_1_bullet" kindref="compound">Bullet</ref> * &gt;</type>
        <definition>std::unordered_map&lt;std::string ,Bullet*&gt; Sekander::LoadingGameObjects::_bullet_s</definition>
        <argsstring></argsstring>
        <name>_bullet_s</name>
        <briefdescription>
        </briefdescription>
        <detaileddescription>
        </detaileddescription>
        <inbodydescription>
        </inbodydescription>
        <location file="LoadingGameObjects.hpp" line="210" column="32" bodyfile="LoadingGameObjects.hpp" bodystart="210" bodyend="-1"/>
      </memberdef>
      <memberdef kind="variable" id="db/d78/class_sekander_1_1_loading_game_objects_1a566b3d1ff614edae05d037a1f44da254" prot="private" static="no" mutable="no">
        <type>std::unordered_map&lt; std::string,<ref refid="da/d68/class_sekander_1_1_bullet" kindref="compound">Bullet</ref> * &gt;</type>
        <definition>std::unordered_map&lt;std::string ,Bullet*&gt; Sekander::LoadingGameObjects::enemy_bullet_s</definition>
        <argsstring></argsstring>
        <name>enemy_bullet_s</name>
        <briefdescription>
        </briefdescription>
        <detaileddescription>
        </detaileddescription>
        <inbodydescription>
        </inbodydescription>
        <location file="LoadingGameObjects.hpp" line="211" column="32" bodyfile="LoadingGameObjects.hpp" bodystart="211" bodyend="-1"/>
      </memberdef>
      <memberdef kind="variable" id="db/d78/class_sekander_1_1_loading_game_objects_1aeedf5c8a6d95e2d67f493c6a342d1550" prot="private" static="no" mutable="no">
        <type>std::unordered_map&lt; const char *, <ref refid="d1/d17/class_sekander_1_1_gun" kindref="compound">Gun</ref> * &gt;</type>
        <definition>std::unordered_map&lt;const char*, Gun*&gt; Sekander::LoadingGameObjects::_gun_Objects</definition>
        <argsstring></argsstring>
        <name>_gun_Objects</name>
        <briefdescription>
        </briefdescription>
        <detaileddescription>
        </detaileddescription>
        <inbodydescription>
        </inbodydescription>
        <location file="LoadingGameObjects.hpp" line="213" column="32" bodyfile="LoadingGameObjects.hpp" bodystart="213" bodyend="-1"/>
      </memberdef>
      <memberdef kind="variable" id="db/d78/class_sekander_1_1_loading_game_objects_1a806a9fe60a9609ccf5b44c9177636074" prot="private" static="no" mutable="no">
        <type>std::unordered_map&lt; const char *, <ref refid="d4/d7c/class_sekander_1_1_enemy" kindref="compound">Enemy</ref> * &gt;</type>
        <definition>std::unordered_map&lt;const char*, Enemy*&gt; Sekander::LoadingGameObjects::_enemy_Objects</definition>
        <argsstring></argsstring>
        <name>_enemy_Objects</name>
        <briefdescription>
        </briefdescription>
        <detaileddescription>
        </detaileddescription>
        <inbodydescription>
        </inbodydescription>
        <location file="LoadingGameObjects.hpp" line="214" column="32" bodyfile="LoadingGameObjects.hpp" bodystart="214" bodyend="-1"/>
      </memberdef>
      <memberdef kind="variable" id="db/d78/class_sekander_1_1_loading_game_objects_1a27952bf7b7b386de19cad86546823db1" prot="private" static="no" mutable="no">
        <type>std::unordered_map&lt; const char *, sf::Sprite * &gt;</type>
        <definition>std::unordered_map&lt;const char*, sf::Sprite*&gt; Sekander::LoadingGameObjects::_sprite_Objects</definition>
        <argsstring></argsstring>
        <name>_sprite_Objects</name>
        <briefdescription>
        </briefdescription>
        <detaileddescription>
        </detaileddescription>
        <inbodydescription>
        </inbodydescription>
        <location file="LoadingGameObjects.hpp" line="217" column="32" bodyfile="LoadingGameObjects.hpp" bodystart="217" bodyend="-1"/>
      </memberdef>
      <memberdef kind="variable" id="db/d78/class_sekander_1_1_loading_game_objects_1ae76b503bf88d7696f1a55c38a20f6d01" prot="private" static="no" mutable="no">
        <type>std::unordered_map&lt; std::string, sf::Sprite * &gt;</type>
        <definition>std::unordered_map&lt;std::string , sf::Sprite*&gt; Sekander::LoadingGameObjects::mm_sprite_Objects</definition>
        <argsstring></argsstring>
        <name>mm_sprite_Objects</name>
        <briefdescription>
        </briefdescription>
        <detaileddescription>
        </detaileddescription>
        <inbodydescription>
        </inbodydescription>
        <location file="LoadingGameObjects.hpp" line="218" column="32" bodyfile="LoadingGameObjects.hpp" bodystart="218" bodyend="-1"/>
      </memberdef>
      <memberdef kind="variable" id="db/d78/class_sekander_1_1_loading_game_objects_1a0c211dbd79d70d20408c7c8eccf9d013" prot="private" static="no" mutable="no">
        <type>sf::Sprite *</type>
        <definition>sf::Sprite* Sekander::LoadingGameObjects::sfe</definition>
        <argsstring></argsstring>
        <name>sfe</name>
        <briefdescription>
        </briefdescription>
        <detaileddescription>
        </detaileddescription>
        <inbodydescription>
        </inbodydescription>
        <location file="LoadingGameObjects.hpp" line="221" column="24" bodyfile="LoadingGameObjects.hpp" bodystart="221" bodyend="-1"/>
      </memberdef>
      <memberdef kind="variable" id="db/d78/class_sekander_1_1_loading_game_objects_1ace89ee79603f4375a65ff4503b18b532" prot="private" static="no" mutable="no">
        <type>std::vector&lt; std::string &gt;</type>
        <definition>std::vector&lt;std::string&gt; Sekander::LoadingGameObjects::some</definition>
        <argsstring></argsstring>
        <name>some</name>
        <briefdescription>
        </briefdescription>
        <detaileddescription>
        </detaileddescription>
        <inbodydescription>
        </inbodydescription>
        <location file="LoadingGameObjects.hpp" line="223" column="25" bodyfile="LoadingGameObjects.hpp" bodystart="223" bodyend="-1"/>
      </memberdef>
      <memberdef kind="variable" id="db/d78/class_sekander_1_1_loading_game_objects_1a6148502878e84a5b56a22aa2916a4e3e" prot="private" static="no" mutable="no">
        <type>std::vector&lt; <ref refid="da/d68/class_sekander_1_1_bullet" kindref="compound">Bullet</ref> * &gt;</type>
        <definition>std::vector&lt;Bullet*&gt; Sekander::LoadingGameObjects::bullets</definition>
        <argsstring></argsstring>
        <name>bullets</name>
        <briefdescription>
        </briefdescription>
        <detaileddescription>
        </detaileddescription>
        <inbodydescription>
        </inbodydescription>
        <location file="LoadingGameObjects.hpp" line="224" column="25" bodyfile="LoadingGameObjects.hpp" bodystart="224" bodyend="-1"/>
      </memberdef>
      <memberdef kind="variable" id="db/d78/class_sekander_1_1_loading_game_objects_1a14e02163016d771d35045b3ee995a7c0" prot="private" static="no" mutable="no">
        <type>sf::RectangleShape *</type>
        <definition>sf::RectangleShape* Sekander::LoadingGameObjects::debug</definition>
        <argsstring></argsstring>
        <name>debug</name>
        <briefdescription>
        </briefdescription>
        <detaileddescription>
        </detaileddescription>
        <inbodydescription>
        </inbodydescription>
        <location file="LoadingGameObjects.hpp" line="228" column="32" bodyfile="LoadingGameObjects.hpp" bodystart="228" bodyend="-1"/>
      </memberdef>
      <memberdef kind="variable" id="db/d78/class_sekander_1_1_loading_game_objects_1afeb8ddb9d082cf4187bbe71d0995e4ef" prot="private" static="no" mutable="no">
        <type>const char *</type>
        <definition>const char* Sekander::LoadingGameObjects::_fileName</definition>
        <argsstring></argsstring>
        <name>_fileName</name>
        <briefdescription>
        </briefdescription>
        <detaileddescription>
        </detaileddescription>
        <inbodydescription>
        </inbodydescription>
        <location file="LoadingGameObjects.hpp" line="231" column="24" bodyfile="LoadingGameObjects.hpp" bodystart="231" bodyend="-1"/>
      </memberdef>
      </sectiondef>
      <sectiondef kind="public-func">
      <memberdef kind="function" id="db/d78/class_sekander_1_1_loading_game_objects_1a05bf4cf5351ede9b00a3c161576c82f1" prot="public" static="no" const="no" explicit="no" inline="no" virt="non-virtual">
        <type></type>
        <definition>Sekander::LoadingGameObjects::LoadingGameObjects</definition>
        <argsstring>(GameDataRef data)</argsstring>
        <name>LoadingGameObjects</name>
        <param>
          <type><ref refid="d8/d6a/namespace_sekander_1a1d69b002ba2d23020901c28f0def5e16" kindref="member">GameDataRef</ref></type>
          <declname>data</declname>
        </param>
        <briefdescription>
        </briefdescription>
        <detaileddescription>
        </detaileddescription>
        <inbodydescription>
        </inbodydescription>
        <location file="LoadingGameObjects.hpp" line="30" column="9" bodyfile="LoadingGameObjects.cpp" bodystart="13" bodyend="16"/>
      </memberdef>
      <memberdef kind="function" id="db/d78/class_sekander_1_1_loading_game_objects_1ac0a7e1349776ee6cb266f3c3c8cae4ba" prot="public" static="no" const="no" explicit="no" inline="no" virt="non-virtual">
        <type></type>
        <definition>Sekander::LoadingGameObjects::~LoadingGameObjects</definition>
        <argsstring>()</argsstring>
        <name>~LoadingGameObjects</name>
        <briefdescription>
        </briefdescription>
        <detaileddescription>
        </detaileddescription>
        <inbodydescription>
        </inbodydescription>
        <location file="LoadingGameObjects.hpp" line="31" column="9" bodyfile="LoadingGameObjects.cpp" bodystart="650" bodyend="657"/>
      </memberdef>
      <memberdef kind="function" id="db/d78/class_sekander_1_1_loading_game_objects_1a01a3bccc8f858e5cb35d18b58602f3ac" prot="public" static="no" const="no" explicit="no" inline="no" virt="non-virtual">
        <type>void</type>
        <definition>void Sekander::LoadingGameObjects::Load_XML_SPLASH_SCREEN</definition>
        <argsstring>(const char *fileName)</argsstring>
        <name>Load_XML_SPLASH_SCREEN</name>
        <param>
          <type>const char *</type>
          <declname>fileName</declname>
        </param>
        <briefdescription>
        </briefdescription>
        <detaileddescription>
        </detaileddescription>
        <inbodydescription>
        </inbodydescription>
        <location file="LoadingGameObjects.hpp" line="33" column="14" bodyfile="LoadingGameObjects.cpp" bodystart="18" bodyend="73"/>
        <referencedby refid="db/da4/class_sekander_1_1_splash_state_1adefc71fa2623180deda8391d4e64b04c" compoundref="da/dfb/_splash_state_8cpp" startline="20" endline="48">Sekander::SplashState::Init</referencedby>
      </memberdef>
      <memberdef kind="function" id="db/d78/class_sekander_1_1_loading_game_objects_1ad798b8479b0138f04196e398ab2e2d67" prot="public" static="no" const="no" explicit="no" inline="no" virt="non-virtual">
        <type>void</type>
        <definition>void Sekander::LoadingGameObjects::Load_XML_MENU_SCREEN</definition>
        <argsstring>(const char *fileName)</argsstring>
        <name>Load_XML_MENU_SCREEN</name>
        <param>
          <type>const char *</type>
          <declname>fileName</declname>
        </param>
        <briefdescription>
        </briefdescription>
        <detaileddescription>
        </detaileddescription>
        <inbodydescription>
        </inbodydescription>
        <location file="LoadingGameObjects.hpp" line="34" column="14" bodyfile="LoadingGameObjects.cpp" bodystart="75" bodyend="179"/>
        <referencedby refid="dd/d9d/class_sekander_1_1_main_menu_state_1a45ea852b4aa57ee6c6204da1262c5e91" compoundref="df/d24/_main_menu_state_8cpp" startline="42" endline="104">Sekander::MainMenuState::Init</referencedby>
      </memberdef>
      <memberdef kind="function" id="db/d78/class_sekander_1_1_loading_game_objects_1a1d4c40b9fe4b0608fd8d40182d37b6d5" prot="public" static="no" const="no" explicit="no" inline="no" virt="non-virtual">
        <type>void</type>
        <definition>void Sekander::LoadingGameObjects::Load_XML_PLAY_SCREEN</definition>
        <argsstring>(const char *fileName)</argsstring>
        <name>Load_XML_PLAY_SCREEN</name>
        <param>
          <type>const char *</type>
          <declname>fileName</declname>
        </param>
        <briefdescription>
        </briefdescription>
        <detaileddescription>
        </detaileddescription>
        <inbodydescription>
        </inbodydescription>
        <location file="LoadingGameObjects.hpp" line="35" column="14" bodyfile="LoadingGameObjects.cpp" bodystart="182" bodyend="514"/>
        <references refid="db/d78/class_sekander_1_1_loading_game_objects_1a87c64fc0bc77941f9753e7813e623075" compoundref="db/db5/_loading_game_objects_8hpp" startline="83" endline="140">populate_bullets</references>
        <references refid="db/d78/class_sekander_1_1_loading_game_objects_1ae0c8e87b730092dd7129cb9edae07aca" compoundref="db/db5/_loading_game_objects_8hpp" startline="142" endline="199">populate_enemy_bullets</references>
        <referencedby refid="d3/db6/class_sekander_1_1_game_state_1af27f06a5535b1fbc2f52299a1eb3bee2" compoundref="d7/d85/_game_state_8cpp" startline="30" endline="223">Sekander::GameState::Init</referencedby>
      </memberdef>
      <memberdef kind="function" id="db/d78/class_sekander_1_1_loading_game_objects_1a9b1a1dfecbed28a4eef90aa53953cbde" prot="public" static="no" const="no" explicit="no" inline="no" virt="non-virtual">
        <type>void</type>
        <definition>void Sekander::LoadingGameObjects::Load_XML_GAME_OVER_SCREEN</definition>
        <argsstring>(const char *fileName)</argsstring>
        <name>Load_XML_GAME_OVER_SCREEN</name>
        <param>
          <type>const char *</type>
          <declname>fileName</declname>
        </param>
        <briefdescription>
        </briefdescription>
        <detaileddescription>
        </detaileddescription>
        <inbodydescription>
        </inbodydescription>
        <location file="LoadingGameObjects.hpp" line="36" column="14" bodyfile="LoadingGameObjects.cpp" bodystart="516" bodyend="583"/>
        <referencedby refid="dd/d6a/class_sekander_1_1_game_over_state_1a1f0b4815da9cfb5221f2e3374b003de0" compoundref="d1/db6/_game_over_state_8cpp" startline="22" endline="137">Sekander::GameOverState::Init</referencedby>
      </memberdef>
      <memberdef kind="function" id="db/d78/class_sekander_1_1_loading_game_objects_1a5b665e8cfe17852dad38dd8231004d62" prot="public" static="no" const="no" explicit="no" inline="no" virt="non-virtual">
        <type>void</type>
        <definition>void Sekander::LoadingGameObjects::Update</definition>
        <argsstring>(float dt)</argsstring>
        <name>Update</name>
        <param>
          <type>float</type>
          <declname>dt</declname>
        </param>
        <briefdescription>
        </briefdescription>
        <detaileddescription>
        </detaileddescription>
        <inbodydescription>
        </inbodydescription>
        <location file="LoadingGameObjects.hpp" line="39" column="14" bodyfile="LoadingGameObjects.cpp" bodystart="633" bodyend="637"/>
      </memberdef>
      <memberdef kind="function" id="db/d78/class_sekander_1_1_loading_game_objects_1a489930b1251e3303e1c0d5e7aa90136d" prot="public" static="no" const="no" explicit="no" inline="no" virt="non-virtual">
        <type><ref refid="d4/d74/class_sekander_1_1_game_world" kindref="compound">GameWorld</ref> *</type>
        <definition>GameWorld * Sekander::LoadingGameObjects::Get</definition>
        <argsstring>(const char *name)</argsstring>
        <name>Get</name>
        <param>
          <type>const char *</type>
          <declname>name</declname>
        </param>
        <briefdescription>
        </briefdescription>
        <detaileddescription>
        </detaileddescription>
        <inbodydescription>
        </inbodydescription>
        <location file="LoadingGameObjects.hpp" line="41" column="19" bodyfile="LoadingGameObjects.cpp" bodystart="589" bodyend="601"/>
      </memberdef>
      <memberdef kind="function" id="db/d78/class_sekander_1_1_loading_game_objects_1a6cc5ff99c7f8853a0bb5d002f130ed2d" prot="public" static="no" const="no" explicit="no" inline="no" virt="non-virtual">
        <type><ref refid="d1/da1/class_sekander_1_1_main___player" kindref="compound">Main_Player</ref> *</type>
        <definition>Main_Player * Sekander::LoadingGameObjects::Get_PLAYER</definition>
        <argsstring>(const char *name)</argsstring>
        <name>Get_PLAYER</name>
        <param>
          <type>const char *</type>
          <declname>name</declname>
        </param>
        <briefdescription>
        </briefdescription>
        <detaileddescription>
        </detaileddescription>
        <inbodydescription>
        </inbodydescription>
        <location file="LoadingGameObjects.hpp" line="42" column="21" bodyfile="LoadingGameObjects.cpp" bodystart="603" bodyend="615"/>
      </memberdef>
      <memberdef kind="function" id="db/d78/class_sekander_1_1_loading_game_objects_1ae13ea38a08bb58ac90279418aac58600" prot="public" static="no" const="no" explicit="no" inline="no" virt="non-virtual">
        <type>void</type>
        <definition>void Sekander::LoadingGameObjects::ListAllGameObjects</definition>
        <argsstring>()</argsstring>
        <name>ListAllGameObjects</name>
        <briefdescription>
        </briefdescription>
        <detaileddescription>
        </detaileddescription>
        <inbodydescription>
        </inbodydescription>
        <location file="LoadingGameObjects.hpp" line="43" column="14" bodyfile="LoadingGameObjects.cpp" bodystart="618" bodyend="626"/>
      </memberdef>
      <memberdef kind="function" id="db/d78/class_sekander_1_1_loading_game_objects_1a125ca9c8cac46cc560381b786c3f86db" prot="public" static="no" const="no" explicit="no" inline="yes" virt="non-virtual">
        <type>std::unordered_map&lt; const char *, <ref refid="d4/d74/class_sekander_1_1_game_world" kindref="compound">GameWorld</ref> * &gt;</type>
        <definition>std::unordered_map&lt; const char *, GameWorld * &gt; Sekander::LoadingGameObjects::Get_Game_objects_Map</definition>
        <argsstring>()</argsstring>
        <name>Get_Game_objects_Map</name>
        <briefdescription>
        </briefdescription>
        <detaileddescription>
        </detaileddescription>
        <inbodydescription>
        </inbodydescription>
        <location file="LoadingGameObjects.hpp" line="46" column="28" bodyfile="LoadingGameObjects.hpp" bodystart="46" bodyend="48"/>
        <referencedby refid="d3/db6/class_sekander_1_1_game_state_1ac04d512257bd38244f2d6d1484aa9040" compoundref="d7/d85/_game_state_8cpp" startline="297" endline="966">Sekander::GameState::Update</referencedby>
        <referencedby refid="dd/d9d/class_sekander_1_1_main_menu_state_1aabbfda236df88eee953e3b88ca8e7631" compoundref="df/d24/_main_menu_state_8cpp" startline="207" endline="470">Sekander::MainMenuState::Update</referencedby>
      </memberdef>
      <memberdef kind="function" id="db/d78/class_sekander_1_1_loading_game_objects_1aeac145a3df0eceb2a1027bff2f728fc6" prot="public" static="no" const="no" explicit="no" inline="yes" virt="non-virtual">
        <type>std::unordered_map&lt; const char *, <ref refid="d1/da1/class_sekander_1_1_main___player" kindref="compound">Main_Player</ref> * &gt;</type>
        <definition>std::unordered_map&lt; const char *, Main_Player * &gt; Sekander::LoadingGameObjects::Get_Player_Map</definition>
        <argsstring>()</argsstring>
        <name>Get_Player_Map</name>
        <briefdescription>
        </briefdescription>
        <detaileddescription>
        </detaileddescription>
        <inbodydescription>
        </inbodydescription>
        <location file="LoadingGameObjects.hpp" line="49" column="28" bodyfile="LoadingGameObjects.hpp" bodystart="49" bodyend="51"/>
        <referencedby refid="d3/db6/class_sekander_1_1_game_state_1ae940d623e220e069c6574810c5d083be" compoundref="d7/d85/_game_state_8cpp" startline="968" endline="1037">Sekander::GameState::Draw</referencedby>
        <referencedby refid="d3/db6/class_sekander_1_1_game_state_1ac04d512257bd38244f2d6d1484aa9040" compoundref="d7/d85/_game_state_8cpp" startline="297" endline="966">Sekander::GameState::Update</referencedby>
      </memberdef>
      <memberdef kind="function" id="db/d78/class_sekander_1_1_loading_game_objects_1a3173568a7e1e21aa78386ea3970f6a24" prot="public" static="no" const="no" explicit="no" inline="yes" virt="non-virtual">
        <type>std::unordered_map&lt; std::string, <ref refid="da/d68/class_sekander_1_1_bullet" kindref="compound">Bullet</ref> * &gt;</type>
        <definition>std::unordered_map&lt; std::string, Bullet * &gt; Sekander::LoadingGameObjects::Get_Bullet_Map</definition>
        <argsstring>()</argsstring>
        <name>Get_Bullet_Map</name>
        <briefdescription>
        </briefdescription>
        <detaileddescription>
        </detaileddescription>
        <inbodydescription>
        </inbodydescription>
        <location file="LoadingGameObjects.hpp" line="53" column="28" bodyfile="LoadingGameObjects.hpp" bodystart="53" bodyend="55"/>
        <referencedby refid="d3/db6/class_sekander_1_1_game_state_1ac04d512257bd38244f2d6d1484aa9040" compoundref="d7/d85/_game_state_8cpp" startline="297" endline="966">Sekander::GameState::Update</referencedby>
      </memberdef>
      <memberdef kind="function" id="db/d78/class_sekander_1_1_loading_game_objects_1abeeacd829bfa8a795d5599d15f9df98c" prot="public" static="no" const="no" explicit="no" inline="yes" virt="non-virtual">
        <type>std::unordered_map&lt; std::string, <ref refid="da/d68/class_sekander_1_1_bullet" kindref="compound">Bullet</ref> * &gt;</type>
        <definition>std::unordered_map&lt; std::string, Bullet * &gt; Sekander::LoadingGameObjects::Get_Enemy_Bullet_Map</definition>
        <argsstring>()</argsstring>
        <name>Get_Enemy_Bullet_Map</name>
        <briefdescription>
        </briefdescription>
        <detaileddescription>
        </detaileddescription>
        <inbodydescription>
        </inbodydescription>
        <location file="LoadingGameObjects.hpp" line="57" column="28" bodyfile="LoadingGameObjects.hpp" bodystart="57" bodyend="59"/>
        <referencedby refid="d3/db6/class_sekander_1_1_game_state_1ac04d512257bd38244f2d6d1484aa9040" compoundref="d7/d85/_game_state_8cpp" startline="297" endline="966">Sekander::GameState::Update</referencedby>
      </memberdef>
      <memberdef kind="function" id="db/d78/class_sekander_1_1_loading_game_objects_1aa62023ca73933c5684fd94221cfff0c2" prot="public" static="no" const="no" explicit="no" inline="yes" virt="non-virtual">
        <type>std::unordered_map&lt; const char *, <ref refid="d1/d17/class_sekander_1_1_gun" kindref="compound">Gun</ref> * &gt;</type>
        <definition>std::unordered_map&lt; const char *, Gun * &gt; Sekander::LoadingGameObjects::Get_Gun_Map</definition>
        <argsstring>()</argsstring>
        <name>Get_Gun_Map</name>
        <briefdescription>
        </briefdescription>
        <detaileddescription>
        </detaileddescription>
        <inbodydescription>
        </inbodydescription>
        <location file="LoadingGameObjects.hpp" line="62" column="28" bodyfile="LoadingGameObjects.hpp" bodystart="62" bodyend="64"/>
        <referencedby refid="d3/db6/class_sekander_1_1_game_state_1ac04d512257bd38244f2d6d1484aa9040" compoundref="d7/d85/_game_state_8cpp" startline="297" endline="966">Sekander::GameState::Update</referencedby>
      </memberdef>
      <memberdef kind="function" id="db/d78/class_sekander_1_1_loading_game_objects_1a380d17caeefca095fa9166e6426a9cef" prot="public" static="no" const="no" explicit="no" inline="yes" virt="non-virtual">
        <type>std::unordered_map&lt; const char *, sf::Sprite * &gt;</type>
        <definition>std::unordered_map&lt; const char *, sf::Sprite * &gt; Sekander::LoadingGameObjects::Get_Sprie_Map</definition>
        <argsstring>()</argsstring>
        <name>Get_Sprie_Map</name>
        <briefdescription>
        </briefdescription>
        <detaileddescription>
        </detaileddescription>
        <inbodydescription>
        </inbodydescription>
        <location file="LoadingGameObjects.hpp" line="66" column="28" bodyfile="LoadingGameObjects.hpp" bodystart="66" bodyend="69"/>
        <referencedby refid="dd/d6a/class_sekander_1_1_game_over_state_1af2407df4e95d8add41ed995157bc0905" compoundref="d1/db6/_game_over_state_8cpp" startline="224" endline="252">Sekander::GameOverState::Draw</referencedby>
        <referencedby refid="db/da4/class_sekander_1_1_splash_state_1ad372f3712cd5d3207e44a50dc70bed46" compoundref="da/dfb/_splash_state_8cpp" startline="180" endline="208">Sekander::SplashState::Draw</referencedby>
        <referencedby refid="dd/d9d/class_sekander_1_1_main_menu_state_1aabbfda236df88eee953e3b88ca8e7631" compoundref="df/d24/_main_menu_state_8cpp" startline="207" endline="470">Sekander::MainMenuState::Update</referencedby>
      </memberdef>
      <memberdef kind="function" id="db/d78/class_sekander_1_1_loading_game_objects_1a18713ee19900d800be09c3a6c095b7e1" prot="public" static="no" const="no" explicit="no" inline="yes" virt="non-virtual">
        <type>std::unordered_map&lt; std::string, sf::Sprite * &gt;</type>
        <definition>std::unordered_map&lt; std::string, sf::Sprite * &gt; Sekander::LoadingGameObjects::sdGet_Sprie_Map</definition>
        <argsstring>()</argsstring>
        <name>sdGet_Sprie_Map</name>
        <briefdescription>
        </briefdescription>
        <detaileddescription>
        </detaileddescription>
        <inbodydescription>
        </inbodydescription>
        <location file="LoadingGameObjects.hpp" line="71" column="28" bodyfile="LoadingGameObjects.hpp" bodystart="71" bodyend="74"/>
        <referencedby refid="dd/d9d/class_sekander_1_1_main_menu_state_1a18aceffe0c53cf90263c24665de379c1" compoundref="df/d24/_main_menu_state_8cpp" startline="472" endline="503">Sekander::MainMenuState::Draw</referencedby>
        <referencedby refid="dd/d9d/class_sekander_1_1_main_menu_state_1aabbfda236df88eee953e3b88ca8e7631" compoundref="df/d24/_main_menu_state_8cpp" startline="207" endline="470">Sekander::MainMenuState::Update</referencedby>
      </memberdef>
      <memberdef kind="function" id="db/d78/class_sekander_1_1_loading_game_objects_1abdcfac6303e21fe0ebf74c645a087dfc" prot="public" static="no" const="no" explicit="no" inline="yes" virt="non-virtual">
        <type>std::unordered_map&lt; const char *, <ref refid="d4/d7c/class_sekander_1_1_enemy" kindref="compound">Enemy</ref> * &gt;</type>
        <definition>std::unordered_map&lt; const char *, Enemy * &gt; Sekander::LoadingGameObjects::Get_Enemy_Map</definition>
        <argsstring>()</argsstring>
        <name>Get_Enemy_Map</name>
        <briefdescription>
        </briefdescription>
        <detaileddescription>
        </detaileddescription>
        <inbodydescription>
        </inbodydescription>
        <location file="LoadingGameObjects.hpp" line="78" column="28" bodyfile="LoadingGameObjects.hpp" bodystart="78" bodyend="81"/>
        <referencedby refid="d3/db6/class_sekander_1_1_game_state_1ae940d623e220e069c6574810c5d083be" compoundref="d7/d85/_game_state_8cpp" startline="968" endline="1037">Sekander::GameState::Draw</referencedby>
        <referencedby refid="d3/db6/class_sekander_1_1_game_state_1ac04d512257bd38244f2d6d1484aa9040" compoundref="d7/d85/_game_state_8cpp" startline="297" endline="966">Sekander::GameState::Update</referencedby>
      </memberdef>
      <memberdef kind="function" id="db/d78/class_sekander_1_1_loading_game_objects_1a87c64fc0bc77941f9753e7813e623075" prot="public" static="no" const="no" explicit="no" inline="yes" virt="non-virtual">
        <type>void</type>
        <definition>void Sekander::LoadingGameObjects::populate_bullets</definition>
        <argsstring>(int max, std::string string_key_name, std::string file_name, int source_x, int source_y, int sprite_width, int sprite_height, int sprite_x_frames, int sprite_y_frames, float x_pos, float y_pos, float angle)</argsstring>
        <name>populate_bullets</name>
        <param>
          <type>int</type>
          <declname>max</declname>
        </param>
        <param>
          <type>std::string</type>
          <declname>string_key_name</declname>
        </param>
        <param>
          <type>std::string</type>
          <declname>file_name</declname>
        </param>
        <param>
          <type>int</type>
          <declname>source_x</declname>
        </param>
        <param>
          <type>int</type>
          <declname>source_y</declname>
        </param>
        <param>
          <type>int</type>
          <declname>sprite_width</declname>
        </param>
        <param>
          <type>int</type>
          <declname>sprite_height</declname>
        </param>
        <param>
          <type>int</type>
          <declname>sprite_x_frames</declname>
        </param>
        <param>
          <type>int</type>
          <declname>sprite_y_frames</declname>
        </param>
        <param>
          <type>float</type>
          <declname>x_pos</declname>
        </param>
        <param>
          <type>float</type>
          <declname>y_pos</declname>
        </param>
        <param>
          <type>float</type>
          <declname>angle</declname>
        </param>
        <briefdescription>
        </briefdescription>
        <detaileddescription>
        </detaileddescription>
        <inbodydescription>
        </inbodydescription>
        <location file="LoadingGameObjects.hpp" line="83" column="14" bodyfile="LoadingGameObjects.hpp" bodystart="83" bodyend="140"/>
        <referencedby refid="db/d78/class_sekander_1_1_loading_game_objects_1a1d4c40b9fe4b0608fd8d40182d37b6d5" compoundref="df/dec/_loading_game_objects_8cpp" startline="182" endline="514">Load_XML_PLAY_SCREEN</referencedby>
      </memberdef>
      <memberdef kind="function" id="db/d78/class_sekander_1_1_loading_game_objects_1ae0c8e87b730092dd7129cb9edae07aca" prot="public" static="no" const="no" explicit="no" inline="yes" virt="non-virtual">
        <type>void</type>
        <definition>void Sekander::LoadingGameObjects::populate_enemy_bullets</definition>
        <argsstring>(int max, std::string string_key_name, std::string file_name, int source_x, int source_y, int sprite_width, int sprite_height, int sprite_x_frames, int sprite_y_frames, float x_pos, float y_pos, float angle)</argsstring>
        <name>populate_enemy_bullets</name>
        <param>
          <type>int</type>
          <declname>max</declname>
        </param>
        <param>
          <type>std::string</type>
          <declname>string_key_name</declname>
        </param>
        <param>
          <type>std::string</type>
          <declname>file_name</declname>
        </param>
        <param>
          <type>int</type>
          <declname>source_x</declname>
        </param>
        <param>
          <type>int</type>
          <declname>source_y</declname>
        </param>
        <param>
          <type>int</type>
          <declname>sprite_width</declname>
        </param>
        <param>
          <type>int</type>
          <declname>sprite_height</declname>
        </param>
        <param>
          <type>int</type>
          <declname>sprite_x_frames</declname>
        </param>
        <param>
          <type>int</type>
          <declname>sprite_y_frames</declname>
        </param>
        <param>
          <type>float</type>
          <declname>x_pos</declname>
        </param>
        <param>
          <type>float</type>
          <declname>y_pos</declname>
        </param>
        <param>
          <type>float</type>
          <declname>angle</declname>
        </param>
        <briefdescription>
        </briefdescription>
        <detaileddescription>
        </detaileddescription>
        <inbodydescription>
        </inbodydescription>
        <location file="LoadingGameObjects.hpp" line="142" column="14" bodyfile="LoadingGameObjects.hpp" bodystart="142" bodyend="199"/>
        <referencedby refid="db/d78/class_sekander_1_1_loading_game_objects_1a1d4c40b9fe4b0608fd8d40182d37b6d5" compoundref="df/dec/_loading_game_objects_8cpp" startline="182" endline="514">Load_XML_PLAY_SCREEN</referencedby>
      </memberdef>
      </sectiondef>
    <briefdescription>
    </briefdescription>
    <detaileddescription>
    </detaileddescription>
    <collaborationgraph>
      <node id="1">
        <label>Sekander::LoadingGameObjects</label>
        <link refid="db/d78/class_sekander_1_1_loading_game_objects"/>
      </node>
    </collaborationgraph>
    <location file="LoadingGameObjects.hpp" line="24" column="1" bodyfile="LoadingGameObjects.hpp" bodystart="25" bodyend="240"/>
    <listofallmembers>
      <member refid="db/d78/class_sekander_1_1_loading_game_objects_1a6881e7f0dd40a50a243838f59e2b076d" prot="private" virt="non-virtual"><scope>Sekander::LoadingGameObjects</scope><name>_bullet_s</name></member>
      <member refid="db/d78/class_sekander_1_1_loading_game_objects_1aca591b6946d7a71698a91bf97de00f4b" prot="private" virt="non-virtual"><scope>Sekander::LoadingGameObjects</scope><name>_data</name></member>
      <member refid="db/d78/class_sekander_1_1_loading_game_objects_1a806a9fe60a9609ccf5b44c9177636074" prot="private" virt="non-virtual"><scope>Sekander::LoadingGameObjects</scope><name>_enemy_Objects</name></member>
      <member refid="db/d78/class_sekander_1_1_loading_game_objects_1afeb8ddb9d082cf4187bbe71d0995e4ef" prot="private" virt="non-virtual"><scope>Sekander::LoadingGameObjects</scope><name>_fileName</name></member>
      <member refid="db/d78/class_sekander_1_1_loading_game_objects_1a7308de0739e761a8b95d300096ee56e1" prot="private" virt="non-virtual"><scope>Sekander::LoadingGameObjects</scope><name>_gameObjects</name></member>
      <member refid="db/d78/class_sekander_1_1_loading_game_objects_1aeedf5c8a6d95e2d67f493c6a342d1550" prot="private" virt="non-virtual"><scope>Sekander::LoadingGameObjects</scope><name>_gun_Objects</name></member>
      <member refid="db/d78/class_sekander_1_1_loading_game_objects_1accf2f7af898259f2108ef8acc748ac75" prot="private" virt="non-virtual"><scope>Sekander::LoadingGameObjects</scope><name>_playerObjects</name></member>
      <member refid="db/d78/class_sekander_1_1_loading_game_objects_1a27952bf7b7b386de19cad86546823db1" prot="private" virt="non-virtual"><scope>Sekander::LoadingGameObjects</scope><name>_sprite_Objects</name></member>
      <member refid="db/d78/class_sekander_1_1_loading_game_objects_1a6148502878e84a5b56a22aa2916a4e3e" prot="private" virt="non-virtual"><scope>Sekander::LoadingGameObjects</scope><name>bullets</name></member>
      <member refid="db/d78/class_sekander_1_1_loading_game_objects_1a14e02163016d771d35045b3ee995a7c0" prot="private" virt="non-virtual"><scope>Sekander::LoadingGameObjects</scope><name>debug</name></member>
      <member refid="db/d78/class_sekander_1_1_loading_game_objects_1a566b3d1ff614edae05d037a1f44da254" prot="private" virt="non-virtual"><scope>Sekander::LoadingGameObjects</scope><name>enemy_bullet_s</name></member>
      <member refid="db/d78/class_sekander_1_1_loading_game_objects_1a489930b1251e3303e1c0d5e7aa90136d" prot="public" virt="non-virtual"><scope>Sekander::LoadingGameObjects</scope><name>Get</name></member>
      <member refid="db/d78/class_sekander_1_1_loading_game_objects_1a3173568a7e1e21aa78386ea3970f6a24" prot="public" virt="non-virtual"><scope>Sekander::LoadingGameObjects</scope><name>Get_Bullet_Map</name></member>
      <member refid="db/d78/class_sekander_1_1_loading_game_objects_1abeeacd829bfa8a795d5599d15f9df98c" prot="public" virt="non-virtual"><scope>Sekander::LoadingGameObjects</scope><name>Get_Enemy_Bullet_Map</name></member>
      <member refid="db/d78/class_sekander_1_1_loading_game_objects_1abdcfac6303e21fe0ebf74c645a087dfc" prot="public" virt="non-virtual"><scope>Sekander::LoadingGameObjects</scope><name>Get_Enemy_Map</name></member>
      <member refid="db/d78/class_sekander_1_1_loading_game_objects_1a125ca9c8cac46cc560381b786c3f86db" prot="public" virt="non-virtual"><scope>Sekander::LoadingGameObjects</scope><name>Get_Game_objects_Map</name></member>
      <member refid="db/d78/class_sekander_1_1_loading_game_objects_1aa62023ca73933c5684fd94221cfff0c2" prot="public" virt="non-virtual"><scope>Sekander::LoadingGameObjects</scope><name>Get_Gun_Map</name></member>
      <member refid="db/d78/class_sekander_1_1_loading_game_objects_1a6cc5ff99c7f8853a0bb5d002f130ed2d" prot="public" virt="non-virtual"><scope>Sekander::LoadingGameObjects</scope><name>Get_PLAYER</name></member>
      <member refid="db/d78/class_sekander_1_1_loading_game_objects_1aeac145a3df0eceb2a1027bff2f728fc6" prot="public" virt="non-virtual"><scope>Sekander::LoadingGameObjects</scope><name>Get_Player_Map</name></member>
      <member refid="db/d78/class_sekander_1_1_loading_game_objects_1a380d17caeefca095fa9166e6426a9cef" prot="public" virt="non-virtual"><scope>Sekander::LoadingGameObjects</scope><name>Get_Sprie_Map</name></member>
      <member refid="db/d78/class_sekander_1_1_loading_game_objects_1ae13ea38a08bb58ac90279418aac58600" prot="public" virt="non-virtual"><scope>Sekander::LoadingGameObjects</scope><name>ListAllGameObjects</name></member>
      <member refid="db/d78/class_sekander_1_1_loading_game_objects_1a9b1a1dfecbed28a4eef90aa53953cbde" prot="public" virt="non-virtual"><scope>Sekander::LoadingGameObjects</scope><name>Load_XML_GAME_OVER_SCREEN</name></member>
      <member refid="db/d78/class_sekander_1_1_loading_game_objects_1ad798b8479b0138f04196e398ab2e2d67" prot="public" virt="non-virtual"><scope>Sekander::LoadingGameObjects</scope><name>Load_XML_MENU_SCREEN</name></member>
      <member refid="db/d78/class_sekander_1_1_loading_game_objects_1a1d4c40b9fe4b0608fd8d40182d37b6d5" prot="public" virt="non-virtual"><scope>Sekander::LoadingGameObjects</scope><name>Load_XML_PLAY_SCREEN</name></member>
      <member refid="db/d78/class_sekander_1_1_loading_game_objects_1a01a3bccc8f858e5cb35d18b58602f3ac" prot="public" virt="non-virtual"><scope>Sekander::LoadingGameObjects</scope><name>Load_XML_SPLASH_SCREEN</name></member>
      <member refid="db/d78/class_sekander_1_1_loading_game_objects_1a05bf4cf5351ede9b00a3c161576c82f1" prot="public" virt="non-virtual"><scope>Sekander::LoadingGameObjects</scope><name>LoadingGameObjects</name></member>
      <member refid="db/d78/class_sekander_1_1_loading_game_objects_1ae76b503bf88d7696f1a55c38a20f6d01" prot="private" virt="non-virtual"><scope>Sekander::LoadingGameObjects</scope><name>mm_sprite_Objects</name></member>
      <member refid="db/d78/class_sekander_1_1_loading_game_objects_1a87c64fc0bc77941f9753e7813e623075" prot="public" virt="non-virtual"><scope>Sekander::LoadingGameObjects</scope><name>populate_bullets</name></member>
      <member refid="db/d78/class_sekander_1_1_loading_game_objects_1ae0c8e87b730092dd7129cb9edae07aca" prot="public" virt="non-virtual"><scope>Sekander::LoadingGameObjects</scope><name>populate_enemy_bullets</name></member>
      <member refid="db/d78/class_sekander_1_1_loading_game_objects_1a18713ee19900d800be09c3a6c095b7e1" prot="public" virt="non-virtual"><scope>Sekander::LoadingGameObjects</scope><name>sdGet_Sprie_Map</name></member>
      <member refid="db/d78/class_sekander_1_1_loading_game_objects_1a0c211dbd79d70d20408c7c8eccf9d013" prot="private" virt="non-virtual"><scope>Sekander::LoadingGameObjects</scope><name>sfe</name></member>
      <member refid="db/d78/class_sekander_1_1_loading_game_objects_1ace89ee79603f4375a65ff4503b18b532" prot="private" virt="non-virtual"><scope>Sekander::LoadingGameObjects</scope><name>some</name></member>
      <member refid="db/d78/class_sekander_1_1_loading_game_objects_1a5b665e8cfe17852dad38dd8231004d62" prot="public" virt="non-virtual"><scope>Sekander::LoadingGameObjects</scope><name>Update</name></member>
      <member refid="db/d78/class_sekander_1_1_loading_game_objects_1ac0a7e1349776ee6cb266f3c3c8cae4ba" prot="public" virt="non-virtual"><scope>Sekander::LoadingGameObjects</scope><name>~LoadingGameObjects</name></member>
    </listofallmembers>
  </compounddef>
</doxygen>
