<?xml version='1.0' encoding='UTF-8' standalone='no'?>
<doxygen xmlns:xsi="http://www.w3.org/2001/XMLSchema-instance" xsi:noNamespaceSchemaLocation="compound.xsd" version="1.9.2" xml:lang="en-US">
  <compounddef id="dd/d6a/class_sekander_1_1_game_over_state" kind="class" language="C++" prot="public">
    <compoundname>Sekander::GameOverState</compoundname>
    <basecompoundref refid="dc/df0/class_sekander_1_1_state" prot="public" virt="non-virtual">Sekander::State</basecompoundref>
    <includes refid="d7/dd1/_game_over_state_8hpp" local="no">GameOverState.hpp</includes>
      <sectiondef kind="public-attrib">
      <memberdef kind="variable" id="dd/d6a/class_sekander_1_1_game_over_state_1a664bfe46410e08bd6a9d399ac3e79dc3" prot="public" static="no" mutable="no">
        <type>sf::TcpSocket</type>
        <definition>sf::TcpSocket Sekander::GameOverState::socket</definition>
        <argsstring></argsstring>
        <name>socket</name>
        <briefdescription>
        </briefdescription>
        <detaileddescription>
        </detaileddescription>
        <inbodydescription>
        </inbodydescription>
        <location file="GameOverState.hpp" line="83" column="15" bodyfile="GameOverState.hpp" bodystart="83" bodyend="-1"/>
        <referencedby refid="dd/d6a/class_sekander_1_1_game_over_state_1a577c6f01f9d687d772cefd17c2643e5f" compoundref="d7/dd1/_game_over_state_8hpp" startline="26" endline="79">Conncet</referencedby>
      </memberdef>
      </sectiondef>
      <sectiondef kind="private-attrib">
      <memberdef kind="variable" id="dd/d6a/class_sekander_1_1_game_over_state_1ac60174d0e0b62802ab2b0c05247d33b5" prot="private" static="no" mutable="no">
        <type><ref refid="d8/d6a/namespace_sekander_1a1d69b002ba2d23020901c28f0def5e16" kindref="member">GameDataRef</ref></type>
        <definition>GameDataRef Sekander::GameOverState::_data</definition>
        <argsstring></argsstring>
        <name>_data</name>
        <briefdescription>
        </briefdescription>
        <detaileddescription>
        </detaileddescription>
        <inbodydescription>
        </inbodydescription>
        <location file="GameOverState.hpp" line="91" column="13" bodyfile="GameOverState.hpp" bodystart="91" bodyend="-1"/>
      </memberdef>
      <memberdef kind="variable" id="dd/d6a/class_sekander_1_1_game_over_state_1a3b1c892e022575bd70cf97928d79b7da" prot="private" static="no" mutable="no">
        <type>sf::Clock</type>
        <definition>sf::Clock Sekander::GameOverState::_clock</definition>
        <argsstring></argsstring>
        <name>_clock</name>
        <briefdescription>
        </briefdescription>
        <detaileddescription>
        </detaileddescription>
        <inbodydescription>
        </inbodydescription>
        <location file="GameOverState.hpp" line="92" column="11" bodyfile="GameOverState.hpp" bodystart="92" bodyend="-1"/>
      </memberdef>
      <memberdef kind="variable" id="dd/d6a/class_sekander_1_1_game_over_state_1a250cf3a483960abc015415739067f6a5" prot="private" static="no" mutable="no">
        <type>sf::Sprite</type>
        <definition>sf::Sprite Sekander::GameOverState::_background</definition>
        <argsstring></argsstring>
        <name>_background</name>
        <briefdescription>
        </briefdescription>
        <detaileddescription>
        </detaileddescription>
        <inbodydescription>
        </inbodydescription>
        <location file="GameOverState.hpp" line="94" column="12" bodyfile="GameOverState.hpp" bodystart="94" bodyend="-1"/>
      </memberdef>
      <memberdef kind="variable" id="dd/d6a/class_sekander_1_1_game_over_state_1a48e09487fe6fe308acbae0971d041710" prot="private" static="no" mutable="no">
        <type>sf::Sprite</type>
        <definition>sf::Sprite Sekander::GameOverState::_gameOverTitle</definition>
        <argsstring></argsstring>
        <name>_gameOverTitle</name>
        <briefdescription>
        </briefdescription>
        <detaileddescription>
        </detaileddescription>
        <inbodydescription>
        </inbodydescription>
        <location file="GameOverState.hpp" line="96" column="12" bodyfile="GameOverState.hpp" bodystart="96" bodyend="-1"/>
      </memberdef>
      <memberdef kind="variable" id="dd/d6a/class_sekander_1_1_game_over_state_1ae699b96a7881e8852a2e64431ea5bda9" prot="private" static="no" mutable="no">
        <type>sf::Sprite</type>
        <definition>sf::Sprite Sekander::GameOverState::_gameOverContainer</definition>
        <argsstring></argsstring>
        <name>_gameOverContainer</name>
        <briefdescription>
        </briefdescription>
        <detaileddescription>
        </detaileddescription>
        <inbodydescription>
        </inbodydescription>
        <location file="GameOverState.hpp" line="97" column="12" bodyfile="GameOverState.hpp" bodystart="97" bodyend="-1"/>
      </memberdef>
      <memberdef kind="variable" id="dd/d6a/class_sekander_1_1_game_over_state_1a1fc5e8938f774f4dc10d42b3876030ac" prot="private" static="no" mutable="no">
        <type>sf::Sprite</type>
        <definition>sf::Sprite Sekander::GameOverState::_retryButton</definition>
        <argsstring></argsstring>
        <name>_retryButton</name>
        <briefdescription>
        </briefdescription>
        <detaileddescription>
        </detaileddescription>
        <inbodydescription>
        </inbodydescription>
        <location file="GameOverState.hpp" line="98" column="12" bodyfile="GameOverState.hpp" bodystart="98" bodyend="-1"/>
      </memberdef>
      <memberdef kind="variable" id="dd/d6a/class_sekander_1_1_game_over_state_1adb60ef9a4d2fea746dfd3a9edf51d02b" prot="private" static="no" mutable="no">
        <type>sf::Text</type>
        <definition>sf::Text Sekander::GameOverState::_scoreText</definition>
        <argsstring></argsstring>
        <name>_scoreText</name>
        <briefdescription>
        </briefdescription>
        <detaileddescription>
        </detaileddescription>
        <inbodydescription>
        </inbodydescription>
        <location file="GameOverState.hpp" line="101" column="10" bodyfile="GameOverState.hpp" bodystart="101" bodyend="-1"/>
      </memberdef>
      <memberdef kind="variable" id="dd/d6a/class_sekander_1_1_game_over_state_1afdd0049bf1354a13782e7ba21fb4befd" prot="private" static="no" mutable="no">
        <type>sf::Text</type>
        <definition>sf::Text Sekander::GameOverState::_highScoreText</definition>
        <argsstring></argsstring>
        <name>_highScoreText</name>
        <briefdescription>
        </briefdescription>
        <detaileddescription>
        </detaileddescription>
        <inbodydescription>
        </inbodydescription>
        <location file="GameOverState.hpp" line="102" column="10" bodyfile="GameOverState.hpp" bodystart="102" bodyend="-1"/>
      </memberdef>
      <memberdef kind="variable" id="dd/d6a/class_sekander_1_1_game_over_state_1ad79b72fc4efc8b770422c2c16d07d6c3" prot="private" static="no" mutable="no">
        <type>int</type>
        <definition>int Sekander::GameOverState::_score</definition>
        <argsstring></argsstring>
        <name>_score</name>
        <briefdescription>
        </briefdescription>
        <detaileddescription>
        </detaileddescription>
        <inbodydescription>
        </inbodydescription>
        <location file="GameOverState.hpp" line="104" column="5" bodyfile="GameOverState.hpp" bodystart="104" bodyend="-1"/>
      </memberdef>
      <memberdef kind="variable" id="dd/d6a/class_sekander_1_1_game_over_state_1ad7ba3fadc25c0470994d46ce91170108" prot="private" static="no" mutable="no">
        <type>int</type>
        <definition>int Sekander::GameOverState::_highScore</definition>
        <argsstring></argsstring>
        <name>_highScore</name>
        <briefdescription>
        </briefdescription>
        <detaileddescription>
        </detaileddescription>
        <inbodydescription>
        </inbodydescription>
        <location file="GameOverState.hpp" line="105" column="5" bodyfile="GameOverState.hpp" bodystart="105" bodyend="-1"/>
      </memberdef>
      <memberdef kind="variable" id="dd/d6a/class_sekander_1_1_game_over_state_1ac04064783eaa87ca083beb919737635c" prot="private" static="no" mutable="no">
        <type>int</type>
        <definition>int Sekander::GameOverState::_temp_score</definition>
        <argsstring></argsstring>
        <name>_temp_score</name>
        <briefdescription>
        </briefdescription>
        <detaileddescription>
        </detaileddescription>
        <inbodydescription>
        </inbodydescription>
        <location file="GameOverState.hpp" line="107" column="5" bodyfile="GameOverState.hpp" bodystart="107" bodyend="-1"/>
      </memberdef>
      <memberdef kind="variable" id="dd/d6a/class_sekander_1_1_game_over_state_1a12cfdad7be4cb5ecc3d6678e1ed0b957" prot="private" static="no" mutable="no">
        <type>const char *</type>
        <definition>const char* Sekander::GameOverState::_xml_DOC</definition>
        <argsstring></argsstring>
        <name>_xml_DOC</name>
        <briefdescription>
        </briefdescription>
        <detaileddescription>
        </detaileddescription>
        <inbodydescription>
        </inbodydescription>
        <location file="GameOverState.hpp" line="108" column="12" bodyfile="GameOverState.hpp" bodystart="108" bodyend="-1"/>
      </memberdef>
      <memberdef kind="variable" id="dd/d6a/class_sekander_1_1_game_over_state_1a5f0d39a093c067de484c17561f862de2" prot="private" static="no" mutable="no">
        <type><ref refid="db/d78/class_sekander_1_1_loading_game_objects" kindref="compound">LoadingGameObjects</ref> *</type>
        <definition>LoadingGameObjects* Sekander::GameOverState::ld</definition>
        <argsstring></argsstring>
        <name>ld</name>
        <briefdescription>
        </briefdescription>
        <detaileddescription>
        </detaileddescription>
        <inbodydescription>
        </inbodydescription>
        <location file="GameOverState.hpp" line="110" column="20" bodyfile="GameOverState.hpp" bodystart="110" bodyend="-1"/>
      </memberdef>
      <memberdef kind="variable" id="dd/d6a/class_sekander_1_1_game_over_state_1aad418282474c59558d02e5b7f52a841c" prot="private" static="no" mutable="no">
        <type>sf::RectangleShape</type>
        <definition>sf::RectangleShape Sekander::GameOverState::window_rec</definition>
        <argsstring></argsstring>
        <name>window_rec</name>
        <briefdescription>
        </briefdescription>
        <detaileddescription>
        </detaileddescription>
        <inbodydescription>
        </inbodydescription>
        <location file="GameOverState.hpp" line="112" column="20" bodyfile="GameOverState.hpp" bodystart="112" bodyend="-1"/>
      </memberdef>
      <memberdef kind="variable" id="dd/d6a/class_sekander_1_1_game_over_state_1afef7263e74fde41d6c779a473fd93105" prot="private" static="no" mutable="no">
        <type>sf::RectangleShape</type>
        <definition>sf::RectangleShape Sekander::GameOverState::window_rec2</definition>
        <argsstring></argsstring>
        <name>window_rec2</name>
        <briefdescription>
        </briefdescription>
        <detaileddescription>
        </detaileddescription>
        <inbodydescription>
        </inbodydescription>
        <location file="GameOverState.hpp" line="113" column="20" bodyfile="GameOverState.hpp" bodystart="113" bodyend="-1"/>
      </memberdef>
      <memberdef kind="variable" id="dd/d6a/class_sekander_1_1_game_over_state_1ac0f2e82316a36af6239ae24a03f2824f" prot="private" static="no" mutable="no">
        <type>int</type>
        <definition>int Sekander::GameOverState::r</definition>
        <argsstring></argsstring>
        <name>r</name>
        <initializer>= 100</initializer>
        <briefdescription>
        </briefdescription>
        <detaileddescription>
        </detaileddescription>
        <inbodydescription>
        </inbodydescription>
        <location file="GameOverState.hpp" line="115" column="5" bodyfile="GameOverState.hpp" bodystart="115" bodyend="-1"/>
      </memberdef>
      <memberdef kind="variable" id="dd/d6a/class_sekander_1_1_game_over_state_1a48dbce2f5fb70dbaec0edf0d2de4aea6" prot="private" static="no" mutable="no">
        <type>int</type>
        <definition>int Sekander::GameOverState::b</definition>
        <argsstring></argsstring>
        <name>b</name>
        <initializer>= 100</initializer>
        <briefdescription>
        </briefdescription>
        <detaileddescription>
        </detaileddescription>
        <inbodydescription>
        </inbodydescription>
        <location file="GameOverState.hpp" line="116" column="5" bodyfile="GameOverState.hpp" bodystart="116" bodyend="-1"/>
      </memberdef>
      <memberdef kind="variable" id="dd/d6a/class_sekander_1_1_game_over_state_1a7689bd10edad691528b434f0868c9e72" prot="private" static="no" mutable="no">
        <type>int</type>
        <definition>int Sekander::GameOverState::g</definition>
        <argsstring></argsstring>
        <name>g</name>
        <initializer>= 0</initializer>
        <briefdescription>
        </briefdescription>
        <detaileddescription>
        </detaileddescription>
        <inbodydescription>
        </inbodydescription>
        <location file="GameOverState.hpp" line="117" column="5" bodyfile="GameOverState.hpp" bodystart="117" bodyend="-1"/>
      </memberdef>
      <memberdef kind="variable" id="dd/d6a/class_sekander_1_1_game_over_state_1a982c7e95494397743efa83e216ccd055" prot="private" static="no" mutable="no">
        <type>int</type>
        <definition>int Sekander::GameOverState::a</definition>
        <argsstring></argsstring>
        <name>a</name>
        <initializer>= 255</initializer>
        <briefdescription>
        </briefdescription>
        <detaileddescription>
        </detaileddescription>
        <inbodydescription>
        </inbodydescription>
        <location file="GameOverState.hpp" line="118" column="5" bodyfile="GameOverState.hpp" bodystart="118" bodyend="-1"/>
      </memberdef>
      <memberdef kind="variable" id="dd/d6a/class_sekander_1_1_game_over_state_1aaf30770d2b2ab5f5be8a4d3443a2aa55" prot="private" static="no" mutable="no">
        <type>int</type>
        <definition>int Sekander::GameOverState::a_b</definition>
        <argsstring></argsstring>
        <name>a_b</name>
        <initializer>= 0</initializer>
        <briefdescription>
        </briefdescription>
        <detaileddescription>
        </detaileddescription>
        <inbodydescription>
        </inbodydescription>
        <location file="GameOverState.hpp" line="119" column="5" bodyfile="GameOverState.hpp" bodystart="119" bodyend="-1"/>
      </memberdef>
      <memberdef kind="variable" id="dd/d6a/class_sekander_1_1_game_over_state_1a5656ae0aefaffa2409a51b1c3bd0f88c" prot="private" static="no" mutable="no">
        <type>bool</type>
        <definition>bool Sekander::GameOverState::_max</definition>
        <argsstring></argsstring>
        <name>_max</name>
        <briefdescription>
        </briefdescription>
        <detaileddescription>
        </detaileddescription>
        <inbodydescription>
        </inbodydescription>
        <location file="GameOverState.hpp" line="121" column="6" bodyfile="GameOverState.hpp" bodystart="121" bodyend="-1"/>
      </memberdef>
      <memberdef kind="variable" id="dd/d6a/class_sekander_1_1_game_over_state_1af8260bf3049c7b7cb7d2ea3781e3beae" prot="private" static="no" mutable="no">
        <type>bool</type>
        <definition>bool Sekander::GameOverState::fade_out</definition>
        <argsstring></argsstring>
        <name>fade_out</name>
        <briefdescription>
        </briefdescription>
        <detaileddescription>
        </detaileddescription>
        <inbodydescription>
        </inbodydescription>
        <location file="GameOverState.hpp" line="123" column="6" bodyfile="GameOverState.hpp" bodystart="123" bodyend="-1"/>
      </memberdef>
      </sectiondef>
      <sectiondef kind="public-func">
      <memberdef kind="function" id="dd/d6a/class_sekander_1_1_game_over_state_1a8248a663f0624ca7f1c081cd0174b396" prot="public" static="no" const="no" explicit="no" inline="no" virt="non-virtual">
        <type></type>
        <definition>Sekander::GameOverState::GameOverState</definition>
        <argsstring>(GameDataRef data, int score)</argsstring>
        <name>GameOverState</name>
        <param>
          <type><ref refid="d8/d6a/namespace_sekander_1a1d69b002ba2d23020901c28f0def5e16" kindref="member">GameDataRef</ref></type>
          <declname>data</declname>
        </param>
        <param>
          <type>int</type>
          <declname>score</declname>
        </param>
        <briefdescription>
        </briefdescription>
        <detaileddescription>
        </detaileddescription>
        <inbodydescription>
        </inbodydescription>
        <location file="GameOverState.hpp" line="17" column="1" bodyfile="GameOverState.cpp" bodystart="11" bodyend="14"/>
      </memberdef>
      <memberdef kind="function" id="dd/d6a/class_sekander_1_1_game_over_state_1a3e432a73ee48a8048c2d5a34226cae4b" prot="public" static="no" const="no" explicit="no" inline="no" virt="non-virtual">
        <type></type>
        <definition>Sekander::GameOverState::GameOverState</definition>
        <argsstring>(GameDataRef data, int score, const char *xml_DOC)</argsstring>
        <name>GameOverState</name>
        <param>
          <type><ref refid="d8/d6a/namespace_sekander_1a1d69b002ba2d23020901c28f0def5e16" kindref="member">GameDataRef</ref></type>
          <declname>data</declname>
        </param>
        <param>
          <type>int</type>
          <declname>score</declname>
        </param>
        <param>
          <type>const char *</type>
          <declname>xml_DOC</declname>
        </param>
        <briefdescription>
        </briefdescription>
        <detaileddescription>
        </detaileddescription>
        <inbodydescription>
        </inbodydescription>
        <location file="GameOverState.hpp" line="18" column="1" bodyfile="GameOverState.cpp" bodystart="16" bodyend="19"/>
      </memberdef>
      <memberdef kind="function" id="dd/d6a/class_sekander_1_1_game_over_state_1a1f0b4815da9cfb5221f2e3374b003de0" prot="public" static="no" const="no" explicit="no" inline="no" virt="virtual">
        <type>void</type>
        <definition>void Sekander::GameOverState::Init</definition>
        <argsstring>()</argsstring>
        <name>Init</name>
        <reimplements refid="dc/df0/class_sekander_1_1_state_1a171be4b77d4c13e01849b867bd3fa8f5">Init</reimplements>
        <briefdescription>
        </briefdescription>
        <detaileddescription>
        </detaileddescription>
        <inbodydescription>
        </inbodydescription>
        <location file="GameOverState.hpp" line="20" column="6" bodyfile="GameOverState.cpp" bodystart="22" bodyend="137"/>
        <references refid="dd/d6a/class_sekander_1_1_game_over_state_1a577c6f01f9d687d772cefd17c2643e5f" compoundref="d7/dd1/_game_over_state_8hpp" startline="26" endline="79">Conncet</references>
        <references refid="df/d44/_d_e_f_i_n_i_t_i_o_n_s_8hpp_1a3d379e9e10cc6055a70e14d69e1a6c43" compoundref="df/d44/_d_e_f_i_n_i_t_i_o_n_s_8hpp" startline="16">GAME_OVER_BACKGROUND_FILEPATH</references>
        <references refid="df/d44/_d_e_f_i_n_i_t_i_o_n_s_8hpp_1a18f503e0e4436135f86f7c3a1f49acb9" compoundref="df/d44/_d_e_f_i_n_i_t_i_o_n_s_8hpp" startline="49">GAME_OVER_BODY_FILEPATH</references>
        <references refid="df/d44/_d_e_f_i_n_i_t_i_o_n_s_8hpp_1ab406f792732179484ea303087b5e09b0" compoundref="df/d44/_d_e_f_i_n_i_t_i_o_n_s_8hpp" startline="47">GAME_OVER_TITLE_FILEPATH</references>
        <references refid="db/d78/class_sekander_1_1_loading_game_objects_1a9b1a1dfecbed28a4eef90aa53953cbde" compoundref="df/dec/_loading_game_objects_8cpp" startline="516" endline="583">Sekander::LoadingGameObjects::Load_XML_GAME_OVER_SCREEN</references>
      </memberdef>
      <memberdef kind="function" id="dd/d6a/class_sekander_1_1_game_over_state_1ade27fc3af036b3c50df4ccf6cb795627" prot="public" static="no" const="no" explicit="no" inline="no" virt="virtual">
        <type>void</type>
        <definition>void Sekander::GameOverState::HandleInput</definition>
        <argsstring>()</argsstring>
        <name>HandleInput</name>
        <reimplements refid="dc/df0/class_sekander_1_1_state_1ad55ae42f5887db5745fda9f2bd30aaa3">HandleInput</reimplements>
        <briefdescription>
        </briefdescription>
        <detaileddescription>
        </detaileddescription>
        <inbodydescription>
        </inbodydescription>
        <location file="GameOverState.hpp" line="22" column="6" bodyfile="GameOverState.cpp" bodystart="139" bodyend="192"/>
        <references refid="df/d44/_d_e_f_i_n_i_t_i_o_n_s_8hpp_1a6974d08a74da681b3957b2fead2608b8" compoundref="df/d44/_d_e_f_i_n_i_t_i_o_n_s_8hpp" startline="4">SCREEN_HEIGHT</references>
        <references refid="df/d44/_d_e_f_i_n_i_t_i_o_n_s_8hpp_1a2cd109632a6dcccaa80b43561b1ab700" compoundref="df/d44/_d_e_f_i_n_i_t_i_o_n_s_8hpp" startline="3">SCREEN_WIDTH</references>
      </memberdef>
      <memberdef kind="function" id="dd/d6a/class_sekander_1_1_game_over_state_1a00b3dcb61cb0342cf0fe4cc181e99b6b" prot="public" static="no" const="no" explicit="no" inline="no" virt="virtual">
        <type>void</type>
        <definition>void Sekander::GameOverState::Update</definition>
        <argsstring>(float dt)</argsstring>
        <name>Update</name>
        <reimplements refid="dc/df0/class_sekander_1_1_state_1a08d49e399db6f68247f410f7fddc7963">Update</reimplements>
        <param>
          <type>float</type>
          <declname>dt</declname>
        </param>
        <briefdescription>
        </briefdescription>
        <detaileddescription>
        </detaileddescription>
        <inbodydescription>
        </inbodydescription>
        <location file="GameOverState.hpp" line="23" column="6" bodyfile="GameOverState.cpp" bodystart="194" bodyend="222"/>
      </memberdef>
      <memberdef kind="function" id="dd/d6a/class_sekander_1_1_game_over_state_1af2407df4e95d8add41ed995157bc0905" prot="public" static="no" const="no" explicit="no" inline="no" virt="virtual">
        <type>void</type>
        <definition>void Sekander::GameOverState::Draw</definition>
        <argsstring>(float dt)</argsstring>
        <name>Draw</name>
        <reimplements refid="dc/df0/class_sekander_1_1_state_1a6ae7c2de1985461232a3ad694ca736b5">Draw</reimplements>
        <param>
          <type>float</type>
          <declname>dt</declname>
        </param>
        <briefdescription>
        </briefdescription>
        <detaileddescription>
        </detaileddescription>
        <inbodydescription>
        </inbodydescription>
        <location file="GameOverState.hpp" line="24" column="6" bodyfile="GameOverState.cpp" bodystart="224" bodyend="252"/>
        <references refid="db/d78/class_sekander_1_1_loading_game_objects_1a380d17caeefca095fa9166e6426a9cef" compoundref="db/db5/_loading_game_objects_8hpp" startline="66" endline="69">Sekander::LoadingGameObjects::Get_Sprie_Map</references>
      </memberdef>
      <memberdef kind="function" id="dd/d6a/class_sekander_1_1_game_over_state_1a577c6f01f9d687d772cefd17c2643e5f" prot="public" static="no" const="no" explicit="no" inline="yes" virt="non-virtual">
        <type>void</type>
        <definition>void Sekander::GameOverState::Conncet</definition>
        <argsstring>()</argsstring>
        <name>Conncet</name>
        <briefdescription>
        </briefdescription>
        <detaileddescription>
        </detaileddescription>
        <inbodydescription>
        </inbodydescription>
        <location file="GameOverState.hpp" line="26" column="6" bodyfile="GameOverState.hpp" bodystart="26" bodyend="79"/>
        <references refid="dd/d6a/class_sekander_1_1_game_over_state_1a664bfe46410e08bd6a9d399ac3e79dc3" compoundref="d7/dd1/_game_over_state_8hpp" startline="83">socket</references>
        <referencedby refid="dd/d6a/class_sekander_1_1_game_over_state_1a1f0b4815da9cfb5221f2e3374b003de0" compoundref="d1/db6/_game_over_state_8cpp" startline="22" endline="137">Init</referencedby>
      </memberdef>
      </sectiondef>
    <briefdescription>
    </briefdescription>
    <detaileddescription>
    </detaileddescription>
    <inheritancegraph>
      <node id="1">
        <label>Sekander::GameOverState</label>
        <link refid="dd/d6a/class_sekander_1_1_game_over_state"/>
        <childnode refid="2" relation="public-inheritance">
        </childnode>
      </node>
      <node id="2">
        <label>Sekander::State</label>
        <link refid="dc/df0/class_sekander_1_1_state"/>
      </node>
    </inheritancegraph>
    <collaborationgraph>
      <node id="1">
        <label>Sekander::GameOverState</label>
        <link refid="dd/d6a/class_sekander_1_1_game_over_state"/>
        <childnode refid="2" relation="public-inheritance">
        </childnode>
      </node>
      <node id="2">
        <label>Sekander::State</label>
        <link refid="dc/df0/class_sekander_1_1_state"/>
      </node>
    </collaborationgraph>
    <location file="GameOverState.hpp" line="14" column="1" bodyfile="GameOverState.hpp" bodystart="15" bodyend="127"/>
    <listofallmembers>
      <member refid="dd/d6a/class_sekander_1_1_game_over_state_1a250cf3a483960abc015415739067f6a5" prot="private" virt="non-virtual"><scope>Sekander::GameOverState</scope><name>_background</name></member>
      <member refid="dd/d6a/class_sekander_1_1_game_over_state_1a3b1c892e022575bd70cf97928d79b7da" prot="private" virt="non-virtual"><scope>Sekander::GameOverState</scope><name>_clock</name></member>
      <member refid="dd/d6a/class_sekander_1_1_game_over_state_1ac60174d0e0b62802ab2b0c05247d33b5" prot="private" virt="non-virtual"><scope>Sekander::GameOverState</scope><name>_data</name></member>
      <member refid="dd/d6a/class_sekander_1_1_game_over_state_1ae699b96a7881e8852a2e64431ea5bda9" prot="private" virt="non-virtual"><scope>Sekander::GameOverState</scope><name>_gameOverContainer</name></member>
      <member refid="dd/d6a/class_sekander_1_1_game_over_state_1a48e09487fe6fe308acbae0971d041710" prot="private" virt="non-virtual"><scope>Sekander::GameOverState</scope><name>_gameOverTitle</name></member>
      <member refid="dd/d6a/class_sekander_1_1_game_over_state_1ad7ba3fadc25c0470994d46ce91170108" prot="private" virt="non-virtual"><scope>Sekander::GameOverState</scope><name>_highScore</name></member>
      <member refid="dd/d6a/class_sekander_1_1_game_over_state_1afdd0049bf1354a13782e7ba21fb4befd" prot="private" virt="non-virtual"><scope>Sekander::GameOverState</scope><name>_highScoreText</name></member>
      <member refid="dd/d6a/class_sekander_1_1_game_over_state_1a5656ae0aefaffa2409a51b1c3bd0f88c" prot="private" virt="non-virtual"><scope>Sekander::GameOverState</scope><name>_max</name></member>
      <member refid="dd/d6a/class_sekander_1_1_game_over_state_1a1fc5e8938f774f4dc10d42b3876030ac" prot="private" virt="non-virtual"><scope>Sekander::GameOverState</scope><name>_retryButton</name></member>
      <member refid="dd/d6a/class_sekander_1_1_game_over_state_1ad79b72fc4efc8b770422c2c16d07d6c3" prot="private" virt="non-virtual"><scope>Sekander::GameOverState</scope><name>_score</name></member>
      <member refid="dd/d6a/class_sekander_1_1_game_over_state_1adb60ef9a4d2fea746dfd3a9edf51d02b" prot="private" virt="non-virtual"><scope>Sekander::GameOverState</scope><name>_scoreText</name></member>
      <member refid="dd/d6a/class_sekander_1_1_game_over_state_1ac04064783eaa87ca083beb919737635c" prot="private" virt="non-virtual"><scope>Sekander::GameOverState</scope><name>_temp_score</name></member>
      <member refid="dd/d6a/class_sekander_1_1_game_over_state_1a12cfdad7be4cb5ecc3d6678e1ed0b957" prot="private" virt="non-virtual"><scope>Sekander::GameOverState</scope><name>_xml_DOC</name></member>
      <member refid="dd/d6a/class_sekander_1_1_game_over_state_1a982c7e95494397743efa83e216ccd055" prot="private" virt="non-virtual"><scope>Sekander::GameOverState</scope><name>a</name></member>
      <member refid="dd/d6a/class_sekander_1_1_game_over_state_1aaf30770d2b2ab5f5be8a4d3443a2aa55" prot="private" virt="non-virtual"><scope>Sekander::GameOverState</scope><name>a_b</name></member>
      <member refid="dd/d6a/class_sekander_1_1_game_over_state_1a48dbce2f5fb70dbaec0edf0d2de4aea6" prot="private" virt="non-virtual"><scope>Sekander::GameOverState</scope><name>b</name></member>
      <member refid="dd/d6a/class_sekander_1_1_game_over_state_1a577c6f01f9d687d772cefd17c2643e5f" prot="public" virt="non-virtual"><scope>Sekander::GameOverState</scope><name>Conncet</name></member>
      <member refid="dd/d6a/class_sekander_1_1_game_over_state_1af2407df4e95d8add41ed995157bc0905" prot="public" virt="virtual"><scope>Sekander::GameOverState</scope><name>Draw</name></member>
      <member refid="dd/d6a/class_sekander_1_1_game_over_state_1af8260bf3049c7b7cb7d2ea3781e3beae" prot="private" virt="non-virtual"><scope>Sekander::GameOverState</scope><name>fade_out</name></member>
      <member refid="dd/d6a/class_sekander_1_1_game_over_state_1a7689bd10edad691528b434f0868c9e72" prot="private" virt="non-virtual"><scope>Sekander::GameOverState</scope><name>g</name></member>
      <member refid="dd/d6a/class_sekander_1_1_game_over_state_1a8248a663f0624ca7f1c081cd0174b396" prot="public" virt="non-virtual"><scope>Sekander::GameOverState</scope><name>GameOverState</name></member>
      <member refid="dd/d6a/class_sekander_1_1_game_over_state_1a3e432a73ee48a8048c2d5a34226cae4b" prot="public" virt="non-virtual"><scope>Sekander::GameOverState</scope><name>GameOverState</name></member>
      <member refid="dd/d6a/class_sekander_1_1_game_over_state_1ade27fc3af036b3c50df4ccf6cb795627" prot="public" virt="virtual"><scope>Sekander::GameOverState</scope><name>HandleInput</name></member>
      <member refid="dd/d6a/class_sekander_1_1_game_over_state_1a1f0b4815da9cfb5221f2e3374b003de0" prot="public" virt="virtual"><scope>Sekander::GameOverState</scope><name>Init</name></member>
      <member refid="dd/d6a/class_sekander_1_1_game_over_state_1a5f0d39a093c067de484c17561f862de2" prot="private" virt="non-virtual"><scope>Sekander::GameOverState</scope><name>ld</name></member>
      <member refid="dd/d6a/class_sekander_1_1_game_over_state_1ac0f2e82316a36af6239ae24a03f2824f" prot="private" virt="non-virtual"><scope>Sekander::GameOverState</scope><name>r</name></member>
      <member refid="dd/d6a/class_sekander_1_1_game_over_state_1a664bfe46410e08bd6a9d399ac3e79dc3" prot="public" virt="non-virtual"><scope>Sekander::GameOverState</scope><name>socket</name></member>
      <member refid="dd/d6a/class_sekander_1_1_game_over_state_1a00b3dcb61cb0342cf0fe4cc181e99b6b" prot="public" virt="virtual"><scope>Sekander::GameOverState</scope><name>Update</name></member>
      <member refid="dd/d6a/class_sekander_1_1_game_over_state_1aad418282474c59558d02e5b7f52a841c" prot="private" virt="non-virtual"><scope>Sekander::GameOverState</scope><name>window_rec</name></member>
      <member refid="dd/d6a/class_sekander_1_1_game_over_state_1afef7263e74fde41d6c779a473fd93105" prot="private" virt="non-virtual"><scope>Sekander::GameOverState</scope><name>window_rec2</name></member>
    </listofallmembers>
  </compounddef>
</doxygen>
