<?xml version='1.0' encoding='UTF-8' standalone='no'?>
<doxygen xmlns:xsi="http://www.w3.org/2001/XMLSchema-instance" xsi:noNamespaceSchemaLocation="compound.xsd" version="1.9.2" xml:lang="en-US">
  <compounddef id="d4/d74/class_sekander_1_1_game_world" kind="class" language="C++" prot="public">
    <compoundname>Sekander::GameWorld</compoundname>
    <derivedcompoundref refid="da/d68/class_sekander_1_1_bullet" prot="private" virt="non-virtual">Sekander::Bullet</derivedcompoundref>
    <derivedcompoundref refid="d4/d7c/class_sekander_1_1_enemy" prot="public" virt="non-virtual">Sekander::Enemy</derivedcompoundref>
    <derivedcompoundref refid="d1/d17/class_sekander_1_1_gun" prot="private" virt="non-virtual">Sekander::Gun</derivedcompoundref>
    <derivedcompoundref refid="d1/da1/class_sekander_1_1_main___player" prot="public" virt="non-virtual">Sekander::Main_Player</derivedcompoundref>
    <includes refid="d4/db1/_game_world_8hpp" local="no">GameWorld.hpp</includes>
      <sectiondef kind="public-static-attrib">
      <memberdef kind="variable" id="d4/d74/class_sekander_1_1_game_world_1a59be267007f51217d7f9739029e966cd" prot="public" static="yes" mutable="no">
        <type>bool</type>
        <definition>bool Sekander::GameWorld::is_key_pressed</definition>
        <argsstring></argsstring>
        <name>is_key_pressed</name>
        <briefdescription>
        </briefdescription>
        <detaileddescription>
        </detaileddescription>
        <inbodydescription>
        </inbodydescription>
        <location file="GameWorld.hpp" line="47" column="20" bodyfile="GameWorld.hpp" bodystart="47" bodyend="-1"/>
        <referencedby refid="d4/d74/class_sekander_1_1_game_world_1a3d57a6627443dcb871f2cc44dd8c5be6" compoundref="db/d7a/_game_world_8cpp" startline="12" endline="57">GameWorld</referencedby>
      </memberdef>
      <memberdef kind="variable" id="d4/d74/class_sekander_1_1_game_world_1a8b5e8a9e12e49fcd66361a83837c2b30" prot="public" static="yes" mutable="no">
        <type>unsigned short int</type>
        <definition>unsigned short int Sekander::GameWorld::counter</definition>
        <argsstring></argsstring>
        <name>counter</name>
        <briefdescription>
        </briefdescription>
        <detaileddescription>
        </detaileddescription>
        <inbodydescription>
        </inbodydescription>
        <location file="GameWorld.hpp" line="48" column="34" bodyfile="GameWorld.hpp" bodystart="48" bodyend="-1"/>
        <referencedby refid="d4/d74/class_sekander_1_1_game_world_1a0d0376040dc0171aecdbb5b618741b8b" compoundref="db/d7a/_game_world_8cpp" startline="490" endline="544">checkKEYPRESS</referencedby>
        <referencedby refid="d4/d74/class_sekander_1_1_game_world_1a3d57a6627443dcb871f2cc44dd8c5be6" compoundref="db/d7a/_game_world_8cpp" startline="12" endline="57">GameWorld</referencedby>
      </memberdef>
      <memberdef kind="variable" id="d4/d74/class_sekander_1_1_game_world_1a0253519bdc4bb36ae9b1c835ecdcedc6" prot="public" static="yes" mutable="no">
        <type>float</type>
        <definition>float Sekander::GameWorld::input_counter</definition>
        <argsstring></argsstring>
        <name>input_counter</name>
        <briefdescription>
        </briefdescription>
        <detaileddescription>
        </detaileddescription>
        <inbodydescription>
        </inbodydescription>
        <location file="GameWorld.hpp" line="49" column="21" bodyfile="GameWorld.hpp" bodystart="49" bodyend="-1"/>
        <referencedby refid="d4/d74/class_sekander_1_1_game_world_1a3d57a6627443dcb871f2cc44dd8c5be6" compoundref="db/d7a/_game_world_8cpp" startline="12" endline="57">GameWorld</referencedby>
        <referencedby refid="d4/d74/class_sekander_1_1_game_world_1a543c52aad77747a2f34b5927041ac905" compoundref="db/d7a/_game_world_8cpp" startline="286" endline="366">pressure_sensitive_KEY_PRESS</referencedby>
      </memberdef>
      <memberdef kind="variable" id="d4/d74/class_sekander_1_1_game_world_1ad6495d2d0423201c931a147682104417" prot="public" static="yes" mutable="no">
        <type>bool</type>
        <definition>bool Sekander::GameWorld::m_OnFloor</definition>
        <argsstring></argsstring>
        <name>m_OnFloor</name>
        <initializer>= true</initializer>
        <briefdescription>
        </briefdescription>
        <detaileddescription>
        </detaileddescription>
        <inbodydescription>
        </inbodydescription>
        <location file="GameWorld.hpp" line="50" column="20" bodyfile="GameWorld.hpp" bodystart="50" bodyend="-1"/>
        <referencedby refid="d4/d74/class_sekander_1_1_game_world_1a827c7077336d604dd4854196cc6be334" compoundref="db/d7a/_game_world_8cpp" startline="141" endline="173">Update</referencedby>
      </memberdef>
      <memberdef kind="variable" id="d4/d74/class_sekander_1_1_game_world_1a2392a1e2b5d6ff4fb352144bf426ae45" prot="public" static="yes" mutable="no">
        <type>bool</type>
        <definition>bool Sekander::GameWorld::m_In_the_Air</definition>
        <argsstring></argsstring>
        <name>m_In_the_Air</name>
        <initializer>= false</initializer>
        <briefdescription>
        </briefdescription>
        <detaileddescription>
        </detaileddescription>
        <inbodydescription>
        </inbodydescription>
        <location file="GameWorld.hpp" line="51" column="20" bodyfile="GameWorld.hpp" bodystart="51" bodyend="-1"/>
        <referencedby refid="d4/d74/class_sekander_1_1_game_world_1a827c7077336d604dd4854196cc6be334" compoundref="db/d7a/_game_world_8cpp" startline="141" endline="173">Update</referencedby>
      </memberdef>
      </sectiondef>
      <sectiondef kind="private-attrib">
      <memberdef kind="variable" id="d4/d74/class_sekander_1_1_game_world_1af884f2489e4a94f95679906932bc0119" prot="private" static="no" mutable="no">
        <type><ref refid="d8/d6a/namespace_sekander_1a1d69b002ba2d23020901c28f0def5e16" kindref="member">GameDataRef</ref></type>
        <definition>GameDataRef Sekander::GameWorld::_data</definition>
        <argsstring></argsstring>
        <name>_data</name>
        <briefdescription>
        </briefdescription>
        <detaileddescription>
        </detaileddescription>
        <inbodydescription>
        </inbodydescription>
        <location file="GameWorld.hpp" line="68" column="13" bodyfile="GameWorld.hpp" bodystart="68" bodyend="-1"/>
      </memberdef>
      <memberdef kind="variable" id="d4/d74/class_sekander_1_1_game_world_1ab15d5f24af33963d1508f31a9b8cb49e" prot="private" static="no" mutable="no">
        <type>sf::Sprite</type>
        <definition>sf::Sprite Sekander::GameWorld::_playerSprite</definition>
        <argsstring></argsstring>
        <name>_playerSprite</name>
        <briefdescription>
        </briefdescription>
        <detaileddescription>
        </detaileddescription>
        <inbodydescription>
        </inbodydescription>
        <location file="GameWorld.hpp" line="69" column="24" bodyfile="GameWorld.hpp" bodystart="69" bodyend="-1"/>
      </memberdef>
      <memberdef kind="variable" id="d4/d74/class_sekander_1_1_game_world_1a5893d4895ff1674d8681216ed8ad7258" prot="private" static="no" mutable="no">
        <type>unsigned int</type>
        <definition>unsigned int Sekander::GameWorld::_animationIterator</definition>
        <argsstring></argsstring>
        <name>_animationIterator</name>
        <briefdescription>
        </briefdescription>
        <detaileddescription>
        </detaileddescription>
        <inbodydescription>
        </inbodydescription>
        <location file="GameWorld.hpp" line="70" column="26" bodyfile="GameWorld.hpp" bodystart="70" bodyend="-1"/>
      </memberdef>
      <memberdef kind="variable" id="d4/d74/class_sekander_1_1_game_world_1ace73eff11891a3cbfce71ec1de85f8eb" prot="private" static="no" mutable="no">
        <type>std::string</type>
        <definition>std::string Sekander::GameWorld::_key</definition>
        <argsstring></argsstring>
        <name>_key</name>
        <briefdescription>
        </briefdescription>
        <detaileddescription>
        </detaileddescription>
        <inbodydescription>
        </inbodydescription>
        <location file="GameWorld.hpp" line="71" column="13" bodyfile="GameWorld.hpp" bodystart="71" bodyend="-1"/>
      </memberdef>
      <memberdef kind="variable" id="d4/d74/class_sekander_1_1_game_world_1a825ceb9a0d457b4a8e75d16094ee1c8b" prot="private" static="no" mutable="no">
        <type>sf::Clock</type>
        <definition>sf::Clock Sekander::GameWorld::_clock</definition>
        <argsstring></argsstring>
        <name>_clock</name>
        <briefdescription>
        </briefdescription>
        <detaileddescription>
        </detaileddescription>
        <inbodydescription>
        </inbodydescription>
        <location file="GameWorld.hpp" line="72" column="11" bodyfile="GameWorld.hpp" bodystart="72" bodyend="-1"/>
      </memberdef>
      <memberdef kind="variable" id="d4/d74/class_sekander_1_1_game_world_1abd93d7c6c2b733c5d0a78ea051886fe9" prot="private" static="no" mutable="no">
        <type>sf::IntRect</type>
        <definition>sf::IntRect Sekander::GameWorld::_playerRect</definition>
        <argsstring></argsstring>
        <name>_playerRect</name>
        <briefdescription>
        </briefdescription>
        <detaileddescription>
        </detaileddescription>
        <inbodydescription>
        </inbodydescription>
        <location file="GameWorld.hpp" line="73" column="13" bodyfile="GameWorld.hpp" bodystart="73" bodyend="-1"/>
      </memberdef>
      <memberdef kind="variable" id="d4/d74/class_sekander_1_1_game_world_1a76785ebd5e10d598db14dd1a338172bd" prot="private" static="no" mutable="no">
        <type>int</type>
        <definition>int Sekander::GameWorld::_playerState</definition>
        <argsstring></argsstring>
        <name>_playerState</name>
        <briefdescription>
        </briefdescription>
        <detaileddescription>
        </detaileddescription>
        <inbodydescription>
        </inbodydescription>
        <location file="GameWorld.hpp" line="74" column="17" bodyfile="GameWorld.hpp" bodystart="74" bodyend="-1"/>
      </memberdef>
      <memberdef kind="variable" id="d4/d74/class_sekander_1_1_game_world_1a2a23ea4e9dce3bdeee4ce38e2a8a7122" prot="private" static="no" mutable="no">
        <type>sf::Vector2i</type>
        <definition>sf::Vector2i Sekander::GameWorld::source</definition>
        <argsstring></argsstring>
        <name>source</name>
        <briefdescription>
        </briefdescription>
        <detaileddescription>
        </detaileddescription>
        <inbodydescription>
        </inbodydescription>
        <location file="GameWorld.hpp" line="75" column="26" bodyfile="GameWorld.hpp" bodystart="75" bodyend="-1"/>
      </memberdef>
      <memberdef kind="variable" id="d4/d74/class_sekander_1_1_game_world_1ae71b1a8c967f13881b54f2fee9d3ce3e" prot="private" static="no" mutable="no">
        <type>int</type>
        <definition>int Sekander::GameWorld::_sprite_WIDTH</definition>
        <argsstring></argsstring>
        <name>_sprite_WIDTH</name>
        <briefdescription>
        </briefdescription>
        <detaileddescription>
        </detaileddescription>
        <inbodydescription>
        </inbodydescription>
        <location file="GameWorld.hpp" line="76" column="5" bodyfile="GameWorld.hpp" bodystart="76" bodyend="-1"/>
      </memberdef>
      <memberdef kind="variable" id="d4/d74/class_sekander_1_1_game_world_1af8466397055debb51fbdd1c2808af51f" prot="private" static="no" mutable="no">
        <type>int</type>
        <definition>int Sekander::GameWorld::_sprite_HEIGHT</definition>
        <argsstring></argsstring>
        <name>_sprite_HEIGHT</name>
        <briefdescription>
        </briefdescription>
        <detaileddescription>
        </detaileddescription>
        <inbodydescription>
        </inbodydescription>
        <location file="GameWorld.hpp" line="77" column="5" bodyfile="GameWorld.hpp" bodystart="77" bodyend="-1"/>
      </memberdef>
      <memberdef kind="variable" id="d4/d74/class_sekander_1_1_game_world_1a7aa72bbfd5f1b4f7ab04c819b815f7be" prot="private" static="no" mutable="no">
        <type>int</type>
        <definition>int Sekander::GameWorld::_sprite_X_FRAMES</definition>
        <argsstring></argsstring>
        <name>_sprite_X_FRAMES</name>
        <briefdescription>
        </briefdescription>
        <detaileddescription>
        </detaileddescription>
        <inbodydescription>
        </inbodydescription>
        <location file="GameWorld.hpp" line="78" column="5" bodyfile="GameWorld.hpp" bodystart="78" bodyend="-1"/>
      </memberdef>
      <memberdef kind="variable" id="d4/d74/class_sekander_1_1_game_world_1a55975c2cb042a079708c204ff24695d6" prot="private" static="no" mutable="no">
        <type>int</type>
        <definition>int Sekander::GameWorld::_sprite_Y_FRAMES</definition>
        <argsstring></argsstring>
        <name>_sprite_Y_FRAMES</name>
        <briefdescription>
        </briefdescription>
        <detaileddescription>
        </detaileddescription>
        <inbodydescription>
        </inbodydescription>
        <location file="GameWorld.hpp" line="79" column="5" bodyfile="GameWorld.hpp" bodystart="79" bodyend="-1"/>
      </memberdef>
      <memberdef kind="variable" id="d4/d74/class_sekander_1_1_game_world_1a3b4e98fc1c72a8d126f58fc1d65267bf" prot="private" static="no" mutable="no">
        <type>float</type>
        <definition>float Sekander::GameWorld::_sprite_X_POS</definition>
        <argsstring></argsstring>
        <name>_sprite_X_POS</name>
        <briefdescription>
        </briefdescription>
        <detaileddescription>
        </detaileddescription>
        <inbodydescription>
        </inbodydescription>
        <location file="GameWorld.hpp" line="80" column="7" bodyfile="GameWorld.hpp" bodystart="80" bodyend="-1"/>
      </memberdef>
      <memberdef kind="variable" id="d4/d74/class_sekander_1_1_game_world_1ac9cee04f7adc8cca928b1fb166c2bac5" prot="private" static="no" mutable="no">
        <type>float</type>
        <definition>float Sekander::GameWorld::_sprite_Y_POS</definition>
        <argsstring></argsstring>
        <name>_sprite_Y_POS</name>
        <briefdescription>
        </briefdescription>
        <detaileddescription>
        </detaileddescription>
        <inbodydescription>
        </inbodydescription>
        <location file="GameWorld.hpp" line="81" column="7" bodyfile="GameWorld.hpp" bodystart="81" bodyend="-1"/>
      </memberdef>
      <memberdef kind="variable" id="d4/d74/class_sekander_1_1_game_world_1a0797c51490bfc5a53b8effac8f195a65" prot="private" static="no" mutable="no">
        <type>b2PolygonShape *</type>
        <definition>b2PolygonShape* Sekander::GameWorld::polygonShape</definition>
        <argsstring></argsstring>
        <name>polygonShape</name>
        <briefdescription>
        </briefdescription>
        <detaileddescription>
        </detaileddescription>
        <inbodydescription>
        </inbodydescription>
        <location file="GameWorld.hpp" line="86" column="16" bodyfile="GameWorld.hpp" bodystart="86" bodyend="-1"/>
      </memberdef>
      <memberdef kind="variable" id="d4/d74/class_sekander_1_1_game_world_1a3efbbb851ccda6cc754ae5a567a6215a" prot="private" static="no" mutable="no">
        <type>b2EdgeShape *</type>
        <definition>b2EdgeShape* Sekander::GameWorld::poly</definition>
        <argsstring></argsstring>
        <name>poly</name>
        <briefdescription>
        </briefdescription>
        <detaileddescription>
        </detaileddescription>
        <inbodydescription>
        </inbodydescription>
        <location file="GameWorld.hpp" line="87" column="13" bodyfile="GameWorld.hpp" bodystart="87" bodyend="-1"/>
      </memberdef>
      <memberdef kind="variable" id="d4/d74/class_sekander_1_1_game_world_1a2ceefac22fc6906e1522abf7ca0be576" prot="private" static="no" mutable="no">
        <type>b2Body *</type>
        <definition>b2Body* Sekander::GameWorld::player</definition>
        <argsstring></argsstring>
        <name>player</name>
        <briefdescription>
        </briefdescription>
        <detaileddescription>
        </detaileddescription>
        <inbodydescription>
        </inbodydescription>
        <location file="GameWorld.hpp" line="90" column="8" bodyfile="GameWorld.hpp" bodystart="90" bodyend="-1"/>
      </memberdef>
      <memberdef kind="variable" id="d4/d74/class_sekander_1_1_game_world_1ad95a5d205f8b25013916ceec88710042" prot="private" static="no" mutable="no">
        <type>b2Body *</type>
        <definition>b2Body* Sekander::GameWorld::bullet</definition>
        <argsstring></argsstring>
        <name>bullet</name>
        <briefdescription>
        </briefdescription>
        <detaileddescription>
        </detaileddescription>
        <inbodydescription>
        </inbodydescription>
        <location file="GameWorld.hpp" line="91" column="8" bodyfile="GameWorld.hpp" bodystart="91" bodyend="-1"/>
      </memberdef>
      <memberdef kind="variable" id="d4/d74/class_sekander_1_1_game_world_1ae9290e904834fca5fa209a6bddb53bd6" prot="private" static="no" mutable="no">
        <type>b2Body *</type>
        <definition>b2Body* Sekander::GameWorld::enemy</definition>
        <argsstring></argsstring>
        <name>enemy</name>
        <briefdescription>
        </briefdescription>
        <detaileddescription>
        </detaileddescription>
        <inbodydescription>
        </inbodydescription>
        <location file="GameWorld.hpp" line="92" column="8" bodyfile="GameWorld.hpp" bodystart="92" bodyend="-1"/>
      </memberdef>
      <memberdef kind="variable" id="d4/d74/class_sekander_1_1_game_world_1a9267f9cb0e1678b46196ab8bef1de654" prot="private" static="no" mutable="no">
        <type>b2Body *</type>
        <definition>b2Body* Sekander::GameWorld::floor</definition>
        <argsstring></argsstring>
        <name>floor</name>
        <briefdescription>
        </briefdescription>
        <detaileddescription>
        </detaileddescription>
        <inbodydescription>
        </inbodydescription>
        <location file="GameWorld.hpp" line="93" column="8" bodyfile="GameWorld.hpp" bodystart="93" bodyend="-1"/>
      </memberdef>
      <memberdef kind="variable" id="d4/d74/class_sekander_1_1_game_world_1a0a67f9a7d37aa2aaa03e1a66a46119e8" prot="private" static="no" mutable="no">
        <type>b2Body *</type>
        <definition>b2Body* Sekander::GameWorld::wall</definition>
        <argsstring></argsstring>
        <name>wall</name>
        <briefdescription>
        </briefdescription>
        <detaileddescription>
        </detaileddescription>
        <inbodydescription>
        </inbodydescription>
        <location file="GameWorld.hpp" line="94" column="8" bodyfile="GameWorld.hpp" bodystart="94" bodyend="-1"/>
      </memberdef>
      </sectiondef>
      <sectiondef kind="public-func">
      <memberdef kind="function" id="d4/d74/class_sekander_1_1_game_world_1a4eba015ae47c7e54c545a874906be1c1" prot="public" static="no" const="no" explicit="no" inline="no" virt="non-virtual">
        <type></type>
        <definition>Sekander::GameWorld::GameWorld</definition>
        <argsstring>()</argsstring>
        <name>GameWorld</name>
        <briefdescription>
        </briefdescription>
        <detaileddescription>
        </detaileddescription>
        <inbodydescription>
        </inbodydescription>
        <location file="GameWorld.hpp" line="14" column="1"/>
      </memberdef>
      <memberdef kind="function" id="d4/d74/class_sekander_1_1_game_world_1a3d57a6627443dcb871f2cc44dd8c5be6" prot="public" static="no" const="no" explicit="no" inline="no" virt="non-virtual">
        <type></type>
        <definition>Sekander::GameWorld::GameWorld</definition>
        <argsstring>(GameDataRef data)</argsstring>
        <name>GameWorld</name>
        <param>
          <type><ref refid="d8/d6a/namespace_sekander_1a1d69b002ba2d23020901c28f0def5e16" kindref="member">GameDataRef</ref></type>
          <declname>data</declname>
        </param>
        <briefdescription>
        </briefdescription>
        <detaileddescription>
        </detaileddescription>
        <inbodydescription>
        </inbodydescription>
        <location file="GameWorld.hpp" line="15" column="1" bodyfile="GameWorld.cpp" bodystart="12" bodyend="57"/>
        <references refid="d4/d74/class_sekander_1_1_game_world_1a8b5e8a9e12e49fcd66361a83837c2b30" compoundref="d4/db1/_game_world_8hpp" startline="48">counter</references>
        <references refid="df/d44/_d_e_f_i_n_i_t_i_o_n_s_8hpp_1a5df2817928b9d616365d41716225855b" compoundref="df/d44/_d_e_f_i_n_i_t_i_o_n_s_8hpp" startline="75">DIRECTION_X_RIGHT_INITAL</references>
        <references refid="df/d44/_d_e_f_i_n_i_t_i_o_n_s_8hpp_1a680549b56d8e550f167cbf4f49381324" compoundref="df/d44/_d_e_f_i_n_i_t_i_o_n_s_8hpp" startline="70">DIRECTION_Y_RIGHT_INITAL</references>
        <references refid="d4/d74/class_sekander_1_1_game_world_1a0253519bdc4bb36ae9b1c835ecdcedc6" compoundref="d4/db1/_game_world_8hpp" startline="49">input_counter</references>
        <references refid="d4/d74/class_sekander_1_1_game_world_1a59be267007f51217d7f9739029e966cd" compoundref="d4/db1/_game_world_8hpp" startline="47">is_key_pressed</references>
        <references refid="df/d44/_d_e_f_i_n_i_t_i_o_n_s_8hpp_1a76f347c245a262bf164389951c1d185e" compoundref="df/d44/_d_e_f_i_n_i_t_i_o_n_s_8hpp" startline="67">SPRITE_HEIGHT</references>
        <references refid="df/d44/_d_e_f_i_n_i_t_i_o_n_s_8hpp_1a36867b302379cb0e4d90f9eff433212c" compoundref="df/d44/_d_e_f_i_n_i_t_i_o_n_s_8hpp" startline="66">SPRITE_WIDTH</references>
      </memberdef>
      <memberdef kind="function" id="d4/d74/class_sekander_1_1_game_world_1a7e626b7986bea0d59a262aac5f47f0cd" prot="public" static="no" const="no" explicit="yes" inline="no" virt="non-virtual">
        <type></type>
        <definition>Sekander::GameWorld::GameWorld</definition>
        <argsstring>(GameDataRef data, std::string key, std::string file_name, int source_x, int source_y, int sprite_WIDTH, int sprite_HEIGHT, bool dynamic, int sprite_X_FRAMES, int sprite_Y_FRAMES, float sprite_X_POS, float sprite_Y_POS, float sprite_ANGLE)</argsstring>
        <name>GameWorld</name>
        <param>
          <type><ref refid="d8/d6a/namespace_sekander_1a1d69b002ba2d23020901c28f0def5e16" kindref="member">GameDataRef</ref></type>
          <declname>data</declname>
        </param>
        <param>
          <type>std::string</type>
          <declname>key</declname>
        </param>
        <param>
          <type>std::string</type>
          <declname>file_name</declname>
        </param>
        <param>
          <type>int</type>
          <declname>source_x</declname>
        </param>
        <param>
          <type>int</type>
          <declname>source_y</declname>
        </param>
        <param>
          <type>int</type>
          <declname>sprite_WIDTH</declname>
        </param>
        <param>
          <type>int</type>
          <declname>sprite_HEIGHT</declname>
        </param>
        <param>
          <type>bool</type>
          <declname>dynamic</declname>
        </param>
        <param>
          <type>int</type>
          <declname>sprite_X_FRAMES</declname>
        </param>
        <param>
          <type>int</type>
          <declname>sprite_Y_FRAMES</declname>
        </param>
        <param>
          <type>float</type>
          <declname>sprite_X_POS</declname>
        </param>
        <param>
          <type>float</type>
          <declname>sprite_Y_POS</declname>
        </param>
        <param>
          <type>float</type>
          <declname>sprite_ANGLE</declname>
        </param>
        <briefdescription>
        </briefdescription>
        <detaileddescription>
        </detaileddescription>
        <inbodydescription>
        </inbodydescription>
        <location file="GameWorld.hpp" line="17" column="10" bodyfile="GameWorld.cpp" bodystart="60" bodyend="130"/>
        <references refid="d4/d74/class_sekander_1_1_game_world_1a8b5e8a9e12e49fcd66361a83837c2b30" compoundref="d4/db1/_game_world_8hpp" startline="48">counter</references>
        <references refid="df/d44/_d_e_f_i_n_i_t_i_o_n_s_8hpp_1abbfb1b8e88373781c6238d647110f5d2" compoundref="df/d44/_d_e_f_i_n_i_t_i_o_n_s_8hpp" startline="84">DEGTORAD</references>
        <references refid="d4/d74/class_sekander_1_1_game_world_1a0253519bdc4bb36ae9b1c835ecdcedc6" compoundref="d4/db1/_game_world_8hpp" startline="49">input_counter</references>
        <references refid="d4/d74/class_sekander_1_1_game_world_1a59be267007f51217d7f9739029e966cd" compoundref="d4/db1/_game_world_8hpp" startline="47">is_key_pressed</references>
      </memberdef>
      <memberdef kind="function" id="d4/d74/class_sekander_1_1_game_world_1aefbdb2473bee50c10a5380e7a6892a60" prot="public" static="no" const="no" explicit="no" inline="no" virt="non-virtual">
        <type>void</type>
        <definition>void Sekander::GameWorld::Draw</definition>
        <argsstring>()</argsstring>
        <name>Draw</name>
        <briefdescription>
        </briefdescription>
        <detaileddescription>
        </detaileddescription>
        <inbodydescription>
        </inbodydescription>
        <location file="GameWorld.hpp" line="34" column="6" bodyfile="GameWorld.cpp" bodystart="134" bodyend="138"/>
      </memberdef>
      <memberdef kind="function" id="d4/d74/class_sekander_1_1_game_world_1ad5c3fd7f0c1347d393df075cea46177e" prot="public" static="no" const="no" explicit="no" inline="no" virt="non-virtual">
        <type>void</type>
        <definition>void Sekander::GameWorld::Animate</definition>
        <argsstring>(float dt)</argsstring>
        <name>Animate</name>
        <param>
          <type>float</type>
          <declname>dt</declname>
        </param>
        <briefdescription>
        </briefdescription>
        <detaileddescription>
        </detaileddescription>
        <inbodydescription>
        </inbodydescription>
        <location file="GameWorld.hpp" line="35" column="6" bodyfile="GameWorld.cpp" bodystart="370" bodyend="428"/>
        <referencedby refid="d1/da1/class_sekander_1_1_main___player_1a5207bda5738aefb2d905170545f6e373" compoundref="d0/db2/_main___player_8cpp" startline="5" endline="65">Sekander::Main_Player::MoverRigtht</referencedby>
        <referencedby refid="d4/d7c/class_sekander_1_1_enemy_1aaccf2d86ea82595234cee826bc176cfa" compoundref="da/dda/_enemy_8hpp" startline="182" endline="324">Sekander::Enemy::Update</referencedby>
      </memberdef>
      <memberdef kind="function" id="d4/d74/class_sekander_1_1_game_world_1aa736a4234102bbdbc87dbeb8726d2ce8" prot="public" static="no" const="no" explicit="no" inline="no" virt="non-virtual">
        <type>void</type>
        <definition>void Sekander::GameWorld::Animate</definition>
        <argsstring>(float dt, int)</argsstring>
        <name>Animate</name>
        <param>
          <type>float</type>
          <declname>dt</declname>
        </param>
        <param>
          <type>int</type>
          <defname>Y_FRAME</defname>
        </param>
        <briefdescription>
        </briefdescription>
        <detaileddescription>
        </detaileddescription>
        <inbodydescription>
        </inbodydescription>
        <location file="GameWorld.hpp" line="36" column="6" bodyfile="GameWorld.cpp" bodystart="435" bodyend="476"/>
      </memberdef>
      <memberdef kind="function" id="d4/d74/class_sekander_1_1_game_world_1a827c7077336d604dd4854196cc6be334" prot="public" static="no" const="no" explicit="no" inline="no" virt="non-virtual">
        <type>void</type>
        <definition>void Sekander::GameWorld::Update</definition>
        <argsstring>(float dt)</argsstring>
        <name>Update</name>
        <param>
          <type>float</type>
          <declname>dt</declname>
        </param>
        <briefdescription>
        </briefdescription>
        <detaileddescription>
        </detaileddescription>
        <inbodydescription>
        </inbodydescription>
        <location file="GameWorld.hpp" line="38" column="6" bodyfile="GameWorld.cpp" bodystart="141" bodyend="173"/>
        <references refid="d4/d74/class_sekander_1_1_game_world_1a2392a1e2b5d6ff4fb352144bf426ae45" compoundref="d4/db1/_game_world_8hpp" startline="51">m_In_the_Air</references>
        <references refid="d4/d74/class_sekander_1_1_game_world_1ad6495d2d0423201c931a147682104417" compoundref="d4/db1/_game_world_8hpp" startline="50">m_OnFloor</references>
      </memberdef>
      <memberdef kind="function" id="d4/d74/class_sekander_1_1_game_world_1a0d0376040dc0171aecdbb5b618741b8b" prot="public" static="no" const="no" explicit="no" inline="no" virt="non-virtual">
        <type>const bool</type>
        <definition>const bool Sekander::GameWorld::checkKEYPRESS</definition>
        <argsstring>(sf::Keyboard::Key)</argsstring>
        <name>checkKEYPRESS</name>
        <param>
          <type>sf::Keyboard::Key</type>
          <defname>key</defname>
        </param>
        <briefdescription>
        </briefdescription>
        <detaileddescription>
        </detaileddescription>
        <inbodydescription>
        </inbodydescription>
        <location file="GameWorld.hpp" line="39" column="12" bodyfile="GameWorld.cpp" bodystart="490" bodyend="544"/>
        <references refid="d4/d74/class_sekander_1_1_game_world_1a8b5e8a9e12e49fcd66361a83837c2b30" compoundref="d4/db1/_game_world_8hpp" startline="48">counter</references>
        <referencedby refid="d1/da1/class_sekander_1_1_main___player_1a6fa31e322512055913aa49032761f2c6" compoundref="d0/db2/_main___player_8cpp" startline="147" endline="314">Sekander::Main_Player::Shooting</referencedby>
      </memberdef>
      <memberdef kind="function" id="d4/d74/class_sekander_1_1_game_world_1a543c52aad77747a2f34b5927041ac905" prot="public" static="no" const="no" explicit="no" inline="no" virt="non-virtual">
        <type>bool</type>
        <definition>bool Sekander::GameWorld::pressure_sensitive_KEY_PRESS</definition>
        <argsstring>(sf::Keyboard::Key)</argsstring>
        <name>pressure_sensitive_KEY_PRESS</name>
        <param>
          <type>sf::Keyboard::Key</type>
          <defname>key</defname>
        </param>
        <briefdescription>
        </briefdescription>
        <detaileddescription>
        </detaileddescription>
        <inbodydescription>
        </inbodydescription>
        <location file="GameWorld.hpp" line="40" column="6" bodyfile="GameWorld.cpp" bodystart="286" bodyend="366"/>
        <references refid="d4/d74/class_sekander_1_1_game_world_1a0253519bdc4bb36ae9b1c835ecdcedc6" compoundref="d4/db1/_game_world_8hpp" startline="49">input_counter</references>
      </memberdef>
      <memberdef kind="function" id="d4/d74/class_sekander_1_1_game_world_1a658b6f36a3476b2b8ef0f69a2f0ceac3" prot="public" static="no" const="no" explicit="no" inline="yes" virt="non-virtual">
        <type>void</type>
        <definition>void Sekander::GameWorld::StartAnimation</definition>
        <argsstring>()</argsstring>
        <name>StartAnimation</name>
        <briefdescription>
        </briefdescription>
        <detaileddescription>
        </detaileddescription>
        <inbodydescription>
        </inbodydescription>
        <location file="GameWorld.hpp" line="42" column="6" bodyfile="GameWorld.hpp" bodystart="42" bodyend="42"/>
        <references refid="df/d44/_d_e_f_i_n_i_t_i_o_n_s_8hpp_1ad06cf05af0fa05c51ff78ac4b853293e" compoundref="df/d44/_d_e_f_i_n_i_t_i_o_n_s_8hpp" startline="60">BIRD_STATE_FLYING</references>
      </memberdef>
      <memberdef kind="function" id="d4/d74/class_sekander_1_1_game_world_1a1a6c95bf62b4ebb4a9269ebe4ef8ec8b" prot="public" static="no" const="no" explicit="no" inline="yes" virt="non-virtual">
        <type>void</type>
        <definition>void Sekander::GameWorld::StopAnimation</definition>
        <argsstring>()</argsstring>
        <name>StopAnimation</name>
        <briefdescription>
        </briefdescription>
        <detaileddescription>
        </detaileddescription>
        <inbodydescription>
        </inbodydescription>
        <location file="GameWorld.hpp" line="43" column="6" bodyfile="GameWorld.hpp" bodystart="43" bodyend="43"/>
        <references refid="df/d44/_d_e_f_i_n_i_t_i_o_n_s_8hpp_1a0bb93e4bcc4fa20ae7420e2e431eaa31" compoundref="df/d44/_d_e_f_i_n_i_t_i_o_n_s_8hpp" startline="58">BIRD_STATE_STILL</references>
      </memberdef>
      <memberdef kind="function" id="d4/d74/class_sekander_1_1_game_world_1a38ce97f68d23c6592bc84971db21354f" prot="public" static="no" const="no" explicit="no" inline="yes" virt="non-virtual">
        <type>void</type>
        <definition>void Sekander::GameWorld::SetPlayerState</definition>
        <argsstring>(int playerState)</argsstring>
        <name>SetPlayerState</name>
        <param>
          <type>int</type>
          <declname>playerState</declname>
        </param>
        <briefdescription>
        </briefdescription>
        <detaileddescription>
        </detaileddescription>
        <inbodydescription>
        </inbodydescription>
        <location file="GameWorld.hpp" line="44" column="6" bodyfile="GameWorld.hpp" bodystart="44" bodyend="44"/>
      </memberdef>
      <memberdef kind="function" id="d4/d74/class_sekander_1_1_game_world_1ac8b727f77781b0ebeafb3b541bf17a67" prot="public" static="no" const="yes" explicit="no" inline="no" virt="non-virtual">
        <type>const sf::Sprite &amp;</type>
        <definition>const sf::Sprite &amp; Sekander::GameWorld::GetSprite</definition>
        <argsstring>() const</argsstring>
        <name>GetSprite</name>
        <briefdescription>
        </briefdescription>
        <detaileddescription>
        </detaileddescription>
        <inbodydescription>
        </inbodydescription>
        <location file="GameWorld.hpp" line="45" column="18" bodyfile="GameWorld.cpp" bodystart="551" bodyend="554"/>
        <referencedby refid="d4/d74/class_sekander_1_1_game_world_1a060069f1527245efc49cc4bae9306c8d" compoundref="d4/db1/_game_world_8hpp" startline="58" endline="60">return_entity_rect</referencedby>
      </memberdef>
      <memberdef kind="function" id="d4/d74/class_sekander_1_1_game_world_1a8b21f915363199319728a893715d684d" prot="public" static="no" const="no" explicit="no" inline="yes" virt="non-virtual">
        <type><ref refid="d8/d6a/namespace_sekander_1a1d69b002ba2d23020901c28f0def5e16" kindref="member">GameDataRef</ref> &amp;</type>
        <definition>GameDataRef &amp; Sekander::GameWorld::retrieveData</definition>
        <argsstring>()</argsstring>
        <name>retrieveData</name>
        <briefdescription>
        </briefdescription>
        <detaileddescription>
        </detaileddescription>
        <inbodydescription>
        </inbodydescription>
        <location file="GameWorld.hpp" line="53" column="13" bodyfile="GameWorld.hpp" bodystart="53" bodyend="53"/>
      </memberdef>
      <memberdef kind="function" id="d4/d74/class_sekander_1_1_game_world_1aaa990ab4fb0cc708a7f12ec798ba90ef" prot="public" static="no" const="no" explicit="no" inline="yes" virt="non-virtual">
        <type>void</type>
        <definition>void Sekander::GameWorld::Set_Y_Frame</definition>
        <argsstring>(int change_Frame)</argsstring>
        <name>Set_Y_Frame</name>
        <param>
          <type>int</type>
          <declname>change_Frame</declname>
        </param>
        <briefdescription>
        </briefdescription>
        <detaileddescription>
        </detaileddescription>
        <inbodydescription>
        </inbodydescription>
        <location file="GameWorld.hpp" line="55" column="6" bodyfile="GameWorld.hpp" bodystart="55" bodyend="55"/>
      </memberdef>
      <memberdef kind="function" id="d4/d74/class_sekander_1_1_game_world_1a060069f1527245efc49cc4bae9306c8d" prot="public" static="no" const="no" explicit="no" inline="yes" virt="non-virtual">
        <type>sf::IntRect</type>
        <definition>sf::IntRect Sekander::GameWorld::return_entity_rect</definition>
        <argsstring>()</argsstring>
        <name>return_entity_rect</name>
        <briefdescription>
        </briefdescription>
        <detaileddescription>
        </detaileddescription>
        <inbodydescription>
        </inbodydescription>
        <location file="GameWorld.hpp" line="58" column="13" bodyfile="GameWorld.hpp" bodystart="58" bodyend="60"/>
        <references refid="d4/d74/class_sekander_1_1_game_world_1ac8b727f77781b0ebeafb3b541bf17a67" compoundref="db/d7a/_game_world_8cpp" startline="551" endline="554">GetSprite</references>
      </memberdef>
      </sectiondef>
    <briefdescription>
    </briefdescription>
    <detaileddescription>
    </detaileddescription>
    <inheritancegraph>
      <node id="2">
        <label>Sekander::Bullet</label>
        <link refid="da/d68/class_sekander_1_1_bullet"/>
        <childnode refid="1" relation="private-inheritance">
        </childnode>
      </node>
      <node id="3">
        <label>Sekander::Enemy</label>
        <link refid="d4/d7c/class_sekander_1_1_enemy"/>
        <childnode refid="1" relation="public-inheritance">
        </childnode>
      </node>
      <node id="1">
        <label>Sekander::GameWorld</label>
        <link refid="d4/d74/class_sekander_1_1_game_world"/>
      </node>
      <node id="4">
        <label>Sekander::Gun</label>
        <link refid="d1/d17/class_sekander_1_1_gun"/>
        <childnode refid="1" relation="private-inheritance">
        </childnode>
      </node>
      <node id="5">
        <label>Sekander::Main_Player</label>
        <link refid="d1/da1/class_sekander_1_1_main___player"/>
        <childnode refid="1" relation="public-inheritance">
        </childnode>
      </node>
    </inheritancegraph>
    <collaborationgraph>
      <node id="1">
        <label>Sekander::GameWorld</label>
        <link refid="d4/d74/class_sekander_1_1_game_world"/>
      </node>
    </collaborationgraph>
    <location file="GameWorld.hpp" line="11" column="1" bodyfile="GameWorld.hpp" bodystart="12" bodyend="100"/>
    <listofallmembers>
      <member refid="d4/d74/class_sekander_1_1_game_world_1a5893d4895ff1674d8681216ed8ad7258" prot="private" virt="non-virtual"><scope>Sekander::GameWorld</scope><name>_animationIterator</name></member>
      <member refid="d4/d74/class_sekander_1_1_game_world_1a825ceb9a0d457b4a8e75d16094ee1c8b" prot="private" virt="non-virtual"><scope>Sekander::GameWorld</scope><name>_clock</name></member>
      <member refid="d4/d74/class_sekander_1_1_game_world_1af884f2489e4a94f95679906932bc0119" prot="private" virt="non-virtual"><scope>Sekander::GameWorld</scope><name>_data</name></member>
      <member refid="d4/d74/class_sekander_1_1_game_world_1ace73eff11891a3cbfce71ec1de85f8eb" prot="private" virt="non-virtual"><scope>Sekander::GameWorld</scope><name>_key</name></member>
      <member refid="d4/d74/class_sekander_1_1_game_world_1abd93d7c6c2b733c5d0a78ea051886fe9" prot="private" virt="non-virtual"><scope>Sekander::GameWorld</scope><name>_playerRect</name></member>
      <member refid="d4/d74/class_sekander_1_1_game_world_1ab15d5f24af33963d1508f31a9b8cb49e" prot="private" virt="non-virtual"><scope>Sekander::GameWorld</scope><name>_playerSprite</name></member>
      <member refid="d4/d74/class_sekander_1_1_game_world_1a76785ebd5e10d598db14dd1a338172bd" prot="private" virt="non-virtual"><scope>Sekander::GameWorld</scope><name>_playerState</name></member>
      <member refid="d4/d74/class_sekander_1_1_game_world_1af8466397055debb51fbdd1c2808af51f" prot="private" virt="non-virtual"><scope>Sekander::GameWorld</scope><name>_sprite_HEIGHT</name></member>
      <member refid="d4/d74/class_sekander_1_1_game_world_1ae71b1a8c967f13881b54f2fee9d3ce3e" prot="private" virt="non-virtual"><scope>Sekander::GameWorld</scope><name>_sprite_WIDTH</name></member>
      <member refid="d4/d74/class_sekander_1_1_game_world_1a7aa72bbfd5f1b4f7ab04c819b815f7be" prot="private" virt="non-virtual"><scope>Sekander::GameWorld</scope><name>_sprite_X_FRAMES</name></member>
      <member refid="d4/d74/class_sekander_1_1_game_world_1a3b4e98fc1c72a8d126f58fc1d65267bf" prot="private" virt="non-virtual"><scope>Sekander::GameWorld</scope><name>_sprite_X_POS</name></member>
      <member refid="d4/d74/class_sekander_1_1_game_world_1a55975c2cb042a079708c204ff24695d6" prot="private" virt="non-virtual"><scope>Sekander::GameWorld</scope><name>_sprite_Y_FRAMES</name></member>
      <member refid="d4/d74/class_sekander_1_1_game_world_1ac9cee04f7adc8cca928b1fb166c2bac5" prot="private" virt="non-virtual"><scope>Sekander::GameWorld</scope><name>_sprite_Y_POS</name></member>
      <member refid="d4/d74/class_sekander_1_1_game_world_1ad5c3fd7f0c1347d393df075cea46177e" prot="public" virt="non-virtual"><scope>Sekander::GameWorld</scope><name>Animate</name></member>
      <member refid="d4/d74/class_sekander_1_1_game_world_1aa736a4234102bbdbc87dbeb8726d2ce8" prot="public" virt="non-virtual"><scope>Sekander::GameWorld</scope><name>Animate</name></member>
      <member refid="d4/d74/class_sekander_1_1_game_world_1ad95a5d205f8b25013916ceec88710042" prot="private" virt="non-virtual"><scope>Sekander::GameWorld</scope><name>bullet</name></member>
      <member refid="d4/d74/class_sekander_1_1_game_world_1a0d0376040dc0171aecdbb5b618741b8b" prot="public" virt="non-virtual"><scope>Sekander::GameWorld</scope><name>checkKEYPRESS</name></member>
      <member refid="d4/d74/class_sekander_1_1_game_world_1a8b5e8a9e12e49fcd66361a83837c2b30" prot="public" virt="non-virtual"><scope>Sekander::GameWorld</scope><name>counter</name></member>
      <member refid="d4/d74/class_sekander_1_1_game_world_1aefbdb2473bee50c10a5380e7a6892a60" prot="public" virt="non-virtual"><scope>Sekander::GameWorld</scope><name>Draw</name></member>
      <member refid="d4/d74/class_sekander_1_1_game_world_1ae9290e904834fca5fa209a6bddb53bd6" prot="private" virt="non-virtual"><scope>Sekander::GameWorld</scope><name>enemy</name></member>
      <member refid="d4/d74/class_sekander_1_1_game_world_1a9267f9cb0e1678b46196ab8bef1de654" prot="private" virt="non-virtual"><scope>Sekander::GameWorld</scope><name>floor</name></member>
      <member refid="d4/d74/class_sekander_1_1_game_world_1a4eba015ae47c7e54c545a874906be1c1" prot="public" virt="non-virtual"><scope>Sekander::GameWorld</scope><name>GameWorld</name></member>
      <member refid="d4/d74/class_sekander_1_1_game_world_1a3d57a6627443dcb871f2cc44dd8c5be6" prot="public" virt="non-virtual"><scope>Sekander::GameWorld</scope><name>GameWorld</name></member>
      <member refid="d4/d74/class_sekander_1_1_game_world_1a7e626b7986bea0d59a262aac5f47f0cd" prot="public" virt="non-virtual"><scope>Sekander::GameWorld</scope><name>GameWorld</name></member>
      <member refid="d4/d74/class_sekander_1_1_game_world_1ac8b727f77781b0ebeafb3b541bf17a67" prot="public" virt="non-virtual"><scope>Sekander::GameWorld</scope><name>GetSprite</name></member>
      <member refid="d4/d74/class_sekander_1_1_game_world_1a0253519bdc4bb36ae9b1c835ecdcedc6" prot="public" virt="non-virtual"><scope>Sekander::GameWorld</scope><name>input_counter</name></member>
      <member refid="d4/d74/class_sekander_1_1_game_world_1a59be267007f51217d7f9739029e966cd" prot="public" virt="non-virtual"><scope>Sekander::GameWorld</scope><name>is_key_pressed</name></member>
      <member refid="d4/d74/class_sekander_1_1_game_world_1a2392a1e2b5d6ff4fb352144bf426ae45" prot="public" virt="non-virtual"><scope>Sekander::GameWorld</scope><name>m_In_the_Air</name></member>
      <member refid="d4/d74/class_sekander_1_1_game_world_1ad6495d2d0423201c931a147682104417" prot="public" virt="non-virtual"><scope>Sekander::GameWorld</scope><name>m_OnFloor</name></member>
      <member refid="d4/d74/class_sekander_1_1_game_world_1a2ceefac22fc6906e1522abf7ca0be576" prot="private" virt="non-virtual"><scope>Sekander::GameWorld</scope><name>player</name></member>
      <member refid="d4/d74/class_sekander_1_1_game_world_1a3efbbb851ccda6cc754ae5a567a6215a" prot="private" virt="non-virtual"><scope>Sekander::GameWorld</scope><name>poly</name></member>
      <member refid="d4/d74/class_sekander_1_1_game_world_1a0797c51490bfc5a53b8effac8f195a65" prot="private" virt="non-virtual"><scope>Sekander::GameWorld</scope><name>polygonShape</name></member>
      <member refid="d4/d74/class_sekander_1_1_game_world_1a543c52aad77747a2f34b5927041ac905" prot="public" virt="non-virtual"><scope>Sekander::GameWorld</scope><name>pressure_sensitive_KEY_PRESS</name></member>
      <member refid="d4/d74/class_sekander_1_1_game_world_1a8b21f915363199319728a893715d684d" prot="public" virt="non-virtual"><scope>Sekander::GameWorld</scope><name>retrieveData</name></member>
      <member refid="d4/d74/class_sekander_1_1_game_world_1a060069f1527245efc49cc4bae9306c8d" prot="public" virt="non-virtual"><scope>Sekander::GameWorld</scope><name>return_entity_rect</name></member>
      <member refid="d4/d74/class_sekander_1_1_game_world_1aaa990ab4fb0cc708a7f12ec798ba90ef" prot="public" virt="non-virtual"><scope>Sekander::GameWorld</scope><name>Set_Y_Frame</name></member>
      <member refid="d4/d74/class_sekander_1_1_game_world_1a38ce97f68d23c6592bc84971db21354f" prot="public" virt="non-virtual"><scope>Sekander::GameWorld</scope><name>SetPlayerState</name></member>
      <member refid="d4/d74/class_sekander_1_1_game_world_1a2a23ea4e9dce3bdeee4ce38e2a8a7122" prot="private" virt="non-virtual"><scope>Sekander::GameWorld</scope><name>source</name></member>
      <member refid="d4/d74/class_sekander_1_1_game_world_1a658b6f36a3476b2b8ef0f69a2f0ceac3" prot="public" virt="non-virtual"><scope>Sekander::GameWorld</scope><name>StartAnimation</name></member>
      <member refid="d4/d74/class_sekander_1_1_game_world_1a1a6c95bf62b4ebb4a9269ebe4ef8ec8b" prot="public" virt="non-virtual"><scope>Sekander::GameWorld</scope><name>StopAnimation</name></member>
      <member refid="d4/d74/class_sekander_1_1_game_world_1a827c7077336d604dd4854196cc6be334" prot="public" virt="non-virtual"><scope>Sekander::GameWorld</scope><name>Update</name></member>
      <member refid="d4/d74/class_sekander_1_1_game_world_1a0a67f9a7d37aa2aaa03e1a66a46119e8" prot="private" virt="non-virtual"><scope>Sekander::GameWorld</scope><name>wall</name></member>
    </listofallmembers>
  </compounddef>
</doxygen>
