<?xml version='1.0' encoding='UTF-8' standalone='no'?>
<doxygen xmlns:xsi="http://www.w3.org/2001/XMLSchema-instance" xsi:noNamespaceSchemaLocation="compound.xsd" version="1.9.2" xml:lang="en-US">
  <compounddef id="d1/d76/_splash_state_8hpp" kind="file" language="C++">
    <compoundname>SplashState.hpp</compoundname>
    <includes local="no">SFML/Graphics.hpp</includes>
    <includes local="no">SFML/Audio.hpp</includes>
    <includes refid="d5/d5d/_state_8hpp" local="yes">State.hpp</includes>
    <includes refid="d2/d07/_game_8hpp" local="yes">Game.hpp</includes>
    <includes refid="db/db5/_loading_game_objects_8hpp" local="yes">LoadingGameObjects.hpp</includes>
    <includes local="no">complex</includes>
    <includes local="no">cmath</includes>
    <includedby refid="d7/db5/_game_8cpp" local="yes">Game.cpp</includedby>
    <includedby refid="da/dfb/_splash_state_8cpp" local="yes">SplashState.cpp</includedby>
    <incdepgraph>
      <node id="10">
        <label>AssetManager.hpp</label>
        <link refid="d2/d03/_asset_manager_8hpp"/>
        <childnode refid="11" relation="include">
        </childnode>
        <childnode refid="2" relation="include">
        </childnode>
      </node>
      <node id="23">
        <label>Bullet.hpp</label>
        <link refid="d6/d65/_bullet_8hpp"/>
        <childnode refid="22" relation="include">
        </childnode>
        <childnode refid="18" relation="include">
        </childnode>
      </node>
      <node id="20">
        <label>DEFINITIONS.hpp</label>
        <link refid="df/d44/_d_e_f_i_n_i_t_i_o_n_s_8hpp"/>
      </node>
      <node id="28">
        <label>Enemy.hpp</label>
        <link refid="da/dda/_enemy_8hpp"/>
        <childnode refid="22" relation="include">
        </childnode>
        <childnode refid="18" relation="include">
        </childnode>
        <childnode refid="25" relation="include">
        </childnode>
        <childnode refid="24" relation="include">
        </childnode>
        <childnode refid="23" relation="include">
        </childnode>
      </node>
      <node id="5">
        <label>Game.hpp</label>
        <link refid="d2/d07/_game_8hpp"/>
        <childnode refid="6" relation="include">
        </childnode>
        <childnode refid="7" relation="include">
        </childnode>
        <childnode refid="2" relation="include">
        </childnode>
        <childnode refid="8" relation="include">
        </childnode>
        <childnode refid="10" relation="include">
        </childnode>
        <childnode refid="12" relation="include">
        </childnode>
        <childnode refid="13" relation="include">
        </childnode>
      </node>
      <node id="22">
        <label>GameWorld.hpp</label>
        <link refid="d4/db1/_game_world_8hpp"/>
        <childnode refid="2" relation="include">
        </childnode>
        <childnode refid="20" relation="include">
        </childnode>
        <childnode refid="5" relation="include">
        </childnode>
        <childnode refid="13" relation="include">
        </childnode>
        <childnode refid="15" relation="include">
        </childnode>
      </node>
      <node id="24">
        <label>Gun.hpp</label>
        <link refid="d0/d06/_gun_8hpp"/>
        <childnode refid="22" relation="include">
        </childnode>
        <childnode refid="23" relation="include">
        </childnode>
        <childnode refid="18" relation="include">
        </childnode>
      </node>
      <node id="12">
        <label>InputManager.hpp</label>
        <link refid="dc/d9f/_input_manager_8hpp"/>
        <childnode refid="2" relation="include">
        </childnode>
      </node>
      <node id="19">
        <label>LoadingGameObjects.hpp</label>
        <link refid="db/db5/_loading_game_objects_8hpp"/>
        <childnode refid="2" relation="include">
        </childnode>
        <childnode refid="20" relation="include">
        </childnode>
        <childnode refid="5" relation="include">
        </childnode>
        <childnode refid="21" relation="include">
        </childnode>
        <childnode refid="23" relation="include">
        </childnode>
        <childnode refid="28" relation="include">
        </childnode>
        <childnode refid="29" relation="include">
        </childnode>
      </node>
      <node id="21">
        <label>Main_Player.hpp</label>
        <link refid="dc/dea/_main___player_8hpp"/>
        <childnode refid="22" relation="include">
        </childnode>
        <childnode refid="23" relation="include">
        </childnode>
        <childnode refid="24" relation="include">
        </childnode>
        <childnode refid="18" relation="include">
        </childnode>
        <childnode refid="25" relation="include">
        </childnode>
        <childnode refid="26" relation="include">
        </childnode>
        <childnode refid="27" relation="include">
        </childnode>
      </node>
      <node id="1">
        <label>SplashState.hpp</label>
        <link refid="d1/d76/_splash_state_8hpp"/>
        <childnode refid="2" relation="include">
        </childnode>
        <childnode refid="3" relation="include">
        </childnode>
        <childnode refid="4" relation="include">
        </childnode>
        <childnode refid="5" relation="include">
        </childnode>
        <childnode refid="19" relation="include">
        </childnode>
        <childnode refid="30" relation="include">
        </childnode>
        <childnode refid="31" relation="include">
        </childnode>
      </node>
      <node id="4">
        <label>State.hpp</label>
        <link refid="d5/d5d/_state_8hpp"/>
      </node>
      <node id="8">
        <label>StateMachine.hpp</label>
        <link refid="d8/d91/_state_machine_8hpp"/>
        <childnode refid="6" relation="include">
        </childnode>
        <childnode refid="9" relation="include">
        </childnode>
        <childnode refid="4" relation="include">
        </childnode>
      </node>
      <node id="17">
        <label>entity.h</label>
        <link refid="d8/d83/entity_8h"/>
        <childnode refid="2" relation="include">
        </childnode>
        <childnode refid="7" relation="include">
        </childnode>
        <childnode refid="16" relation="include">
        </childnode>
        <childnode refid="18" relation="include">
        </childnode>
      </node>
      <node id="13">
        <label>entity_manager.h</label>
        <link refid="df/d8c/entity__manager_8h"/>
        <childnode refid="14" relation="include">
        </childnode>
        <childnode refid="15" relation="include">
        </childnode>
        <childnode refid="16" relation="include">
        </childnode>
        <childnode refid="17" relation="include">
        </childnode>
      </node>
      <node id="3">
        <label>SFML/Audio.hpp</label>
      </node>
      <node id="2">
        <label>SFML/Graphics.hpp</label>
      </node>
      <node id="16">
        <label>box2d/box2d.h</label>
      </node>
      <node id="31">
        <label>cmath</label>
      </node>
      <node id="30">
        <label>complex</label>
      </node>
      <node id="18">
        <label>iostream</label>
      </node>
      <node id="11">
        <label>map</label>
      </node>
      <node id="6">
        <label>memory</label>
      </node>
      <node id="9">
        <label>stack</label>
      </node>
      <node id="25">
        <label>stdlib.h</label>
      </node>
      <node id="7">
        <label>string</label>
      </node>
      <node id="26">
        <label>time.h</label>
      </node>
      <node id="29">
        <label>tinyxml.h</label>
      </node>
      <node id="27">
        <label>unistd.h</label>
      </node>
      <node id="14">
        <label>unordered_map</label>
      </node>
      <node id="15">
        <label>vector</label>
      </node>
    </incdepgraph>
    <invincdepgraph>
      <node id="2">
        <label>Game.cpp</label>
        <link refid="d7/db5/_game_8cpp"/>
      </node>
      <node id="3">
        <label>SplashState.cpp</label>
        <link refid="da/dfb/_splash_state_8cpp"/>
      </node>
      <node id="1">
        <label>SplashState.hpp</label>
        <link refid="d1/d76/_splash_state_8hpp"/>
        <childnode refid="2" relation="include">
        </childnode>
        <childnode refid="3" relation="include">
        </childnode>
      </node>
    </invincdepgraph>
    <innerclass refid="db/da4/class_sekander_1_1_splash_state" prot="public">Sekander::SplashState</innerclass>
    <innernamespace refid="d8/d6a/namespace_sekander">Sekander</innernamespace>
    <briefdescription>
    </briefdescription>
    <detaileddescription>
    </detaileddescription>
    <programlisting>
<codeline lineno="1"><highlight class="preprocessor">#pragma<sp/>once</highlight><highlight class="normal"></highlight></codeline>
<codeline lineno="2"><highlight class="normal"></highlight></codeline>
<codeline lineno="3"><highlight class="normal"></highlight><highlight class="preprocessor">#include<sp/>&lt;SFML/Graphics.hpp&gt;</highlight><highlight class="normal"></highlight></codeline>
<codeline lineno="4"><highlight class="normal"></highlight><highlight class="preprocessor">#include<sp/>&lt;SFML/Audio.hpp&gt;</highlight><highlight class="normal"></highlight></codeline>
<codeline lineno="5"><highlight class="normal"></highlight><highlight class="preprocessor">#include<sp/>&quot;<ref refid="d5/d5d/_state_8hpp" kindref="compound">State.hpp</ref>&quot;</highlight><highlight class="normal"></highlight></codeline>
<codeline lineno="6"><highlight class="normal"></highlight><highlight class="preprocessor">#include<sp/>&quot;<ref refid="d2/d07/_game_8hpp" kindref="compound">Game.hpp</ref>&quot;</highlight><highlight class="normal"></highlight></codeline>
<codeline lineno="7"><highlight class="normal"></highlight></codeline>
<codeline lineno="8"><highlight class="normal"></highlight></codeline>
<codeline lineno="9"><highlight class="normal"></highlight><highlight class="preprocessor">#include<sp/>&quot;<ref refid="db/db5/_loading_game_objects_8hpp" kindref="compound">LoadingGameObjects.hpp</ref>&quot;</highlight><highlight class="normal"></highlight></codeline>
<codeline lineno="10"><highlight class="normal"></highlight></codeline>
<codeline lineno="11"><highlight class="normal"></highlight></codeline>
<codeline lineno="12"><highlight class="normal"></highlight><highlight class="preprocessor">#include<sp/>&lt;complex&gt;</highlight><highlight class="normal"></highlight></codeline>
<codeline lineno="13"><highlight class="normal"></highlight><highlight class="preprocessor">#include<sp/>&lt;cmath&gt;</highlight><highlight class="normal"></highlight></codeline>
<codeline lineno="14"><highlight class="normal"></highlight></codeline>
<codeline lineno="15"><highlight class="normal"></highlight></codeline>
<codeline lineno="16"><highlight class="normal"></highlight></codeline>
<codeline lineno="17"><highlight class="normal"></highlight><highlight class="keyword">namespace<sp/></highlight><highlight class="normal"><ref refid="d8/d6a/namespace_sekander" kindref="compound">Sekander</ref><sp/></highlight></codeline>
<codeline lineno="18"><highlight class="normal">{</highlight></codeline>
<codeline lineno="19" refid="db/da4/class_sekander_1_1_splash_state" refkind="compound"><highlight class="normal"><sp/><sp/><sp/><sp/></highlight><highlight class="keyword">class<sp/></highlight><highlight class="normal"><ref refid="db/da4/class_sekander_1_1_splash_state" kindref="compound">SplashState</ref><sp/>:<sp/></highlight><highlight class="keyword">public</highlight><highlight class="normal"><sp/><ref refid="dc/df0/class_sekander_1_1_state" kindref="compound">State</ref></highlight></codeline>
<codeline lineno="20"><highlight class="normal"><sp/><sp/><sp/><sp/>{</highlight></codeline>
<codeline lineno="21"><highlight class="normal"><sp/><sp/><sp/><sp/></highlight><highlight class="keyword">public</highlight><highlight class="normal">:</highlight></codeline>
<codeline lineno="22"><highlight class="normal"><sp/><sp/><sp/><sp/><sp/><sp/><sp/><sp/><ref refid="db/da4/class_sekander_1_1_splash_state_1ae341ef8552453a1d343dcad68de101b5" kindref="member">SplashState</ref>(<ref refid="d8/d6a/namespace_sekander_1a1d69b002ba2d23020901c28f0def5e16" kindref="member">GameDataRef</ref><sp/>data);</highlight></codeline>
<codeline lineno="23"><highlight class="normal"><sp/><sp/><sp/><sp/><sp/><sp/><sp/><sp/><ref refid="db/da4/class_sekander_1_1_splash_state_1ae341ef8552453a1d343dcad68de101b5" kindref="member">SplashState</ref>(<ref refid="d8/d6a/namespace_sekander_1a1d69b002ba2d23020901c28f0def5e16" kindref="member">GameDataRef</ref><sp/>data,<sp/></highlight><highlight class="keyword">const</highlight><highlight class="normal"><sp/></highlight><highlight class="keywordtype">char</highlight><highlight class="normal">*<sp/>xml_DOC)<sp/>;</highlight></codeline>
<codeline lineno="24"><highlight class="normal"></highlight></codeline>
<codeline lineno="25"><highlight class="normal"><sp/><sp/><sp/><sp/><sp/><sp/><sp/><sp/></highlight><highlight class="keywordtype">void</highlight><highlight class="normal"><sp/><ref refid="db/da4/class_sekander_1_1_splash_state_1adefc71fa2623180deda8391d4e64b04c" kindref="member">Init</ref>();</highlight></codeline>
<codeline lineno="26"><highlight class="normal"></highlight></codeline>
<codeline lineno="27"><highlight class="normal"><sp/><sp/><sp/><sp/><sp/><sp/><sp/><sp/></highlight><highlight class="keywordtype">void</highlight><highlight class="normal"><sp/><ref refid="db/da4/class_sekander_1_1_splash_state_1a70b45699149208c755d95d1ef3bdb202" kindref="member">HandleInput</ref>();</highlight></codeline>
<codeline lineno="28"><highlight class="normal"><sp/><sp/><sp/><sp/><sp/><sp/><sp/><sp/></highlight><highlight class="keywordtype">void</highlight><highlight class="normal"><sp/><ref refid="db/da4/class_sekander_1_1_splash_state_1ac7121b90b97b7d9cdb5774bdc0c6cc2d" kindref="member">Update</ref>(</highlight><highlight class="keywordtype">float</highlight><highlight class="normal"><sp/>dt);</highlight></codeline>
<codeline lineno="29"><highlight class="normal"><sp/><sp/><sp/><sp/><sp/><sp/><sp/><sp/></highlight><highlight class="keywordtype">void</highlight><highlight class="normal"><sp/><ref refid="db/da4/class_sekander_1_1_splash_state_1ad372f3712cd5d3207e44a50dc70bed46" kindref="member">Draw</ref>(</highlight><highlight class="keywordtype">float</highlight><highlight class="normal"><sp/>dt);</highlight></codeline>
<codeline lineno="30"><highlight class="normal"></highlight></codeline>
<codeline lineno="31"><highlight class="normal"><sp/><sp/><sp/><sp/></highlight><highlight class="keyword">private</highlight><highlight class="normal">:</highlight></codeline>
<codeline lineno="32"><highlight class="normal"><sp/><sp/><sp/><sp/><sp/><sp/><sp/><sp/><ref refid="d8/d6a/namespace_sekander_1a1d69b002ba2d23020901c28f0def5e16" kindref="member">GameDataRef</ref><sp/>_data;</highlight></codeline>
<codeline lineno="33"><highlight class="normal"><sp/><sp/><sp/><sp/><sp/><sp/><sp/><sp/></highlight><highlight class="keyword">const</highlight><highlight class="normal"><sp/></highlight><highlight class="keywordtype">char</highlight><highlight class="normal">*<sp/>_xml_DOC;</highlight></codeline>
<codeline lineno="34"><highlight class="normal"></highlight></codeline>
<codeline lineno="35"><highlight class="normal"><sp/><sp/><sp/><sp/><sp/><sp/><sp/><sp/>sf::Clock<sp/>_clock;</highlight></codeline>
<codeline lineno="36"><highlight class="normal"></highlight></codeline>
<codeline lineno="37"><highlight class="normal"><sp/><sp/><sp/><sp/><sp/><sp/><sp/><sp/>sf::Sprite<sp/>_background;</highlight></codeline>
<codeline lineno="38"><highlight class="normal"></highlight></codeline>
<codeline lineno="39"><highlight class="normal"></highlight></codeline>
<codeline lineno="40"><highlight class="normal"><sp/><sp/><sp/><sp/><sp/><sp/><sp/><sp/><ref refid="db/d78/class_sekander_1_1_loading_game_objects" kindref="compound">LoadingGameObjects</ref><sp/>*ld;</highlight></codeline>
<codeline lineno="41"><highlight class="normal"><sp/><sp/><sp/><sp/><sp/><sp/><sp/><sp/>sf::SoundBuffer<sp/>buffer;</highlight></codeline>
<codeline lineno="42"><highlight class="normal"><sp/><sp/><sp/><sp/><sp/><sp/><sp/><sp/>sf::Sound<sp/>sound;</highlight></codeline>
<codeline lineno="43"><highlight class="normal"></highlight></codeline>
<codeline lineno="44"><highlight class="normal"></highlight></codeline>
<codeline lineno="45"><highlight class="normal"><sp/><sp/><sp/><sp/><sp/><sp/><sp/><sp/>sf::RectangleShape<sp/>window_rec;</highlight></codeline>
<codeline lineno="46"><highlight class="normal"><sp/><sp/><sp/><sp/><sp/><sp/><sp/><sp/>sf::RectangleShape<sp/>window_rec2;</highlight></codeline>
<codeline lineno="47"><highlight class="normal"><sp/><sp/><sp/><sp/><sp/><sp/><sp/><sp/></highlight><highlight class="keywordtype">int</highlight><highlight class="normal"><sp/>r<sp/>=<sp/>100;</highlight></codeline>
<codeline lineno="48"><highlight class="normal"><sp/><sp/><sp/><sp/><sp/><sp/><sp/><sp/></highlight><highlight class="keywordtype">int</highlight><highlight class="normal"><sp/>b<sp/>=<sp/>100;</highlight></codeline>
<codeline lineno="49"><highlight class="normal"><sp/><sp/><sp/><sp/><sp/><sp/><sp/><sp/></highlight><highlight class="keywordtype">int</highlight><highlight class="normal"><sp/>g<sp/>=<sp/>0;</highlight></codeline>
<codeline lineno="50"><highlight class="normal"><sp/><sp/><sp/><sp/><sp/><sp/><sp/><sp/></highlight><highlight class="keywordtype">int</highlight><highlight class="normal"><sp/>a<sp/>=<sp/>255;</highlight></codeline>
<codeline lineno="51"><highlight class="normal"><sp/><sp/><sp/><sp/><sp/><sp/><sp/><sp/></highlight><highlight class="keywordtype">int</highlight><highlight class="normal"><sp/>a_b<sp/>=<sp/>0;</highlight></codeline>
<codeline lineno="52"><highlight class="normal"></highlight></codeline>
<codeline lineno="53"><highlight class="normal"></highlight></codeline>
<codeline lineno="54"><highlight class="normal"></highlight></codeline>
<codeline lineno="55"><highlight class="normal"><sp/><sp/><sp/><sp/><sp/><sp/><sp/><sp/></highlight><highlight class="keywordtype">double</highlight><highlight class="normal"><sp/>two_PI;</highlight></codeline>
<codeline lineno="56"><highlight class="normal"><sp/><sp/><sp/><sp/><sp/><sp/><sp/><sp/></highlight><highlight class="keywordtype">double</highlight><highlight class="normal"><sp/><sp/>amplitude<sp/>=<sp/>200;</highlight></codeline>
<codeline lineno="57"><highlight class="normal"><sp/><sp/><sp/><sp/><sp/><sp/><sp/><sp/></highlight><highlight class="keywordtype">int</highlight><highlight class="normal"><sp/>frequency<sp/>=<sp/>1;</highlight></codeline>
<codeline lineno="58"><highlight class="normal"><sp/><sp/><sp/><sp/><sp/><sp/><sp/><sp/></highlight><highlight class="keywordtype">int</highlight><highlight class="normal"><sp/>k<sp/>=<sp/>0;</highlight></codeline>
<codeline lineno="59"><highlight class="normal"></highlight></codeline>
<codeline lineno="60"><highlight class="normal"><sp/><sp/><sp/><sp/><sp/><sp/><sp/><sp/></highlight><highlight class="keywordtype">double</highlight><highlight class="normal"><sp/>y;</highlight></codeline>
<codeline lineno="61"><highlight class="normal"><sp/><sp/><sp/><sp/><sp/><sp/><sp/><sp/></highlight><highlight class="keywordtype">double</highlight><highlight class="normal"><sp/>x;</highlight></codeline>
<codeline lineno="62"><highlight class="normal"><sp/><sp/><sp/><sp/><sp/><sp/><sp/><sp/></highlight><highlight class="keywordtype">double</highlight><highlight class="normal"><sp/>h<sp/>=<sp/>1;</highlight></codeline>
<codeline lineno="63"><highlight class="normal"></highlight></codeline>
<codeline lineno="64"><highlight class="normal"></highlight></codeline>
<codeline lineno="65"><highlight class="normal"><sp/><sp/><sp/><sp/><sp/><sp/><sp/><sp/></highlight><highlight class="keywordtype">int</highlight><highlight class="normal"><sp/>n_point<sp/>=<sp/>1000;</highlight></codeline>
<codeline lineno="66"><highlight class="normal"></highlight></codeline>
<codeline lineno="67"><highlight class="normal"></highlight></codeline>
<codeline lineno="68"><highlight class="normal"></highlight></codeline>
<codeline lineno="69"><highlight class="normal"></highlight></codeline>
<codeline lineno="70"><highlight class="normal"></highlight></codeline>
<codeline lineno="71"><highlight class="normal"></highlight></codeline>
<codeline lineno="72"><highlight class="normal"></highlight></codeline>
<codeline lineno="73"><highlight class="normal"></highlight></codeline>
<codeline lineno="74"><highlight class="normal"></highlight></codeline>
<codeline lineno="75"><highlight class="normal"><sp/><sp/><sp/><sp/><sp/><sp/><sp/><sp/></highlight><highlight class="keywordtype">bool</highlight><highlight class="normal"><sp/>_max;</highlight></codeline>
<codeline lineno="76"><highlight class="normal"></highlight></codeline>
<codeline lineno="77"><highlight class="normal"><sp/><sp/><sp/><sp/>};</highlight></codeline>
<codeline lineno="78"><highlight class="normal">}</highlight></codeline>
    </programlisting>
    <location file="SplashState.hpp"/>
  </compounddef>
</doxygen>
